,file_path,modality,vocal_channel,emotion,emotion_code,intensity,statement,repetition,actor,gender,id,mfcc_0,mfcc_1,mfcc_2,mfcc_3,mfcc_4,mfcc_5,mfcc_6,mfcc_7,mfcc_8,mfcc_9,mfcc_10,mfcc_11,mfcc_12,mfcct_0,mfcct_1,mfcct_2,mfcct_3,mfcct_4,mfcct_5,mfcct_6,mfcct_7,mfcct_8,mfcct_9,mfcct_10,mfcct_11,mfcct_12,file
0,/Users/upendrasuryajonnalagadda/mindseye/Audio_Speech_Actors_01-24/Actor_16/03-01-05-01-02-01-16.wav,3,1,angry,5,1,2,1,16,female,03-01-05-01-02-01-16.wav,-542.2605,33.78299,-3.803622,3.0919855,-9.681706,-6.023739,-8.644806,-11.424565,-11.615021,-1.2892501,-7.2457585,-5.9468737,-3.1478207,-0.00028043668,-0.00039089925,-0.0003745175,-0.00034779205,-0.00031141134,-0.0002664645,-0.00021408578,-0.00015584957,-9.327951e-05,-2.8062854e-05,3.8045397e-05,0.000103343875,0.00016616224,03-01-05-01-02-01-16.wav
1,/Users/upendrasuryajonnalagadda/mindseye/Audio_Speech_Actors_01-24/Actor_16/03-01-06-01-02-02-16.wav,3,1,fearful,6,1,2,2,16,female,03-01-06-01-02-02-16.wav,-550.81915,37.23245,-5.966861,4.732355,-2.0085783,-9.404682,-14.451254,-14.265596,-8.414461,0.75880015,-12.590664,-7.83936,1.5324706,-2.794142e-05,-3.9410283e-05,-3.8800303e-05,-3.775064e-05,-3.636348e-05,-3.4604753e-05,-3.247447e-05,-2.9991199e-05,-2.7223066e-05,-2.4194842e-05,-2.0906522e-05,-1.7445776e-05,-1.3815892e-05,03-01-06-01-02-02-16.wav
2,/Users/upendrasuryajonnalagadda/mindseye/Audio_Speech_Actors_01-24/Actor_16/03-01-06-02-01-02-16.wav,3,1,fearful,6,2,1,2,16,female,03-01-06-02-01-02-16.wav,-390.477,18.890251,-27.031872,0.8723717,-9.466908,-16.579594,-13.888438,-13.2483225,-9.088617,-0.59835094,-14.074069,-2.6092675,9.437297,0.017518606,0.003848911,-0.012840117,0.002714856,0.009607789,-0.0005282526,-0.012254727,-0.013933834,0.0042459,0.009149427,-0.011581006,-0.0082623735,0.013371643,03-01-06-02-01-02-16.wav
3,/Users/upendrasuryajonnalagadda/mindseye/Audio_Speech_Actors_01-24/Actor_16/03-01-05-02-01-01-16.wav,3,1,angry,5,2,1,1,16,female,03-01-05-02-01-01-16.wav,-440.9078,33.383163,-8.692478,4.5283694,-10.455301,-11.298502,-4.23206,-10.755426,-9.554723,1.8070232,-9.219636,-3.2875636,-0.88363904,-0.0006438854,-0.00090026855,-0.00087090424,-0.000822533,-0.0007562859,-0.000673222,-0.0005749991,-0.00046351898,-0.0003409053,-0.00020945905,-7.167528e-05,6.977347e-05,0.00021233947,03-01-05-02-01-01-16.wav
4,/Users/upendrasuryajonnalagadda/mindseye/Audio_Speech_Actors_01-24/Actor_16/03-01-07-01-01-01-16.wav,3,1,disgust,7,1,1,1,16,female,03-01-07-01-01-01-16.wav,-625.4138,50.351124,-0.10346365,9.324964,-5.05266,-1.2022092,-9.441997,-10.114929,-6.7675557,0.7877248,-6.3939376,-5.310206,1.6811866,0.03674878,0.048863247,0.041429777,0.033721443,0.028589869,0.025622508,0.022123033,0.016084367,0.008408608,0.0024261563,0.0011450703,0.004572494,0.009400339,03-01-07-01-01-01-16.wav
5,/Users/upendrasuryajonnalagadda/mindseye/Audio_Speech_Actors_01-24/Actor_16/03-01-04-01-01-02-16.wav,3,1,sad,4,1,1,2,16,female,03-01-04-01-01-02-16.wav,-667.4001,59.642807,3.0316894,10.734395,-3.258639,-9.224376,-13.292101,-9.636475,-4.8399014,-2.5742586,-9.710683,-4.0401535,0.121355824,0.044410072,0.05821437,0.046788696,0.033925876,0.024385367,0.019352654,0.016397968,0.012142242,0.0053106416,-0.002303567,-0.007554224,-0.008676001,-0.00670057,03-01-04-01-01-02-16.wav
6,/Users/upendrasuryajonnalagadda/mindseye/Audio_Speech_Actors_01-24/Actor_16/03-01-04-02-02-02-16.wav,3,1,sad,4,2,2,2,16,female,03-01-04-02-02-02-16.wav,-595.4007,51.960415,-8.388944,7.897839,-0.44239664,-13.809476,-22.989067,-11.996376,-3.9496813,-1.8608876,-13.484977,-5.7325706,2.2063344,0.08944134,0.073622234,0.022997465,0.037405856,0.035485275,0.014753306,-0.0066783503,-0.015693719,0.0165036,0.024457423,-0.009415135,-0.00025206618,0.022485854,03-01-04-02-02-02-16.wav
7,/Users/upendrasuryajonnalagadda/mindseye/Audio_Speech_Actors_01-24/Actor_16/03-01-07-02-02-01-16.wav,3,1,disgust,7,2,2,1,16,female,03-01-07-02-02-01-16.wav,-573.01886,47.702213,8.315763,9.39464,-1.6831181,-8.62671,-12.220373,-11.266495,-10.968115,2.8155622,-12.174966,-5.5607405,-1.4223807,0.15090209,0.19186874,0.13819604,0.07560562,0.02160873,-0.019351352,-0.048520606,-0.06405949,-0.062438026,-0.045677535,-0.022839744,-0.0036445756,0.0072394256,03-01-07-02-02-01-16.wav
8,/Users/upendrasuryajonnalagadda/mindseye/Audio_Speech_Actors_01-24/Actor_16/03-01-08-02-02-01-16.wav,3,1,surprised,8,2,2,1,16,female,03-01-08-02-02-01-16.wav,-511.74347,39.926937,-10.429711,-0.11581168,-5.946579,-15.16559,-14.706603,-10.991037,-9.101171,-3.9145706,-11.386825,-2.6643353,-2.8705885,-0.008224487,-0.011485806,-0.011054324,-0.010350227,-0.009395314,-0.0082189385,-0.0068572154,-0.0053510293,-0.0037450418,-0.0020859705,-0.0004208676,0.001204534,0.0027472384,03-01-08-02-02-01-16.wav
9,/Users/upendrasuryajonnalagadda/mindseye/Audio_Speech_Actors_01-24/Actor_16/03-01-08-01-01-01-16.wav,3,1,surprised,8,1,1,1,16,female,03-01-08-01-01-01-16.wav,-610.3378,45.777775,-8.518453,4.789655,-5.6445065,-10.512264,-12.236601,-8.404195,-3.2949688,-3.00537,-10.023214,-1.8259985,-5.563401,0.010181701,0.01419182,0.013579512,0.012585216,0.011247049,0.009615717,0.0077510676,0.005717826,0.0035819882,0.0014080098,-0.0007421581,-0.0028104251,-0.004742772,03-01-08-01-01-01-16.wav
10,/Users/upendrasuryajonnalagadda/mindseye/Audio_Speech_Actors_01-24/Actor_16/03-01-03-02-02-02-16.wav,3,1,happy,3,2,2,2,16,female,03-01-03-02-02-02-16.wav,-531.83014,36.177265,-9.514291,5.053874,-3.2367592,-11.967565,-10.899473,-9.773921,-6.809905,1.9978194,-8.246627,-5.5969625,-0.6143785,-0.0017432236,-0.0024429879,-0.002377359,-0.0022694191,-0.002121367,-0.0019358193,-0.0017163928,-0.001467193,-0.0011929536,-0.0008988366,-0.00059040583,-0.00027335563,4.6341884e-05,03-01-03-02-02-02-16.wav
11,/Users/upendrasuryajonnalagadda/mindseye/Audio_Speech_Actors_01-24/Actor_16/03-01-03-01-01-02-16.wav,3,1,happy,3,1,1,2,16,female,03-01-03-01-01-02-16.wav,-569.3299,40.16785,-7.3726344,10.3219595,-1.6827226,-6.3863535,-9.667097,-6.645212,-2.8496525,-0.610406,-8.759113,-2.7755315,-0.28117234,-0.025462601,-0.005024796,0.038393945,0.03526365,0.01938965,0.045614038,0.08345665,0.072566904,0.030664708,0.016841672,0.0282089,0.017808476,-0.014553913,03-01-03-01-01-02-16.wav
12,/Users/upendrasuryajonnalagadda/mindseye/Audio_Speech_Actors_01-24/Actor_16/03-01-02-02-01-01-16.wav,3,1,calm,2,2,1,1,16,female,03-01-02-02-01-01-16.wav,-646.4606,49.533928,1.0609254,6.8442574,-2.407385,-7.6600275,-11.154953,-5.870488,-2.7463343,-3.7459867,-8.296105,-3.5009534,-3.4550416,0.0043746126,0.0060546785,0.0056621046,0.005028525,0.004203305,0.0032686417,0.0023207993,0.0014380438,0.0006554669,-3.5448702e-05,-0.00066244387,-0.0012434028,-0.0017723095,03-01-02-02-01-01-16.wav
13,/Users/upendrasuryajonnalagadda/mindseye/Audio_Speech_Actors_01-24/Actor_16/03-01-01-01-02-02-16.wav,3,1,neutral,1,1,2,2,16,female,03-01-01-01-02-02-16.wav,-636.2109,44.55713,5.051871,8.732717,-0.100771025,-9.577709,-11.6370535,-7.4877915,-4.772523,-4.031633,-6.1360984,-1.5183896,-5.4918475,0.02589793,0.03527842,0.031827852,0.027595917,0.023654055,0.020130578,0.016361013,0.01171392,0.0063464423,0.001221793,-0.002637182,-0.005007787,-0.006686136,03-01-01-01-02-02-16.wav
14,/Users/upendrasuryajonnalagadda/mindseye/Audio_Speech_Actors_01-24/Actor_16/03-01-02-01-02-01-16.wav,3,1,calm,2,1,2,1,16,female,03-01-02-01-02-01-16.wav,-668.63855,44.037388,9.045462,9.658761,1.0042176,-10.988053,-12.244318,-6.454438,-6.6376076,-3.0739195,-9.954463,-2.4193661,-2.2213202,0.021550247,0.029277941,0.02610952,0.02196056,0.01774553,0.013794132,0.009847926,0.005526066,0.0008624705,-0.0035311857,-0.0068119676,-0.0084890975,-0.0087806685,03-01-02-01-02-01-16.wav
15,/Users/upendrasuryajonnalagadda/mindseye/Audio_Speech_Actors_01-24/Actor_16/03-01-03-02-01-01-16.wav,3,1,happy,3,2,1,1,16,female,03-01-03-02-01-01-16.wav,-537.2507,38.058853,-14.106685,4.726502,-3.861257,-8.480325,-11.076235,-11.166878,-7.087175,0.69051516,-9.937613,-5.417131,-1.916259,0.005429695,0.007391713,0.006565047,0.0052957125,0.0037287904,0.0020351526,0.00038606842,-0.0010719241,-0.0022367348,-0.0030622424,-0.0035592413,-0.0037865024,-0.0038328755,03-01-03-02-01-01-16.wav
16,/Users/upendrasuryajonnalagadda/mindseye/Audio_Speech_Actors_01-24/Actor_16/03-01-03-01-02-01-16.wav,3,1,happy,3,1,2,1,16,female,03-01-03-01-02-01-16.wav,-579.7299,41.741753,-4.757807,7.5008264,0.16801481,-9.43859,-12.131509,-8.491422,-6.212281,-1.9174926,-9.006648,-5.0211005,-1.9835877,0.0112299,0.015606329,0.014797595,0.013496067,0.011768383,0.009701297,0.0073961173,0.004962317,0.0025103788,0.0001451599,-0.002040235,-0.003969477,-0.005586858,03-01-03-01-02-01-16.wav
17,/Users/upendrasuryajonnalagadda/mindseye/Audio_Speech_Actors_01-24/Actor_16/03-01-02-02-02-02-16.wav,3,1,calm,2,2,2,2,16,female,03-01-02-02-02-02-16.wav,-664.9116,49.419117,5.4399123,4.7628355,0.9373046,-10.755994,-14.8961,-5.365634,-7.375364,-1.9508678,-8.704805,-2.9572139,-1.862435,0.030795585,0.04149414,0.035877757,0.028124344,0.019908603,0.0125453295,0.0066648345,0.0022521252,-0.0010805712,-0.003774922,-0.0060942345,-0.008036154,-0.009394029,03-01-02-02-02-02-16.wav
18,/Users/upendrasuryajonnalagadda/mindseye/Audio_Speech_Actors_01-24/Actor_16/03-01-02-01-01-02-16.wav,3,1,calm,2,1,1,2,16,female,03-01-02-01-01-02-16.wav,-647.6313,54.74884,6.411835,10.872152,1.8888046,-11.219581,-9.373803,-3.8131502,-4.7528095,-4.3144574,-8.844447,-2.6878438,-3.1262817,0.040534288,0.051237073,0.036705874,0.021917468,0.013222769,0.011044245,0.011139864,0.009370884,0.0053199264,0.0018198618,0.0015320521,0.0041412422,0.0066269343,03-01-02-01-01-02-16.wav
19,/Users/upendrasuryajonnalagadda/mindseye/Audio_Speech_Actors_01-24/Actor_16/03-01-01-01-01-01-16.wav,3,1,neutral,1,1,1,1,16,female,03-01-01-01-01-01-16.wav,-661.3847,57.8662,5.734875,9.329721,-0.9674277,-7.800698,-8.779259,-5.9853787,-6.4836807,-2.2852418,-8.6384,-2.7096887,-3.3878872,0.075636394,0.100301586,0.082918994,0.06053318,0.038238775,0.018964577,0.00399871,-0.006503182,-0.013169247,-0.016552996,-0.016639424,-0.013505183,-0.008106274,03-01-01-01-01-01-16.wav
20,/Users/upendrasuryajonnalagadda/mindseye/Audio_Speech_Actors_01-24/Actor_16/03-01-06-01-01-01-16.wav,3,1,fearful,6,1,1,1,16,female,03-01-06-01-01-01-16.wav,-573.09314,44.544693,-9.090088,7.458847,-3.0508516,-9.040843,-10.19501,-12.724417,-8.738255,0.80437624,-11.7098055,-9.104034,4.253734,0.00037288666,0.0011608601,0.0018796485,0.0012756347,0.00025972127,0.00042233468,0.0011773705,0.0008425951,-0.00031186343,-0.0005493164,0.00021345615,0.00028552412,-0.00073488057,03-01-06-01-01-01-16.wav
21,/Users/upendrasuryajonnalagadda/mindseye/Audio_Speech_Actors_01-24/Actor_16/03-01-05-01-01-02-16.wav,3,1,angry,5,1,1,2,16,female,03-01-05-01-01-02-16.wav,-484.2248,37.301254,-4.630346,4.902927,-6.044148,-8.455348,-4.194773,-8.831252,-11.480978,1.7593307,-7.805763,-5.069661,0.15935603,0.0032683797,0.003481942,0.0017634927,0.0020176303,0.0038077955,0.004369559,0.0027685,0.0013046465,0.0020553777,0.003757135,0.00371159,0.0018443527,0.00081437174,03-01-05-01-01-02-16.wav
22,/Users/upendrasuryajonnalagadda/mindseye/Audio_Speech_Actors_01-24/Actor_16/03-01-05-02-02-02-16.wav,3,1,angry,5,2,2,2,16,female,03-01-05-02-02-02-16.wav,-445.2739,25.886147,-11.649359,2.1753502,-8.994989,-12.142755,-2.6324358,-12.373636,-11.14048,4.907448,-9.6001005,-2.9852684,-1.2572459,0.0,-5.4186042e-09,4.3348834e-08,4.3348834e-08,-1.08372085e-08,0.0,5.4186042e-09,2.1674417e-08,0.0,-5.4186042e-09,0.0,-7.450581e-09,5.4186042e-09,03-01-05-02-02-02-16.wav
23,/Users/upendrasuryajonnalagadda/mindseye/Audio_Speech_Actors_01-24/Actor_16/03-01-06-02-02-01-16.wav,3,1,fearful,6,2,2,1,16,female,03-01-06-02-02-01-16.wav,-402.5625,18.201899,-28.710587,-0.29558998,-9.608507,-18.010763,-12.938777,-17.653664,-13.400569,2.059035,-16.326475,-6.7968125,6.9219866,0.0016878415,0.0023865232,0.0023861555,0.0023854822,0.0023845597,0.002383363,0.0023819169,0.0023801716,0.002378152,0.002375877,0.002373365,0.0023705617,0.0023675058,03-01-06-02-02-01-16.wav
24,/Users/upendrasuryajonnalagadda/mindseye/Audio_Speech_Actors_01-24/Actor_16/03-01-04-01-02-01-16.wav,3,1,sad,4,1,2,1,16,female,03-01-04-01-02-01-16.wav,-680.8529,46.739292,3.1917138,9.208812,2.0486104,-5.5801735,-12.643098,-8.9864435,-4.683904,-0.8901329,-9.575981,-4.891093,-1.2416002,0.042164497,0.05659869,0.049419604,0.04095908,0.03173148,0.021935131,0.013979036,0.009537937,0.0062076026,0.00076593674,-0.0057848454,-0.009853214,-0.01042923,03-01-04-01-02-01-16.wav
25,/Users/upendrasuryajonnalagadda/mindseye/Audio_Speech_Actors_01-24/Actor_16/03-01-07-01-02-02-16.wav,3,1,disgust,7,1,2,2,16,female,03-01-07-01-02-02-16.wav,-584.1529,48.059227,1.9473698,7.9273944,-0.32815036,-6.6997848,-10.767588,-7.61909,-5.699137,-1.051672,-7.4607186,-3.2299469,-1.8900539,0.005551821,0.026480688,0.04728617,0.03411319,0.015532306,0.023192158,0.0364827,0.02787159,0.007866723,0.0012006883,0.009071474,0.01200917,0.002417648,03-01-07-01-02-02-16.wav
26,/Users/upendrasuryajonnalagadda/mindseye/Audio_Speech_Actors_01-24/Actor_16/03-01-07-02-01-02-16.wav,3,1,disgust,7,2,1,2,16,female,03-01-07-02-01-02-16.wav,-567.6983,48.268368,-0.8731784,9.672164,-6.231015,-6.1570506,-8.00166,-12.456642,-7.314848,3.737064,-7.3454943,-6.1213775,1.0840098,0.028139709,0.041639984,0.045965016,0.02745091,-0.00589648,0.0031357384,0.026889456,0.0109132,-0.009132469,-0.009965982,-0.0049633756,0.0067274794,0.0016214998,03-01-07-02-01-02-16.wav
27,/Users/upendrasuryajonnalagadda/mindseye/Audio_Speech_Actors_01-24/Actor_16/03-01-04-02-01-01-16.wav,3,1,sad,4,2,1,1,16,female,03-01-04-02-01-01-16.wav,-610.1378,55.019863,-13.821911,11.335617,-0.43844587,-11.673826,-19.71942,-17.082836,-6.0964293,-0.5008675,-13.301464,-3.5479217,3.0074646,0.015568514,0.021097409,0.018878108,0.016526317,0.014865887,0.013715892,0.012100821,0.009150264,0.004916138,0.00040794752,-0.0031865428,-0.00543123,-0.0069325664,03-01-04-02-01-01-16.wav
28,/Users/upendrasuryajonnalagadda/mindseye/Audio_Speech_Actors_01-24/Actor_16/03-01-08-02-01-02-16.wav,3,1,surprised,8,2,1,2,16,female,03-01-08-02-01-02-16.wav,-538.7351,43.63794,-10.010733,2.2540622,-11.11717,-12.480882,-10.740067,-7.4319277,-7.7844205,-5.412877,-9.358666,-5.468454,-5.256515,0.0072480245,0.00997476,0.009175967,0.007935767,0.006376005,0.0046404856,0.0028735392,0.0012008318,-0.00028601504,-0.0015372108,-0.0025443002,-0.003332145,-0.00394498,03-01-08-02-01-02-16.wav
29,/Users/upendrasuryajonnalagadda/mindseye/Audio_Speech_Actors_01-24/Actor_16/03-01-08-01-02-02-16.wav,3,1,surprised,8,1,2,2,16,female,03-01-08-01-02-02-16.wav,-533.97754,34.28267,-6.8140383,2.452866,-9.102089,-14.345845,-14.975832,-4.984298,-8.458524,-7.266215,-8.1064,-6.171467,-7.114112,0.0026091505,0.0036448536,0.003511288,0.0032942472,0.0030013602,0.0026429964,0.0022312906,0.0017799403,0.0013031672,0.0008151675,0.00032948487,-0.00014166864,-0.0005877002,03-01-08-01-02-02-16.wav
30,/Users/upendrasuryajonnalagadda/mindseye/Audio_Speech_Actors_01-24/Actor_16/03-01-02-01-02-02-16.wav,3,1,calm,2,1,2,2,16,female,03-01-02-01-02-02-16.wav,-643.415,43.11369,6.568981,10.414297,0.50962263,-8.569465,-11.917223,-7.6450596,-3.5829463,-2.957844,-8.662953,-3.347356,-3.0805073,-0.00801691,-0.009463472,-0.005051265,-0.00079976686,0.0011165277,0.000494831,-0.001121665,-0.0020035738,-0.0017025545,-0.0012021095,-0.0017596071,-0.003584697,-0.0055532637,03-01-02-01-02-02-16.wav
31,/Users/upendrasuryajonnalagadda/mindseye/Audio_Speech_Actors_01-24/Actor_16/03-01-01-01-02-01-16.wav,3,1,neutral,1,1,2,1,16,female,03-01-01-01-02-01-16.wav,-633.23755,51.870766,3.5300555,8.55316,0.4559997,-10.855191,-14.566893,-6.721715,-6.1690774,0.05038973,-8.522209,-2.5277297,-3.2238362,0.05003533,0.06633375,0.055238944,0.042308647,0.031483535,0.023665356,0.017432922,0.011254146,0.004899814,-0.00077876064,-0.0048371586,-0.006918143,-0.007394601,03-01-01-01-02-01-16.wav
32,/Users/upendrasuryajonnalagadda/mindseye/Audio_Speech_Actors_01-24/Actor_16/03-01-02-02-01-02-16.wav,3,1,calm,2,2,1,2,16,female,03-01-02-02-01-02-16.wav,-615.88715,56.180744,0.1208192,9.908936,4.6461725,-8.429942,-9.373005,-6.3882885,-3.3347049,-1.259199,-10.845059,-5.4505486,-1.4697735,0.047703102,0.07351889,0.07492254,0.055482123,0.034571007,0.033892862,0.039044943,0.026931863,0.0066050305,0.0012990391,0.008010348,0.0060428004,-0.004864597,03-01-02-02-01-02-16.wav
33,/Users/upendrasuryajonnalagadda/mindseye/Audio_Speech_Actors_01-24/Actor_16/03-01-03-01-01-01-16.wav,3,1,happy,3,1,1,1,16,female,03-01-03-01-01-01-16.wav,-592.8068,41.242146,-12.0906315,7.786868,-2.8705184,-8.808646,-10.195847,-9.718952,-5.9958086,-0.20398137,-10.322725,-3.7256362,-0.6003002,0.0072332383,0.009978866,0.009243727,0.008072114,0.0065403343,0.004745996,0.0028012097,0.00082354544,-0.0010726929,-0.0027847053,-0.0042280317,-0.0053417804,-0.006091642,03-01-03-01-01-01-16.wav
34,/Users/upendrasuryajonnalagadda/mindseye/Audio_Speech_Actors_01-24/Actor_16/03-01-03-02-02-01-16.wav,3,1,happy,3,2,2,1,16,female,03-01-03-02-02-01-16.wav,-520.0863,29.789665,-9.49582,5.7967963,-5.9744425,-14.387771,-14.708279,-10.981912,-8.302332,-1.7950737,-12.477537,-5.797523,-4.2266994,-0.0070551774,-0.0043332856,0.005701112,0.008476913,0.002392026,-0.0034002292,-0.0023232442,0.0013843138,0.0004418379,-0.003908005,-0.0037163694,0.0031746472,0.008502024,03-01-03-02-02-01-16.wav
35,/Users/upendrasuryajonnalagadda/mindseye/Audio_Speech_Actors_01-24/Actor_16/03-01-07-02-02-02-16.wav,3,1,disgust,7,2,2,2,16,female,03-01-07-02-02-02-16.wav,-547.65784,37.61478,0.05248981,5.210283,-3.7895944,-12.356822,-10.20872,-8.127318,-8.822582,-0.5741952,-9.370645,-4.4532847,-2.0736537,0.0005876765,0.0008162813,0.00077158114,0.0006984732,0.000599022,0.00047606995,0.00033300815,0.00017396166,3.5056855e-06,-0.0001735048,-0.00035193245,-0.0005264955,-0.0006920213,03-01-07-02-02-02-16.wav
36,/Users/upendrasuryajonnalagadda/mindseye/Audio_Speech_Actors_01-24/Actor_16/03-01-04-02-02-01-16.wav,3,1,sad,4,2,2,1,16,female,03-01-04-02-02-01-16.wav,-623.2237,49.779057,-0.06429195,7.7967396,-1.5724231,-13.899129,-17.891651,-13.158686,-10.357682,-2.2310815,-12.0101185,-6.9307203,-0.56456983,-0.42265713,-0.52619416,-0.34946525,-0.14698859,0.017736517,0.11566079,0.1406532,0.10650781,0.046343237,-0.006429655,-0.036293693,-0.039985776,-0.01739483,03-01-04-02-02-01-16.wav
37,/Users/upendrasuryajonnalagadda/mindseye/Audio_Speech_Actors_01-24/Actor_16/03-01-04-01-01-01-16.wav,3,1,sad,4,1,1,1,16,female,03-01-04-01-01-01-16.wav,-672.79675,44.611713,0.18129434,11.717804,-3.714228,-4.868635,-11.4453,-8.68859,-2.2597804,-4.1329827,-8.029988,-3.3266423,-0.55916023,0.0,-4.9541523e-08,2.4770761e-08,-1.2385381e-08,2.4770761e-08,-6.1926904e-09,1.5481726e-09,6.1926904e-09,6.1926904e-09,0.0,-6.1926904e-09,-3.0963452e-09,0.0,03-01-04-01-01-01-16.wav
38,/Users/upendrasuryajonnalagadda/mindseye/Audio_Speech_Actors_01-24/Actor_16/03-01-07-01-01-02-16.wav,3,1,disgust,7,1,1,2,16,female,03-01-07-01-01-02-16.wav,-605.6168,54.717014,-1.7419748,6.132607,-6.523241,-1.7850977,-10.140293,-12.728808,-5.035169,0.8588697,-8.006942,-5.748035,-0.0878475,0.04186595,0.057138383,0.050317492,0.040528666,0.0346628,0.037221223,0.041542824,0.035307515,0.016287312,-0.0028755057,-0.008745318,-0.0019752935,0.0056610196,03-01-07-01-01-02-16.wav
39,/Users/upendrasuryajonnalagadda/mindseye/Audio_Speech_Actors_01-24/Actor_16/03-01-05-02-01-02-16.wav,3,1,angry,5,2,1,2,16,female,03-01-05-02-01-02-16.wav,-425.36642,28.141977,-18.408752,2.342421,-10.613114,-12.770657,-4.541979,-13.798555,-12.1343565,3.646711,-8.831521,-4.770383,-1.5623281,2.6537024e-05,3.6985977e-05,3.686751e-05,3.694155e-05,3.6891204e-05,3.6861584e-05,3.6843816e-05,3.682012e-05,3.6772733e-05,3.671646e-05,3.6672034e-05,3.6606878e-05,3.6541718e-05,03-01-05-02-01-02-16.wav
40,/Users/upendrasuryajonnalagadda/mindseye/Audio_Speech_Actors_01-24/Actor_16/03-01-06-02-01-01-16.wav,3,1,fearful,6,2,1,1,16,female,03-01-06-02-01-01-16.wav,-406.96347,25.980309,-26.406765,1.7620198,-10.926498,-14.454911,-14.665294,-15.438833,-10.513911,-0.9156026,-15.936662,-8.764137,6.4649,0.0,1.1846886e-08,2.3693772e-08,-2.3693772e-08,0.0,0.0,1.1846886e-08,-2.3693772e-08,2.3693772e-08,2.3693772e-08,0.0,-1.1846886e-08,-8.885165e-09,03-01-06-02-01-01-16.wav
41,/Users/upendrasuryajonnalagadda/mindseye/Audio_Speech_Actors_01-24/Actor_16/03-01-06-01-02-01-16.wav,3,1,fearful,6,1,2,1,16,female,03-01-06-01-02-01-16.wav,-583.1845,38.399662,-1.5146134,9.677089,-0.6118446,-8.201895,-13.624723,-10.661943,-4.016348,0.1413585,-9.998659,-4.0719843,1.836165,0.39986715,0.20539346,-0.06936624,0.081163935,0.08672759,-0.015435905,-0.13580064,-0.13096859,0.045147114,0.05883837,-0.11672679,-0.07743754,0.10314525,03-01-06-01-02-01-16.wav
42,/Users/upendrasuryajonnalagadda/mindseye/Audio_Speech_Actors_01-24/Actor_16/03-01-05-01-02-02-16.wav,3,1,angry,5,1,2,2,16,female,03-01-05-01-02-02-16.wav,-497.7165,35.110737,-4.0374994,8.741479,-5.4947977,-8.112447,-7.9099684,-11.858704,-10.675445,0.5143957,-8.35842,-5.9860363,-0.44622856,0.00065116206,0.0009120061,0.0008870413,0.0008475089,0.0007962898,0.00073722977,0.00067438884,0.0006121912,0.0005548071,0.00050572533,0.0004678365,0.00044298312,0.00043194357,03-01-05-01-02-02-16.wav
43,/Users/upendrasuryajonnalagadda/mindseye/Audio_Speech_Actors_01-24/Actor_16/03-01-08-01-01-02-16.wav,3,1,surprised,8,1,1,2,16,female,03-01-08-01-01-02-16.wav,-564.3452,41.12686,-6.4685535,2.2192507,-10.326286,-12.41428,-13.351357,-6.131392,-6.956504,-6.420754,-5.919492,-5.4367685,-7.507436,0.009801468,0.013689848,0.013179293,0.012351856,0.01124071,0.009889424,0.008349438,0.0066768466,0.0049291523,0.0031622944,0.0014276056,-0.00023018754,-0.001774884,03-01-08-01-01-02-16.wav
44,/Users/upendrasuryajonnalagadda/mindseye/Audio_Speech_Actors_01-24/Actor_16/03-01-08-02-02-02-16.wav,3,1,surprised,8,2,2,2,16,female,03-01-08-02-02-02-16.wav,-536.67645,36.950226,-9.29224,-0.22001906,-6.690408,-15.099825,-14.859607,-9.450258,-8.276844,-6.015509,-10.883523,-4.1920547,-6.3360295,0.004243727,0.0059408215,0.005760837,0.0054650614,0.005059558,0.0045526926,0.003954974,0.0032787323,0.0025378885,0.001747825,0.00092469255,8.554583e-05,-0.0007524404,03-01-08-02-02-02-16.wav
45,/Users/upendrasuryajonnalagadda/mindseye/Audio_Speech_Actors_01-24/Actor_16/03-01-04-02-01-02-16.wav,3,1,sad,4,2,1,2,16,female,03-01-04-02-01-02-16.wav,-635.13965,49.866978,-6.909384,8.6399555,-0.9244956,-7.4502487,-15.982485,-11.821674,-6.3137927,2.5080807,-12.21347,-6.009837,3.3427713,0.030669793,0.042208415,0.038915355,0.033995327,0.028050562,0.021652907,0.015309212,0.009414074,0.00414443,-0.0005794531,-0.004938643,-0.008954839,-0.012379623,03-01-04-02-01-02-16.wav
46,/Users/upendrasuryajonnalagadda/mindseye/Audio_Speech_Actors_01-24/Actor_16/03-01-07-02-01-01-16.wav,3,1,disgust,7,2,1,1,16,female,03-01-07-02-01-01-16.wav,-591.3774,51.13715,2.0574613,8.324606,-4.8676763,-7.3198786,-12.829046,-13.708764,-6.166743,2.4399288,-9.691351,-6.857939,-1.0409594,0.020021355,0.027484993,0.025243858,0.022158597,0.018726785,0.015100132,0.011138859,0.0067300485,0.0020780615,-0.0022980233,-0.005868829,-0.0084464215,-0.010284092,03-01-07-02-01-01-16.wav
47,/Users/upendrasuryajonnalagadda/mindseye/Audio_Speech_Actors_01-24/Actor_16/03-01-07-01-02-01-16.wav,3,1,disgust,7,1,2,1,16,female,03-01-07-01-02-01-16.wav,-625.2125,44.119793,0.44855717,9.450167,-4.97693,-10.867088,-12.835262,-6.0664043,-6.245357,-6.137946,-5.9558945,-4.545087,-4.4384484,0.023610434,0.032826476,0.031122819,0.028296228,0.0245003,0.020078812,0.015492122,0.011154791,0.0072949855,0.003934555,0.0009910074,-0.0015946801,-0.0038111622,03-01-07-01-02-01-16.wav
48,/Users/upendrasuryajonnalagadda/mindseye/Audio_Speech_Actors_01-24/Actor_16/03-01-04-01-02-02-16.wav,3,1,sad,4,1,2,2,16,female,03-01-04-01-02-02-16.wav,-685.20044,46.101906,5.3988357,11.138909,0.94865954,-6.5416017,-14.709661,-7.681995,-5.788789,-2.5893614,-10.087153,-4.6205993,-2.8750966,0.1510699,0.18882668,0.13310656,0.080351494,0.045552336,0.023445988,0.008218879,-0.0008333724,-0.0060103713,-0.009825688,-0.010798789,-0.009376911,-0.011931792,03-01-04-01-02-02-16.wav
49,/Users/upendrasuryajonnalagadda/mindseye/Audio_Speech_Actors_01-24/Actor_16/03-01-06-02-02-02-16.wav,3,1,fearful,6,2,2,2,16,female,03-01-06-02-02-02-16.wav,-401.5738,23.687204,-25.90845,-1.5821149,-8.451981,-16.968536,-13.645366,-16.698744,-10.5707445,2.2196164,-13.93841,-5.6520624,7.5476565,0.009274514,0.013085422,0.012993111,0.012841357,0.0126322815,0.0123698255,0.012058157,0.011702758,0.011309428,0.010884759,0.010435667,0.009969275,0.0094929375,03-01-06-02-02-02-16.wav
50,/Users/upendrasuryajonnalagadda/mindseye/Audio_Speech_Actors_01-24/Actor_16/03-01-05-02-02-01-16.wav,3,1,angry,5,2,2,1,16,female,03-01-05-02-02-01-16.wav,-435.68274,22.032663,-14.91726,2.2537584,-8.417856,-13.33416,-1.1918672,-15.193333,-12.142308,4.1888976,-10.586128,-4.800987,-4.369442,-3.2378404e-05,-4.5444907e-05,-4.531116e-05,-4.521812e-05,-4.4985514e-05,-4.461335e-05,-4.43633e-05,-4.4008582e-05,-4.3520115e-05,-4.3008386e-05,-4.2438507e-05,-4.181048e-05,-4.111848e-05,03-01-05-02-02-01-16.wav
51,/Users/upendrasuryajonnalagadda/mindseye/Audio_Speech_Actors_01-24/Actor_16/03-01-05-01-01-01-16.wav,3,1,angry,5,1,1,1,16,female,03-01-05-01-01-01-16.wav,-516.3607,39.63817,-3.9544828,8.232258,-6.10125,-7.178852,-5.8920608,-9.803116,-7.1960206,2.0154607,-7.0434313,-2.503003,-0.74394435,0.006306848,0.008908028,0.008875248,0.008820517,0.008743619,0.008644414,0.008522688,0.00837829,0.008211196,0.008021521,0.007809545,0.0075758,0.0073209447,03-01-05-01-01-01-16.wav
52,/Users/upendrasuryajonnalagadda/mindseye/Audio_Speech_Actors_01-24/Actor_16/03-01-06-01-01-02-16.wav,3,1,fearful,6,1,1,2,16,female,03-01-06-01-01-02-16.wav,-608.09076,40.9082,-2.34056,9.386069,-2.1950834,-3.4086921,-8.7898855,-11.312394,-6.024705,0.57092965,-8.627118,-7.1661515,2.5891097,-0.0007146368,-0.0009283609,-0.0007705183,-0.0007153031,-0.00086674467,-0.0011459313,-0.0013402567,-0.00127109,-0.0009381629,-0.000517542,-0.0002156125,-0.00010514417,-8.252362e-05,03-01-06-01-01-02-16.wav
53,/Users/upendrasuryajonnalagadda/mindseye/Audio_Speech_Actors_01-24/Actor_16/03-01-08-01-02-01-16.wav,3,1,surprised,8,1,2,1,16,female,03-01-08-01-02-01-16.wav,-582.65533,40.38545,-6.5142984,3.8695393,-6.550285,-10.057134,-12.808716,-11.570229,-5.1276927,-3.605539,-10.346637,-2.363971,-5.61611,0.033526085,0.04667752,0.044432912,0.04063024,0.035360828,0.028950723,0.021911444,0.014771468,0.007914095,0.0015318915,-0.0042831725,-0.009413587,-0.013669879,03-01-08-01-02-01-16.wav
54,/Users/upendrasuryajonnalagadda/mindseye/Audio_Speech_Actors_01-24/Actor_16/03-01-08-02-01-01-16.wav,3,1,surprised,8,2,1,1,16,female,03-01-08-02-01-01-16.wav,-559.802,43.886997,-12.6948395,2.9311492,-7.671615,-9.162406,-13.949363,-11.902747,-2.6967003,-3.665993,-9.781438,-4.2136827,-4.8090906,0.0031838012,0.004368651,0.003983192,0.003396003,0.0026789648,0.0019135538,0.0011762575,0.0005260293,-3.9019615e-06,-0.00040877098,-0.0007085582,-0.0009394939,-0.001142639,03-01-08-02-01-01-16.wav
55,/Users/upendrasuryajonnalagadda/mindseye/Audio_Speech_Actors_01-24/Actor_16/03-01-01-01-01-02-16.wav,3,1,neutral,1,1,1,2,16,female,03-01-01-01-01-02-16.wav,-669.83075,57.962574,5.1220007,10.897899,-0.54232144,-8.684328,-8.73612,-5.5816965,-5.047155,-2.0619361,-7.9509974,-3.0372438,-2.8989503,0.094920665,0.11810734,0.08205082,0.049710006,0.033233713,0.027625225,0.022541733,0.012823923,-0.00020822087,-0.011258854,-0.015235,-0.012986091,-0.011266407,03-01-01-01-01-02-16.wav
56,/Users/upendrasuryajonnalagadda/mindseye/Audio_Speech_Actors_01-24/Actor_16/03-01-02-01-01-01-16.wav,3,1,calm,2,1,1,1,16,female,03-01-02-01-01-01-16.wav,-708.1312,56.11497,3.5201068,7.942084,-0.5613514,-6.5378776,-11.419771,-4.602723,-2.7320035,-2.9082024,-8.730412,-3.495978,-2.9913971,0.07708168,0.09188461,0.05295682,0.017611694,0.0017176509,0.0024036944,0.007954186,0.010700762,0.00887618,0.0029257834,-0.004286957,-0.0076268674,-0.004541874,03-01-02-01-01-01-16.wav
57,/Users/upendrasuryajonnalagadda/mindseye/Audio_Speech_Actors_01-24/Actor_16/03-01-02-02-02-01-16.wav,3,1,calm,2,2,2,1,16,female,03-01-02-02-02-01-16.wav,-671.4864,47.20545,5.685897,6.5903854,-1.1452737,-10.666016,-13.595359,-5.950007,-6.684456,-1.0229356,-10.631812,-4.845536,-1.3466117,0.06613885,0.08616601,0.068476245,0.049347434,0.034318943,0.022948103,0.012341255,0.0010139303,-0.010454829,-0.020187983,-0.025493436,-0.024332674,-0.018012978,03-01-02-02-02-01-16.wav
58,/Users/upendrasuryajonnalagadda/mindseye/Audio_Speech_Actors_01-24/Actor_16/03-01-03-01-02-02-16.wav,3,1,happy,3,1,2,2,16,female,03-01-03-01-02-02-16.wav,-582.2363,37.813168,-8.32832,6.2251415,-1.0587984,-9.504315,-11.931065,-10.289874,-7.953248,0.92679715,-8.28619,-5.801534,-2.4152932,0.12227127,0.04711617,-0.086974174,-0.03669801,0.005663272,-0.028029053,-0.015561686,0.022082983,0.013263847,-0.0043883715,-0.0079223225,-0.011064007,-0.0040581436,03-01-03-01-02-02-16.wav
59,/Users/upendrasuryajonnalagadda/mindseye/Audio_Speech_Actors_01-24/Actor_16/03-01-03-02-01-02-16.wav,3,1,happy,3,2,1,2,16,female,03-01-03-02-01-02-16.wav,-454.0269,31.44311,-16.395184,6.697245,-4.269051,-12.48555,-8.794032,-7.380772,-6.656951,1.2342858,-9.491821,-4.165259,-0.045063168,0.00045578202,0.00064423797,0.00064408936,0.00064382615,0.00064348243,0.00064307376,0.0006425102,0.0006418909,0.00064117875,0.000640318,0.000639417,0.0006383983,0.0006372898,03-01-03-02-01-02-16.wav
60,/Users/upendrasuryajonnalagadda/mindseye/Audio_Speech_Actors_01-24/Actor_11/03-01-01-01-02-02-11.wav,3,1,neutral,1,1,2,2,11,male,03-01-01-01-02-02-11.wav,-700.3051,66.63224,28.183119,24.51742,14.919871,8.103116,5.8325195,1.9335873,-0.7792016,3.366244,6.0509524,0.7333217,-0.3639219,0.44978544,0.46596897,0.2638028,0.19429535,0.13737972,0.09958987,0.075008616,0.055602152,0.04402211,0.03221317,0.032787394,0.036147,0.047584716,03-01-01-01-02-02-11.wav
61,/Users/upendrasuryajonnalagadda/mindseye/Audio_Speech_Actors_01-24/Actor_11/03-01-02-01-02-01-11.wav,3,1,calm,2,1,2,1,11,male,03-01-02-01-02-01-11.wav,-711.49194,63.99623,24.905293,22.064156,10.548841,10.253172,3.9426007,-1.3010602,-0.021962008,3.0548463,5.7980475,1.1122928,-1.007978,-0.16213141,-0.17608754,-0.044291455,0.041399162,0.06985971,0.07956971,0.07109746,0.044589266,0.0256165,-0.0019957754,0.006626076,0.03582464,0.03727407,03-01-02-01-02-01-11.wav
62,/Users/upendrasuryajonnalagadda/mindseye/Audio_Speech_Actors_01-24/Actor_11/03-01-02-02-01-01-11.wav,3,1,calm,2,2,1,1,11,male,03-01-02-02-01-01-11.wav,-727.009,68.78833,22.34004,20.284195,17.886723,10.179355,5.772742,4.7370486,-0.41483375,4.439139,8.22121,3.6399374,-2.2498872,-0.058345933,-0.13368317,-0.11867792,-0.07975763,-0.08332494,-0.061430097,-0.047545724,-0.037391346,0.0018212537,0.01006625,-0.021945376,0.0067489985,0.042519294,03-01-02-02-01-01-11.wav
63,/Users/upendrasuryajonnalagadda/mindseye/Audio_Speech_Actors_01-24/Actor_11/03-01-03-01-01-02-11.wav,3,1,happy,3,1,1,2,11,male,03-01-03-01-01-02-11.wav,-666.72864,61.362637,16.287018,11.994499,10.763568,6.989389,1.1845111,1.0446218,-2.3440354,0.49650308,4.65109,0.3895645,-0.17692488,0.0024343296,0.0034953132,0.0036668226,0.0039474377,0.004245537,0.004429475,0.0044965884,0.004723694,0.005615179,0.0076117585,0.010745145,0.014503313,0.018029682,03-01-03-01-01-02-11.wav
64,/Users/upendrasuryajonnalagadda/mindseye/Audio_Speech_Actors_01-24/Actor_11/03-01-03-02-02-02-11.wav,3,1,happy,3,2,2,2,11,male,03-01-03-02-02-02-11.wav,-514.74664,43.191605,5.7722054,4.243602,-0.7620973,-0.54304665,-4.018765,-3.25851,-5.7625585,-7.5700636,-0.52813923,-1.9546636,-2.9782267,0.01853569,0.026176944,0.026068447,0.02588843,0.02563863,0.025320875,0.024937939,0.024492655,0.02398875,0.023430249,0.022821464,0.022167169,0.021472313,03-01-03-02-02-02-11.wav
65,/Users/upendrasuryajonnalagadda/mindseye/Audio_Speech_Actors_01-24/Actor_11/03-01-04-02-02-02-11.wav,3,1,sad,4,2,2,2,11,male,03-01-04-02-02-02-11.wav,-533.8294,41.88679,9.188054,10.774407,0.102649264,1.5861735,-1.6376915,-6.42938,-7.8679147,-8.468254,-1.0681957,-2.1883214,-4.965212,0.008780586,0.01237207,0.012236297,0.012011409,0.011699494,0.011303385,0.0108268,0.01027404,0.009650137,0.00896083,0.008212222,0.007410904,0.006563922,03-01-04-02-02-02-11.wav
66,/Users/upendrasuryajonnalagadda/mindseye/Audio_Speech_Actors_01-24/Actor_11/03-01-07-02-02-01-11.wav,3,1,disgust,7,2,2,1,11,male,03-01-07-02-02-01-11.wav,-594.13184,62.752815,17.615187,9.204911,-0.96713334,2.6843429,2.5461097,-3.2495959,-7.711541,-5.6608324,4.252163,-2.4146411,-2.6051135,-0.021801872,-0.029760255,-0.026528684,-0.021324407,-0.0149026625,-0.008488382,-0.0031042276,0.0010818457,0.004709765,0.008476992,0.012411876,0.015875882,0.018238168,03-01-07-02-02-01-11.wav
67,/Users/upendrasuryajonnalagadda/mindseye/Audio_Speech_Actors_01-24/Actor_11/03-01-07-01-01-01-11.wav,3,1,disgust,7,1,1,1,11,male,03-01-07-01-01-01-11.wav,-626.029,52.828518,14.370107,16.647524,3.815784,4.1198716,3.5805871,-0.8595128,-4.742335,-2.7873638,5.3523464,-1.665013,-2.13755,0.00991898,0.013951715,0.013722018,0.013332672,0.012779548,0.012065559,0.011205105,0.010223487,0.0091538755,0.008030361,0.006883486,0.0057349894,0.00459891,03-01-07-01-01-01-11.wav
68,/Users/upendrasuryajonnalagadda/mindseye/Audio_Speech_Actors_01-24/Actor_11/03-01-04-01-01-02-11.wav,3,1,sad,4,1,1,2,11,male,03-01-04-01-01-02-11.wav,-709.4862,63.882225,25.09937,25.171581,14.942026,8.699793,6.9665294,4.283602,-1.6265851,-0.22504474,6.6909437,2.7491682,0.7814006,-0.0012367445,-0.008450777,-0.019504448,-0.015529241,-0.011856348,-0.009608598,-0.0060101976,-0.0046413983,0.0038503134,0.0020866394,0.00747268,0.0135544995,0.0016704767,03-01-04-01-01-02-11.wav
69,/Users/upendrasuryajonnalagadda/mindseye/Audio_Speech_Actors_01-24/Actor_11/03-01-06-02-01-02-11.wav,3,1,fearful,6,2,1,2,11,male,03-01-06-02-01-02-11.wav,-448.7408,35.301662,-3.6717627,5.2236767,1.1759171,-1.8429149,-1.3183397,-2.201213,-7.6475325,-2.2952163,0.08960005,-2.6971912,-5.398387,-0.082024835,-0.06483946,0.016395928,0.019003093,-0.043864954,-0.065990515,-0.008057815,0.05362761,0.042272285,-0.018958438,-0.047777727,-0.014814515,0.022000713,03-01-06-02-01-02-11.wav
70,/Users/upendrasuryajonnalagadda/mindseye/Audio_Speech_Actors_01-24/Actor_11/03-01-05-02-01-01-11.wav,3,1,angry,5,2,1,1,11,male,03-01-05-02-01-01-11.wav,-447.62122,35.303955,1.0541124,6.7001867,-3.6099055,-3.4582758,-1.4398686,0.45672917,-5.117935,-6.048283,0.6658482,-1.3473196,-2.430564,-0.0063416725,-0.008966034,-0.008960879,-0.008952334,-0.008940403,-0.00892507,-0.008906383,-0.008884399,-0.008859173,-0.008830675,-0.008799023,-0.00876427,-0.008726469,03-01-05-02-01-01-11.wav
71,/Users/upendrasuryajonnalagadda/mindseye/Audio_Speech_Actors_01-24/Actor_11/03-01-05-01-02-01-11.wav,3,1,angry,5,1,2,1,11,male,03-01-05-01-02-01-11.wav,-534.89935,45.18496,4.673624,6.7924595,-1.977704,1.6891805,-0.20467862,-2.566668,-6.0643735,-5.5807056,2.3210192,-3.5924008,-0.99064994,-0.010654501,-0.015039301,-0.014950682,-0.014797376,-0.014572535,-0.014269829,-0.013886134,-0.013422966,-0.012888031,-0.012295253,-0.011662776,-0.011011963,-0.010363871,03-01-05-01-02-01-11.wav
72,/Users/upendrasuryajonnalagadda/mindseye/Audio_Speech_Actors_01-24/Actor_11/03-01-06-01-02-02-11.wav,3,1,fearful,6,1,2,2,11,male,03-01-06-01-02-02-11.wav,-605.66394,54.17725,11.467768,10.155251,5.570651,4.20681,1.5985205,-4.697154,-4.209745,-2.2552257,1.078553,-1.0753114,-2.7425444,-0.022493003,-0.03158047,-0.030904079,-0.029813213,-0.02835894,-0.02660666,-0.024629924,-0.022505097,-0.02030552,-0.01809711,-0.015934503,-0.013860191,-0.011904233,03-01-06-01-02-02-11.wav
73,/Users/upendrasuryajonnalagadda/mindseye/Audio_Speech_Actors_01-24/Actor_11/03-01-08-01-01-01-11.wav,3,1,surprised,8,1,1,1,11,male,03-01-08-01-01-01-11.wav,-668.34125,43.07513,12.611034,8.960177,5.105488,5.1068177,1.9135542,-0.62728393,-2.7487378,-0.77806175,4.639654,0.65679157,-1.0828247,-0.021272128,-0.029830761,-0.02912231,-0.028087946,-0.026912475,-0.025794,-0.024900328,-0.024331767,-0.024099609,-0.024124503,-0.02425592,-0.024306806,-0.024097271,03-01-08-01-01-01-11.wav
74,/Users/upendrasuryajonnalagadda/mindseye/Audio_Speech_Actors_01-24/Actor_11/03-01-08-02-02-01-11.wav,3,1,surprised,8,2,2,1,11,male,03-01-08-02-02-01-11.wav,-543.8239,34.95565,4.060512,4.341142,-0.1840903,1.77063,-2.9272268,-1.7547129,-8.007616,-3.6965451,1.5667391,-2.2632556,-3.8583884,-0.0025921585,-0.0036336856,-0.0035398384,-0.0033842388,-0.0031680057,-0.0028929173,-0.0025611534,-0.002175697,-0.0017396167,-0.0012571148,-0.0007325796,-0.00017098735,0.0004223845,03-01-08-02-02-01-11.wav
75,/Users/upendrasuryajonnalagadda/mindseye/Audio_Speech_Actors_01-24/Actor_11/03-01-07-02-01-02-11.wav,3,1,disgust,7,2,1,2,11,male,03-01-07-02-01-02-11.wav,-575.53326,55.350925,13.202208,17.651703,6.3058834,3.1932657,3.968393,-0.13843499,-5.5425186,0.92313886,5.193095,-3.2098284,-1.3773654,0.5450836,0.2646896,0.10440785,0.097355515,0.09006473,0.08086198,0.079518236,0.07301185,0.07299222,0.06781012,0.06731664,0.061989516,0.05981935,03-01-07-02-01-02-11.wav
76,/Users/upendrasuryajonnalagadda/mindseye/Audio_Speech_Actors_01-24/Actor_11/03-01-04-02-01-01-11.wav,3,1,sad,4,2,1,1,11,male,03-01-04-02-01-01-11.wav,-602.8457,49.077026,8.125839,8.17854,2.220132,3.3802845,-1.6655955,-1.7842661,-4.6804485,-5.148762,-0.03967137,-0.96785396,-1.6866422,-0.008363088,-0.0118289525,-0.011835714,-0.011846553,-0.011861066,-0.011878576,-0.011898253,-0.011919128,-0.011940036,-0.011959659,-0.011976636,-0.011989508,-0.01199668,03-01-04-02-01-01-11.wav
77,/Users/upendrasuryajonnalagadda/mindseye/Audio_Speech_Actors_01-24/Actor_11/03-01-04-01-02-01-11.wav,3,1,sad,4,1,2,1,11,male,03-01-04-01-02-01-11.wav,-695.7952,56.393433,23.653025,20.232845,7.4839177,7.3250623,3.8584511,2.2939262,-1.4581585,-2.1220365,4.1239347,-1.1337622,-2.2656076,0.017023424,0.023469763,0.021876216,0.019811194,0.017796721,0.016154751,0.01500101,0.014334161,0.014070902,0.014024077,0.013945742,0.013689004,0.013362105,03-01-04-01-02-01-11.wav
78,/Users/upendrasuryajonnalagadda/mindseye/Audio_Speech_Actors_01-24/Actor_11/03-01-07-01-02-02-11.wav,3,1,disgust,7,1,2,2,11,male,03-01-07-01-02-02-11.wav,-598.6321,61.076824,18.882254,11.058007,-1.6752398,1.3795122,1.2445514,-1.0642294,-5.3526464,-5.2592382,3.1595042,-4.616012,-2.7024171,-0.0007337654,-0.0010846456,-0.0012222386,-0.0014396524,-0.0017202365,-0.0020430223,-0.0023845397,-0.0027214927,-0.0030326184,-0.0033010747,-0.0035155623,-0.003671748,-0.0037725077,03-01-07-01-02-02-11.wav
79,/Users/upendrasuryajonnalagadda/mindseye/Audio_Speech_Actors_01-24/Actor_11/03-01-05-02-02-02-11.wav,3,1,angry,5,2,2,2,11,male,03-01-05-02-02-02-11.wav,-350.9687,23.226847,-8.023251,1.1329157,-12.867613,-5.1629186,-2.118306,-2.651671,-7.3487105,-9.4208355,0.573409,-3.912303,-4.8130226,-0.015371873,-0.0215845,-0.021137752,-0.020449199,-0.0195959,-0.018671738,-0.017776325,-0.01700277,-0.016427081,-0.016099216,-0.016037947,-0.016229944,-0.016632186,03-01-05-02-02-02-11.wav
80,/Users/upendrasuryajonnalagadda/mindseye/Audio_Speech_Actors_01-24/Actor_11/03-01-06-02-02-01-11.wav,3,1,fearful,6,2,2,1,11,male,03-01-06-02-02-01-11.wav,-440.6027,31.478586,-7.588043,2.353725,-2.119217,-4.801065,-2.384912,-7.694721,-11.187696,-5.2602053,-0.721823,-1.7527384,-5.47495,-0.03313796,-0.016488979,0.041245583,0.06953432,0.058590967,0.049078662,0.070301056,0.10071862,0.099564485,0.060892142,0.019380039,0.0069523575,0.019083718,03-01-06-02-02-01-11.wav
81,/Users/upendrasuryajonnalagadda/mindseye/Audio_Speech_Actors_01-24/Actor_11/03-01-06-01-01-01-11.wav,3,1,fearful,6,1,1,1,11,male,03-01-06-01-01-01-11.wav,-646.87445,56.47074,16.642212,14.731084,7.002588,6.844279,4.397758,2.4983158,-2.6539557,0.17952135,6.025128,0.84490675,1.0628989,-0.021908365,-0.031888735,-0.03326504,-0.032466266,-0.028262075,-0.022166042,-0.017043576,-0.014416523,-0.013166904,-0.010876382,-0.006376419,-0.00090797426,0.0032181295,03-01-06-01-01-01-11.wav
82,/Users/upendrasuryajonnalagadda/mindseye/Audio_Speech_Actors_01-24/Actor_11/03-01-05-01-01-02-11.wav,3,1,angry,5,1,1,2,11,male,03-01-05-01-01-02-11.wav,-579.6884,49.956093,13.536644,12.080676,2.6121902,4.3024073,0.72928375,1.0400649,-5.2816787,-1.764188,3.137345,-2.3368149,0.78447723,-0.028641358,-0.04037384,-0.03998132,-0.039334487,-0.038444724,-0.037327528,-0.03600193,-0.03449035,-0.032817878,-0.031011797,-0.029100845,-0.027114563,-0.025082601,03-01-05-01-01-02-11.wav
83,/Users/upendrasuryajonnalagadda/mindseye/Audio_Speech_Actors_01-24/Actor_11/03-01-08-01-02-02-11.wav,3,1,surprised,8,1,2,2,11,male,03-01-08-01-02-02-11.wav,-574.7024,46.382706,1.8393469,3.810083,1.7404102,3.4103599,-1.609247,-8.255815,-12.144376,-2.9855838,2.333369,-2.50284,-2.1914852,-0.5436857,-0.30288094,0.2645288,0.08499001,0.050778408,-0.01314529,-0.0026341379,0.18012588,0.18922842,0.01792502,-0.025028758,0.04491031,-0.0373422,03-01-08-01-02-02-11.wav
84,/Users/upendrasuryajonnalagadda/mindseye/Audio_Speech_Actors_01-24/Actor_11/03-01-08-02-01-02-11.wav,3,1,surprised,8,2,1,2,11,male,03-01-08-02-01-02-11.wav,-505.66016,33.842857,3.099799,4.467868,-2.2829092,0.29113838,-2.083665,-0.28457084,-7.2274933,-3.0466287,1.9970713,-3.0945854,-4.910266,0.0074884216,0.010522757,0.010320827,0.009986948,0.009524986,0.008940398,0.008239963,0.0074318284,0.0065255235,0.0055314675,0.004461502,0.0033280174,0.0021443581,03-01-08-02-01-02-11.wav
85,/Users/upendrasuryajonnalagadda/mindseye/Audio_Speech_Actors_01-24/Actor_11/03-01-02-01-01-02-11.wav,3,1,calm,2,1,1,2,11,male,03-01-02-01-01-02-11.wav,-719.9197,73.983086,24.775673,25.988358,18.660965,13.578579,7.0668945,3.0317347,-0.3082232,3.8610487,5.261759,1.5440164,-1.361375,-0.022481706,0.038400173,0.07436344,0.07118091,0.0517611,0.029698053,-0.03741263,-0.0457442,-0.07206562,0.014057424,0.019421348,0.010451065,0.01971539,03-01-02-01-01-02-11.wav
86,/Users/upendrasuryajonnalagadda/mindseye/Audio_Speech_Actors_01-24/Actor_11/03-01-01-01-01-01-11.wav,3,1,neutral,1,1,1,1,11,male,03-01-01-01-01-01-11.wav,-731.38007,62.224876,24.513342,20.070845,12.545767,6.105884,7.2661138,2.1586175,0.5730277,1.0894156,4.2365637,3.2639349,0.08466171,0.06428752,0.07746517,0.056649014,0.049219903,0.041839402,0.046617564,0.046282545,0.045377206,0.033979367,0.029146714,0.023892479,0.027276175,0.016686833,03-01-01-01-01-01-11.wav
87,/Users/upendrasuryajonnalagadda/mindseye/Audio_Speech_Actors_01-24/Actor_11/03-01-02-02-02-02-11.wav,3,1,calm,2,2,2,2,11,male,03-01-02-02-02-02-11.wav,-721.76526,64.2868,22.369202,21.987959,14.870972,10.207191,5.918317,3.3743849,0.06803428,3.2395358,10.096144,3.5505106,0.3644434,0.06714658,0.10111997,0.0808509,0.066475466,0.04915998,0.013405064,0.031873405,0.04428874,0.02161003,0.041142005,0.037365958,0.020217322,0.039774228,03-01-02-02-02-02-11.wav
88,/Users/upendrasuryajonnalagadda/mindseye/Audio_Speech_Actors_01-24/Actor_11/03-01-03-01-02-01-11.wav,3,1,happy,3,1,2,1,11,male,03-01-03-01-02-01-11.wav,-661.9023,53.02125,16.841034,11.955747,10.210273,7.2153535,-0.8082526,-0.16143261,-3.7843714,-0.13106787,3.7155201,0.6068878,1.7692592,0.0041789035,0.00597919,0.006111347,0.0061381124,0.0059342314,0.005536998,0.0051639862,0.0051100235,0.005581974,0.006574199,0.007862049,0.009120356,0.010092916,03-01-03-01-02-01-11.wav
89,/Users/upendrasuryajonnalagadda/mindseye/Audio_Speech_Actors_01-24/Actor_11/03-01-03-02-01-01-11.wav,3,1,happy,3,2,1,1,11,male,03-01-03-02-01-01-11.wav,-491.04224,50.914917,5.5621724,6.088568,1.063392,1.3382577,-0.37724778,-1.0818415,-7.938244,-5.4641323,2.5004463,-1.2941047,-0.5745529,0.016824832,0.022022752,0.012763253,0.011333975,0.031309806,0.04231392,0.028656319,0.01029874,-0.00041143785,0.006799576,0.024580413,0.0215653,0.0053973594,03-01-03-02-01-01-11.wav
90,/Users/upendrasuryajonnalagadda/mindseye/Audio_Speech_Actors_01-24/Actor_11/03-01-06-01-02-01-11.wav,3,1,fearful,6,1,2,1,11,male,03-01-06-01-02-01-11.wav,-609.5881,54.34867,11.056788,11.724714,6.063035,5.0977874,0.86392784,-7.831363,-6.799613,-2.6643903,0.69159526,-1.6151793,-1.7516254,0.0029455032,0.0042198086,0.004377936,0.0046301377,0.0049613896,0.0053538615,0.005789875,0.006253681,0.0067335116,0.007221793,0.0077144178,0.008209646,0.008705835,03-01-06-01-02-01-11.wav
91,/Users/upendrasuryajonnalagadda/mindseye/Audio_Speech_Actors_01-24/Actor_11/03-01-05-01-02-02-11.wav,3,1,angry,5,1,2,2,11,male,03-01-05-01-02-02-11.wav,-532.9163,48.79762,8.267565,8.3237,-1.3857586,2.9712844,-1.8690684,-3.3485122,-5.7288356,-6.556403,2.7560318,-4.8845778,-1.1085882,-0.02556937,-0.036120493,-0.035999913,-0.035799656,-0.03552025,-0.035162978,-0.034729194,-0.034220632,-0.033639222,-0.032987297,-0.032267403,-0.031482376,-0.030635208,03-01-05-01-02-02-11.wav
92,/Users/upendrasuryajonnalagadda/mindseye/Audio_Speech_Actors_01-24/Actor_11/03-01-05-02-01-02-11.wav,3,1,angry,5,2,1,2,11,male,03-01-05-02-01-02-11.wav,-378.80872,31.039225,-6.478684,4.1203413,-10.912635,-4.27402,-4.618604,-1.1232464,-7.9961348,-7.8381243,-0.018623788,-2.766609,-2.8105526,0.0021424405,0.0030581674,0.0031392076,0.0032669723,0.0034308766,0.0036173365,0.00381096,0.0039953906,0.0041551036,0.004276331,0.004347943,0.0043628574,0.0043181707,03-01-05-02-01-02-11.wav
93,/Users/upendrasuryajonnalagadda/mindseye/Audio_Speech_Actors_01-24/Actor_11/03-01-06-02-01-01-11.wav,3,1,fearful,6,2,1,1,11,male,03-01-06-02-01-01-11.wav,-480.30798,41.670685,-4.688489,5.7795076,-0.37527874,-3.1053944,-1.8093557,-4.4902625,-10.862847,-5.374279,0.4446003,-0.2491941,-2.8615513,0.32636163,0.20195286,0.075099036,0.038727354,-0.107854985,0.029668393,-0.034355972,-0.1931133,-0.16179451,-0.10315989,0.009545543,0.080752686,0.060488135,03-01-06-02-01-01-11.wav
94,/Users/upendrasuryajonnalagadda/mindseye/Audio_Speech_Actors_01-24/Actor_11/03-01-04-01-01-01-11.wav,3,1,sad,4,1,1,1,11,male,03-01-04-01-01-01-11.wav,-695.314,54.816204,17.140285,20.143835,13.997993,7.940733,4.777093,4.8828473,-2.0959113,2.539649,5.7294593,0.38901317,-0.031818025,-0.1276847,-0.045544013,-0.07963529,-0.059627183,-0.038298666,-0.04456483,-0.020543125,-0.014992337,0.018840484,-0.030105352,-0.016129911,-0.002545327,0.0012307498,03-01-04-01-01-01-11.wav
95,/Users/upendrasuryajonnalagadda/mindseye/Audio_Speech_Actors_01-24/Actor_11/03-01-07-01-01-02-11.wav,3,1,disgust,7,1,1,2,11,male,03-01-07-01-01-02-11.wav,-604.27496,51.75752,11.07506,15.878047,5.0532155,1.3402557,4.692912,-2.3848999,-4.236052,-2.3817334,3.3319702,-2.2878304,-0.8553278,0.015314738,0.021642098,0.021593193,0.02151197,0.021398863,0.021254245,0.02107888,0.020873547,0.020639144,0.020376781,0.020087603,0.019772869,0.019433996,03-01-07-01-01-02-11.wav
96,/Users/upendrasuryajonnalagadda/mindseye/Audio_Speech_Actors_01-24/Actor_11/03-01-07-02-02-02-11.wav,3,1,disgust,7,2,2,2,11,male,03-01-07-02-02-02-11.wav,-540.7073,51.25068,11.687241,8.470529,-2.3598142,0.56848246,0.14026931,-3.0615392,-4.995444,-2.054987,2.4112146,-3.3363037,-4.51213,0.01674998,0.023647428,0.023526186,0.023325156,0.023045665,0.022689614,0.022259563,0.021758426,0.021189649,0.020557078,0.019864995,0.019117966,0.018320983,03-01-07-02-02-02-11.wav
97,/Users/upendrasuryajonnalagadda/mindseye/Audio_Speech_Actors_01-24/Actor_11/03-01-04-02-02-01-11.wav,3,1,sad,4,2,2,1,11,male,03-01-04-02-02-01-11.wav,-576.2425,45.641876,8.173527,8.683463,0.26750642,-1.5989766,-0.08003479,-7.061021,-8.408967,-7.136772,-2.7685466,-0.4726292,-4.431489,0.105100445,-0.01183016,-0.025146563,0.12347913,0.0096235275,-0.005705376,0.079877146,0.020869896,0.022595536,0.03382056,0.0208555,0.051351182,0.010118608,03-01-04-02-02-01-11.wav
98,/Users/upendrasuryajonnalagadda/mindseye/Audio_Speech_Actors_01-24/Actor_11/03-01-08-02-02-02-11.wav,3,1,surprised,8,2,2,2,11,male,03-01-08-02-02-02-11.wav,-527.322,27.213703,5.728728,5.282063,-1.413271,-0.011244351,-3.2591555,-0.8388939,-8.512892,-2.1972985,0.30634558,-4.103425,-4.739423,0.026822656,0.03788475,0.037740994,0.037502017,0.03716882,0.036742736,0.036225457,0.035619363,0.034926493,0.0341499,0.03329257,0.032357983,0.031349856,03-01-08-02-02-02-11.wav
99,/Users/upendrasuryajonnalagadda/mindseye/Audio_Speech_Actors_01-24/Actor_11/03-01-08-01-01-02-11.wav,3,1,surprised,8,1,1,2,11,male,03-01-08-01-01-02-11.wav,-629.575,42.773216,9.41066,3.0475028,1.449841,1.6202267,-1.7737045,-2.0598307,-3.706108,-3.9624925,0.834206,-1.8422593,-3.690874,-0.008663626,-0.012196485,-0.012029956,-0.011761806,-0.011405496,-0.010978373,-0.010500811,-0.009994455,-0.009480925,-0.008980471,-0.00851047,-0.008084522,-0.00771167,03-01-08-01-01-02-11.wav
100,/Users/upendrasuryajonnalagadda/mindseye/Audio_Speech_Actors_01-24/Actor_11/03-01-03-02-02-01-11.wav,3,1,happy,3,2,2,1,11,male,03-01-03-02-02-01-11.wav,-505.55783,46.755222,-1.6399515,3.1503193,-2.4230664,-2.2284875,-2.5006511,-4.373957,-10.267552,-7.3619847,-1.7911099,-3.6364381,-2.1840475,0.011095789,0.015665865,0.015593335,0.0154814,0.015341936,0.015188306,0.015033242,0.014886345,0.014752656,0.014631317,0.014516568,0.014398118,0.014263638,03-01-03-02-02-01-11.wav
101,/Users/upendrasuryajonnalagadda/mindseye/Audio_Speech_Actors_01-24/Actor_11/03-01-03-01-01-01-11.wav,3,1,happy,3,1,1,1,11,male,03-01-03-01-01-01-11.wav,-671.8112,58.467762,12.806989,13.267467,9.862153,5.2945466,1.0133115,-3.1176865,-1.8420782,-2.7163246,3.9369771,1.4677898,-1.7729579,-0.0005445338,-0.000100320845,0.0018132837,0.004718126,0.008252927,0.012025249,0.015683416,0.01896659,0.021722907,0.023894865,0.025485152,0.026514182,0.026990164,03-01-03-01-01-01-11.wav
102,/Users/upendrasuryajonnalagadda/mindseye/Audio_Speech_Actors_01-24/Actor_11/03-01-02-02-01-02-11.wav,3,1,calm,2,2,1,2,11,male,03-01-02-02-01-02-11.wav,-742.09735,54.008442,19.016748,23.997904,15.380698,12.103405,6.0856185,6.5094275,0.7606114,1.9193797,7.017051,0.95886934,-1.4923266,-0.15054189,-0.13327666,-0.05172836,-0.014151307,-0.04617569,-0.016912295,0.0013235578,-0.012520771,-0.03315708,0.0046201195,-0.02074552,-0.066182226,-0.023837551,03-01-02-02-01-02-11.wav
103,/Users/upendrasuryajonnalagadda/mindseye/Audio_Speech_Actors_01-24/Actor_11/03-01-02-01-02-02-11.wav,3,1,calm,2,1,2,2,11,male,03-01-02-01-02-02-11.wav,-722.09454,62.397846,26.075106,22.847424,15.226341,14.4210615,4.2541566,5.8056216,-1.725126,3.915698,8.305034,3.5974355,-1.8883475,-0.12601534,-0.030273078,0.011161445,0.032767087,0.012805765,0.0007032568,0.011907206,0.004652743,-0.009802872,0.049169935,0.013608625,-0.031834092,-0.00069776573,03-01-02-01-02-02-11.wav
104,/Users/upendrasuryajonnalagadda/mindseye/Audio_Speech_Actors_01-24/Actor_11/03-01-01-01-02-01-11.wav,3,1,neutral,1,1,2,1,11,male,03-01-01-01-02-01-11.wav,-699.5246,57.129974,22.601545,20.58691,10.934581,5.699135,5.1323686,0.81273395,-1.7865862,1.435977,2.8407195,-0.62498564,-0.56504184,-0.014500272,-0.020206673,-0.019363694,-0.018124234,-0.016668092,-0.015140968,-0.013606555,-0.012037291,-0.010347118,-0.008447772,-0.006306137,-0.0039732973,-0.0015775294,03-01-01-01-02-01-11.wav
105,/Users/upendrasuryajonnalagadda/mindseye/Audio_Speech_Actors_01-24/Actor_11/03-01-03-02-01-02-11.wav,3,1,happy,3,2,1,2,11,male,03-01-03-02-01-02-11.wav,-484.9259,43.868042,2.339842,7.7468905,2.9911036,-0.8015281,0.25824666,0.23527662,-4.73363,-2.2682915,2.2516868,0.039109904,-0.55180216,0.06800561,0.056886517,0.0066215596,-0.017416887,-0.013680768,0.018330932,0.0070240786,-0.03598829,-0.06427398,-0.05773343,-0.011965893,0.013737389,0.011343546,03-01-03-02-01-02-11.wav
106,/Users/upendrasuryajonnalagadda/mindseye/Audio_Speech_Actors_01-24/Actor_11/03-01-03-01-02-02-11.wav,3,1,happy,3,1,2,2,11,male,03-01-03-01-02-02-11.wav,-652.7095,52.740593,17.85147,13.533675,9.304794,3.6277058,2.1977968,-0.64911443,-1.7615521,-3.2369573,3.2580721,-0.36332268,-1.8497005,0.037803214,0.05269113,0.050509553,0.047251455,0.04331926,0.039062668,0.034732137,0.030499568,0.02648701,0.022766957,0.019349916,0.01620249,0.013315174,03-01-03-01-02-02-11.wav
107,/Users/upendrasuryajonnalagadda/mindseye/Audio_Speech_Actors_01-24/Actor_11/03-01-02-02-02-01-11.wav,3,1,calm,2,2,2,1,11,male,03-01-02-02-02-01-11.wav,-723.7124,61.02586,25.22661,22.543198,16.86244,10.877297,6.425615,5.348231,-0.09337874,4.3724604,7.8520126,3.1078787,-0.48144278,-0.11084134,-0.13283662,-0.015571471,0.026862068,0.005420018,0.0010565073,-0.012943736,0.015721291,0.043245364,0.039919414,0.021287343,0.04224335,0.03678606,03-01-02-02-02-01-11.wav
108,/Users/upendrasuryajonnalagadda/mindseye/Audio_Speech_Actors_01-24/Actor_11/03-01-01-01-01-02-11.wav,3,1,neutral,1,1,1,2,11,male,03-01-01-01-01-02-11.wav,-697.01483,62.102234,21.480148,16.53148,11.172517,6.3433714,7.182734,1.2599957,-1.7513112,0.82465935,3.7978878,1.2289524,-1.0981224,-0.027383378,-0.03579467,-0.029976891,-0.026761958,-0.02732946,-0.02755858,-0.02494212,-0.021571808,-0.019508304,-0.019175842,-0.021189127,-0.024500996,-0.026006406,03-01-01-01-01-02-11.wav
109,/Users/upendrasuryajonnalagadda/mindseye/Audio_Speech_Actors_01-24/Actor_11/03-01-02-01-01-01-11.wav,3,1,calm,2,1,1,1,11,male,03-01-02-01-01-01-11.wav,-736.93475,63.037773,24.43781,23.061947,16.490105,12.701994,9.566387,4.9885306,0.5765092,5.787804,6.686672,2.498913,-1.5190144,0.08496094,-0.11773111,-0.03644156,-0.01274441,0.0046497644,-0.011714732,0.008601777,0.0060764593,0.020085491,0.044724505,-0.022554804,0.027458042,0.040081713,03-01-02-01-01-01-11.wav
110,/Users/upendrasuryajonnalagadda/mindseye/Audio_Speech_Actors_01-24/Actor_11/03-01-05-01-01-01-11.wav,3,1,angry,5,1,1,1,11,male,03-01-05-01-01-01-11.wav,-543.44446,47.82123,6.870028,9.118284,2.113809,0.23116313,1.8366659,-0.3383535,-4.3980007,-2.0368998,2.4392564,-1.5054544,-1.4443569,-0.0050586797,-0.007119839,-0.00701694,-0.0068465015,-0.006610137,-0.006310084,-0.0059490968,-0.005530492,-0.005058117,-0.004536201,-0.003969388,-0.0033626861,-0.0027212547,03-01-05-01-01-01-11.wav
111,/Users/upendrasuryajonnalagadda/mindseye/Audio_Speech_Actors_01-24/Actor_11/03-01-06-01-01-02-11.wav,3,1,fearful,6,1,1,2,11,male,03-01-06-01-01-02-11.wav,-617.58435,55.408577,16.678368,11.436361,4.660232,4.480245,4.621804,2.2430227,-3.9799623,-2.8535578,2.7319345,0.5974882,-0.50362563,0.025081204,0.03535891,0.03485519,0.0336785,0.03185209,0.029788958,0.027934873,0.02638881,0.024944078,0.023487408,0.022258079,0.021645073,0.021760922,03-01-06-01-01-02-11.wav
112,/Users/upendrasuryajonnalagadda/mindseye/Audio_Speech_Actors_01-24/Actor_11/03-01-06-02-02-02-11.wav,3,1,fearful,6,2,2,2,11,male,03-01-06-02-02-02-11.wav,-431.41043,31.756771,-4.931372,-0.86612064,-4.0893984,-0.24249458,-2.520157,-6.1909423,-9.634575,-5.65698,0.45603248,-1.574274,-4.0320735,0.1350248,0.14030474,0.02055112,-0.03560261,0.019550905,0.045521647,-0.021216463,-0.10882511,-0.12366208,-0.043429907,0.032761727,0.025545878,-0.016061537,03-01-06-02-02-02-11.wav
113,/Users/upendrasuryajonnalagadda/mindseye/Audio_Speech_Actors_01-24/Actor_11/03-01-05-02-02-01-11.wav,3,1,angry,5,2,2,1,11,male,03-01-05-02-02-01-11.wav,-367.85608,39.10109,-0.640143,7.7814746,-7.0142975,-7.768322,0.34218794,0.022183767,-6.2027164,-7.1647725,0.9769762,-2.9619377,-1.8946792,0.012241857,0.016871486,0.015615328,0.013734862,0.01150755,0.009247555,0.007251717,0.0057537025,0.004894077,0.0047110333,0.005149561,0.0060846666,0.0073500355,03-01-05-02-02-01-11.wav
114,/Users/upendrasuryajonnalagadda/mindseye/Audio_Speech_Actors_01-24/Actor_11/03-01-07-01-02-01-11.wav,3,1,disgust,7,1,2,1,11,male,03-01-07-01-02-01-11.wav,-627.1901,55.62843,15.93584,10.332684,1.309258,5.2811255,1.406004,-0.3562555,-1.5769445,-3.1490805,4.9200683,-3.1883793,-1.2725917,-0.02892985,-0.040736664,-0.040214334,-0.039371885,-0.03824948,-0.036899384,-0.035382714,-0.033765487,-0.03211413,-0.03049221,-0.02895612,-0.027552554,-0.02631623,03-01-07-01-02-01-11.wav
115,/Users/upendrasuryajonnalagadda/mindseye/Audio_Speech_Actors_01-24/Actor_11/03-01-04-01-02-02-11.wav,3,1,sad,4,1,2,2,11,male,03-01-04-01-02-02-11.wav,-701.44946,57.68949,23.885979,19.443907,10.07803,8.518083,5.960868,3.0552754,-2.0891972,0.8647037,4.238539,-0.4255777,-0.60972166,-0.06454038,-0.10040567,-0.07947827,-0.055075448,-0.06379956,-0.040788714,-0.029018518,-0.034303587,-0.00786156,-0.0073474525,-0.0061715017,0.015375995,0.0009779322,03-01-04-01-02-02-11.wav
116,/Users/upendrasuryajonnalagadda/mindseye/Audio_Speech_Actors_01-24/Actor_11/03-01-04-02-01-02-11.wav,3,1,sad,4,2,1,2,11,male,03-01-04-02-01-02-11.wav,-543.4214,60.658154,6.3815737,11.688165,5.0711308,1.0410143,-4.234133,-3.1064434,-7.583528,-5.2199316,-0.6587365,-2.1683238,-1.9350387,-0.050715912,-0.05429038,-0.012879109,0.027654985,0.045751598,0.036603604,0.012407332,-0.009001579,-0.017002717,-0.0129925655,-0.0055298437,-0.0018820579,-0.0032639778,03-01-04-02-01-02-11.wav
117,/Users/upendrasuryajonnalagadda/mindseye/Audio_Speech_Actors_01-24/Actor_11/03-01-07-02-01-01-11.wav,3,1,disgust,7,2,1,1,11,male,03-01-07-02-01-01-11.wav,-562.6133,49.60736,10.166953,15.956978,3.0444772,3.288086,2.7401354,-1.3155879,-6.19855,-1.5484684,6.139304,-1.3974382,-0.7795254,0.015957717,0.022548955,0.022491978,0.022397617,0.022266854,0.02210079,0.021900985,0.021669213,0.021407418,0.021117717,0.020802312,0.020463351,0.020103132,03-01-07-02-01-01-11.wav
118,/Users/upendrasuryajonnalagadda/mindseye/Audio_Speech_Actors_01-24/Actor_11/03-01-08-02-01-01-11.wav,3,1,surprised,8,2,1,1,11,male,03-01-08-02-01-01-11.wav,-590.00433,37.16315,4.403454,7.0536904,2.1119554,1.3997569,-0.8423029,-2.7660182,-4.665204,-2.7405648,1.6694626,-0.8614137,-3.3490422,-0.0061048926,-0.008503104,-0.008113983,-0.0074811517,-0.0066267313,-0.0055807373,-0.0043792077,-0.0030626175,-0.0016742935,-0.0002582378,0.0011427671,0.0024886238,0.0037440464,03-01-08-02-01-01-11.wav
119,/Users/upendrasuryajonnalagadda/mindseye/Audio_Speech_Actors_01-24/Actor_11/03-01-08-01-02-01-11.wav,3,1,surprised,8,1,2,1,11,male,03-01-08-01-02-01-11.wav,-579.9996,43.74988,9.785762,8.725044,2.7080228,2.372244,2.5390613,-0.1515269,-6.831652,-2.800437,2.5962708,-1.6054269,-1.9694345,-0.013906214,-0.019467209,-0.018887319,-0.017979253,-0.01682166,-0.0155087495,-0.014136537,-0.012789956,-0.011531426,-0.010393205,-0.00937441,-0.008443241,-0.0075440235,03-01-08-01-02-01-11.wav
120,/Users/upendrasuryajonnalagadda/mindseye/Audio_Speech_Actors_01-24/Actor_18/03-01-03-02-01-02-18.wav,3,1,happy,3,2,1,2,18,female,03-01-03-02-01-02-18.wav,-429.6723,20.209475,-21.637276,-3.8636572,-5.8410296,-7.0994277,-6.8162374,-7.5447817,-11.529515,-0.9230616,-8.350881,-5.549893,1.6876404,1.7951517e-07,0.0,-2.2439396e-08,1.1219698e-08,0.0,0.0,4.207387e-09,0.0,0.0,5.609849e-09,0.0,1.1219698e-08,-1.1219698e-08,03-01-03-02-01-02-18.wav
121,/Users/upendrasuryajonnalagadda/mindseye/Audio_Speech_Actors_01-24/Actor_18/03-01-03-01-02-02-18.wav,3,1,happy,3,1,2,2,18,female,03-01-03-01-02-02-18.wav,-646.25085,42.55036,-4.2096467,4.504076,-1.5288571,-10.668394,-5.9279933,-14.912213,-7.4563127,-4.6778793,-6.590782,-7.3887396,-7.57845,0.0,-5.052579e-08,3.157862e-08,0.0,-6.315724e-09,0.0,-1.2631448e-08,-2.5262896e-08,0.0,0.0,1.2631448e-08,0.0,0.0,03-01-03-01-02-02-18.wav
122,/Users/upendrasuryajonnalagadda/mindseye/Audio_Speech_Actors_01-24/Actor_18/03-01-02-02-02-01-18.wav,3,1,calm,2,2,2,1,18,female,03-01-02-02-02-01-18.wav,-701.8058,45.00499,8.180782,6.275292,2.870156,-2.828777,-0.6866116,-12.8032465,-4.760558,-3.7577136,-3.2111444,-4.613777,-7.2150826,1.956255e-07,-2.4453188e-08,2.4453188e-08,-1.2226594e-08,0.0,0.0,0.0,0.0,1.2226594e-08,1.2226594e-08,-6.113297e-09,-3.0566485e-09,6.113297e-09,03-01-02-02-02-01-18.wav
123,/Users/upendrasuryajonnalagadda/mindseye/Audio_Speech_Actors_01-24/Actor_18/03-01-02-01-01-01-18.wav,3,1,calm,2,1,1,1,18,female,03-01-02-01-01-01-18.wav,-689.32025,45.559467,3.425795,8.939783,-0.322647,-5.3164244,-0.70811605,-12.766839,-6.0544147,-3.9020357,-3.5295308,-5.297581,-4.189383,2.0345053e-07,0.0,1.5894573e-08,0.0,1.4305114e-08,-9.536743e-09,6.357829e-09,1.2715658e-08,0.0,0.0,1.2715658e-08,0.0,0.0,03-01-02-01-01-01-18.wav
124,/Users/upendrasuryajonnalagadda/mindseye/Audio_Speech_Actors_01-24/Actor_18/03-01-01-01-01-02-18.wav,3,1,neutral,1,1,1,2,18,female,03-01-01-01-01-02-18.wav,-741.79596,56.14055,6.200315,7.7142606,0.072303325,-4.5530295,-1.617645,-14.066454,-5.2338033,-2.7179165,-1.779545,-5.6719613,-6.6411347,1.994613e-07,0.0,9.3497485e-09,0.0,6.2331655e-09,-2.4932662e-08,0.0,0.0,-1.8699497e-08,-6.2331655e-09,-3.1165828e-09,0.0,1.2466331e-08,03-01-01-01-01-02-18.wav
125,/Users/upendrasuryajonnalagadda/mindseye/Audio_Speech_Actors_01-24/Actor_18/03-01-06-01-01-02-18.wav,3,1,fearful,6,1,1,2,18,female,03-01-06-01-01-02-18.wav,-599.76776,39.09047,-12.069918,-3.1091511,-1.550218,-7.918523,-3.7000823,-10.717207,-10.710889,-5.190017,-0.7382826,-9.107151,-0.21155615,0.0,0.0,6.4875803e-09,1.29751605e-08,-9.73137e-09,0.0,0.0,-1.29751605e-08,0.0,1.29751605e-08,-6.4875803e-09,-1.29751605e-08,-6.4875803e-09,03-01-06-01-01-02-18.wav
126,/Users/upendrasuryajonnalagadda/mindseye/Audio_Speech_Actors_01-24/Actor_18/03-01-05-01-01-01-18.wav,3,1,angry,5,1,1,1,18,female,03-01-05-01-01-01-18.wav,-544.12146,46.69985,-21.977333,-0.24575841,-9.125068,-10.916753,-4.4842257,-14.391759,-14.669273,-0.43821532,-4.418218,-6.025873,-3.9524763,-1.8057739e-07,0.0,-4.5144347e-08,0.0,-2.2572173e-08,0.0,0.0,8.464565e-09,0.0,-1.4107608e-08,-4.2322825e-09,-1.1286087e-08,0.0,03-01-05-01-01-01-18.wav
127,/Users/upendrasuryajonnalagadda/mindseye/Audio_Speech_Actors_01-24/Actor_18/03-01-05-02-02-01-18.wav,3,1,angry,5,2,2,1,18,female,03-01-05-02-02-01-18.wav,-386.99405,-4.0245605,-31.859598,-9.60742,-16.537582,-7.0856137,-8.216529,-5.9168124,-10.2110815,-3.7062926,-8.615574,-8.022974,4.120354,0.0,1.4362565e-08,0.0,1.1490052e-08,0.0,-1.1490052e-08,0.0,0.0,1.1490052e-08,0.0,0.0,0.0,2.872513e-09,03-01-05-02-02-01-18.wav
128,/Users/upendrasuryajonnalagadda/mindseye/Audio_Speech_Actors_01-24/Actor_18/03-01-06-02-02-02-18.wav,3,1,fearful,6,2,2,2,18,female,03-01-06-02-02-02-18.wav,-474.04562,20.939781,-23.740181,-9.125883,-6.276875,-12.921997,-8.479092,-10.62549,-17.740532,-0.7423424,-3.141693,-9.406858,-1.4740167,-0.094247214,-0.038805194,0.06343993,0.025217695,-0.031889696,-0.02995612,0.030333752,0.08647113,0.020560103,-0.06773925,-0.019624727,0.040586025,0.0040403777,03-01-06-02-02-02-18.wav
129,/Users/upendrasuryajonnalagadda/mindseye/Audio_Speech_Actors_01-24/Actor_18/03-01-04-01-02-02-18.wav,3,1,sad,4,1,2,2,18,female,03-01-04-01-02-02-18.wav,-680.13306,48.99814,4.397506,-0.024486663,-2.2583191,-4.969913,-0.08894008,-14.177774,-10.821665,-2.4043043,-6.1082015,-4.3381243,-5.6863213,0.00045581989,0.00064363907,0.0006404804,0.00063523214,0.0006278639,0.0006184426,0.0006070714,0.00059365924,0.00057835184,0.00056114927,0.00054210005,0.00052133715,0.0004988871,03-01-04-01-02-02-18.wav
130,/Users/upendrasuryajonnalagadda/mindseye/Audio_Speech_Actors_01-24/Actor_18/03-01-07-01-02-01-18.wav,3,1,disgust,7,1,2,1,18,female,03-01-07-01-02-01-18.wav,-584.845,46.915043,-7.8198843,-6.633575,-5.647395,-3.0719812,-7.8223023,-13.846684,-12.100024,-2.1964438,-2.1523962,-7.382166,-2.8689952,-0.0010356783,-0.00076730596,0.00048602602,0.0008418365,1.9391378e-05,-0.0008646917,-0.00079645,-4.0540155e-05,0.00042201587,0.00020532413,-0.0002128973,-0.000371906,-0.00039781866,03-01-07-01-02-01-18.wav
131,/Users/upendrasuryajonnalagadda/mindseye/Audio_Speech_Actors_01-24/Actor_18/03-01-07-02-01-01-18.wav,3,1,disgust,7,2,1,1,18,female,03-01-07-02-01-01-18.wav,-499.49188,20.35983,-26.066317,-0.79730403,-13.46619,-7.570105,-4.6343675,-14.129157,-15.127378,-0.8155877,-5.8155217,-7.8023267,-4.765342,-0.08905029,-0.074708566,0.014210562,0.037007306,-0.0077708345,-0.027209543,0.026744375,0.08951981,0.07836143,0.0067785876,-0.03995718,-0.0218709,0.013203186,03-01-07-02-01-01-18.wav
132,/Users/upendrasuryajonnalagadda/mindseye/Audio_Speech_Actors_01-24/Actor_18/03-01-04-02-01-02-18.wav,3,1,sad,4,2,1,2,18,female,03-01-04-02-01-02-18.wav,-481.61163,28.26258,-25.967796,-2.8581853,-10.422979,-15.474446,-13.354701,-16.746727,-18.464365,-5.066851,-2.2098536,-12.456925,1.0883743,0.24179518,-0.018232116,0.015539169,0.06776562,-0.0008536922,-0.025361717,-0.051309794,-0.025025597,-0.0045458553,0.026744291,-0.015163755,-0.020519096,0.028705355,03-01-04-02-01-02-18.wav
133,/Users/upendrasuryajonnalagadda/mindseye/Audio_Speech_Actors_01-24/Actor_18/03-01-08-02-01-01-18.wav,3,1,surprised,8,2,1,1,18,female,03-01-08-02-01-01-18.wav,-594.937,31.847952,-5.512039,0.80298537,-2.2672706,-1.0073942,2.9137309,-7.877714,-7.7511826,-5.7071657,-5.954427,-3.1219573,-4.185425,-1.9437948e-07,-1.2148718e-08,6.074359e-09,-1.2148718e-08,2.4297435e-08,-9.111538e-09,6.074359e-09,6.074359e-09,2.4297435e-08,6.074359e-09,-6.074359e-09,-9.111538e-09,0.0,03-01-08-02-01-01-18.wav
134,/Users/upendrasuryajonnalagadda/mindseye/Audio_Speech_Actors_01-24/Actor_18/03-01-08-01-02-01-18.wav,3,1,surprised,8,1,2,1,18,female,03-01-08-01-02-01-18.wav,-626.61633,38.18152,8.700211,-4.2438526,-2.880664,-7.878581,2.141748,-14.158726,-9.955408,-6.7578216,-9.259555,-6.234955,-7.929199,0.0,5.052579e-08,0.0,0.0,-9.473586e-09,0.0,0.0,-1.2631448e-08,1.2631448e-08,2.5262896e-08,0.0,0.0,0.0,03-01-08-01-02-01-18.wav
135,/Users/upendrasuryajonnalagadda/mindseye/Audio_Speech_Actors_01-24/Actor_18/03-01-05-01-02-02-18.wav,3,1,angry,5,1,2,2,18,female,03-01-05-01-02-02-18.wav,-572.6638,44.863274,-14.522158,-3.2797253,-8.638647,-10.151653,-3.3986485,-12.768838,-14.379846,-5.0142713,-4.272387,-6.67666,-6.0734553,-1.9437948e-07,6.074359e-08,-2.4297435e-08,-4.859487e-08,-1.5185897e-08,2.4297435e-08,0.0,0.0,0.0,2.4297435e-08,0.0,6.074359e-09,0.0,03-01-05-01-02-02-18.wav
136,/Users/upendrasuryajonnalagadda/mindseye/Audio_Speech_Actors_01-24/Actor_18/03-01-06-01-02-01-18.wav,3,1,fearful,6,1,2,1,18,female,03-01-06-01-02-01-18.wav,-599.87646,38.442047,-1.2363192,-1.910133,-0.6903408,-4.9946947,0.19013754,-12.197558,-10.014218,-1.1018487,-3.6630738,-6.4946556,-0.6607796,0.0,0.0,-1.2715658e-08,1.2715658e-08,-6.357829e-09,0.0,-6.357829e-09,0.0,0.0,-2.5431316e-08,0.0,1.9073486e-08,0.0,03-01-06-01-02-01-18.wav
137,/Users/upendrasuryajonnalagadda/mindseye/Audio_Speech_Actors_01-24/Actor_18/03-01-06-02-01-01-18.wav,3,1,fearful,6,2,1,1,18,female,03-01-06-02-01-01-18.wav,-479.47614,24.485775,-25.481997,-8.686619,-6.658984,-10.575426,-7.883005,-10.503309,-17.91308,1.9403766,-1.5778269,-11.384306,-0.4406206,0.020575292,0.011377228,-0.013355847,-0.010632053,0.0073198,0.0093114395,-0.009956691,-0.021957077,-0.0069225146,0.010760657,0.006753063,-0.0033576326,-0.00047607895,03-01-06-02-01-01-18.wav
138,/Users/upendrasuryajonnalagadda/mindseye/Audio_Speech_Actors_01-24/Actor_18/03-01-05-02-01-02-18.wav,3,1,angry,5,2,1,2,18,female,03-01-05-02-01-02-18.wav,-376.66278,-5.350825,-32.4778,-7.014609,-16.746397,-4.082447,-6.7126017,-4.6528583,-9.49242,-6.490083,-5.7313967,-0.86557794,9.70959,0.0,-4.68061e-08,-2.340305e-08,-1.1701525e-08,-2.340305e-08,-2.340305e-08,-5.8507625e-09,0.0,0.0,0.0,-2.9253813e-09,-7.3134534e-09,5.8507625e-09,03-01-05-02-01-02-18.wav
139,/Users/upendrasuryajonnalagadda/mindseye/Audio_Speech_Actors_01-24/Actor_18/03-01-07-01-01-02-18.wav,3,1,disgust,7,1,1,2,18,female,03-01-07-01-01-02-18.wav,-549.3018,46.510326,-10.334306,-0.43052596,-8.804012,-5.470302,-2.401629,-12.604173,-12.828039,-0.2678795,-2.8855693,-9.62034,-1.2469993,0.0,-4.3348834e-08,0.0,0.0,8.127906e-09,-1.8965114e-08,5.4186042e-09,0.0,-1.08372085e-08,5.4186042e-09,-5.4186042e-09,0.0,5.4186042e-09,03-01-07-01-01-02-18.wav
140,/Users/upendrasuryajonnalagadda/mindseye/Audio_Speech_Actors_01-24/Actor_18/03-01-04-01-01-01-18.wav,3,1,sad,4,1,1,1,18,female,03-01-04-01-01-01-18.wav,-645.1596,52.292377,-8.568371,1.3603168,-0.09050186,-11.668197,0.5321024,-12.015313,-12.347381,-3.0314865,-3.124238,-6.8643656,-3.4843576,0.0,0.0,4.3348834e-08,-1.2385381e-08,0.0,0.0,-3.0963452e-09,0.0,0.0,1.2385381e-08,3.0963452e-09,1.2385381e-08,0.0,03-01-04-01-01-01-18.wav
141,/Users/upendrasuryajonnalagadda/mindseye/Audio_Speech_Actors_01-24/Actor_18/03-01-04-02-02-01-18.wav,3,1,sad,4,2,2,1,18,female,03-01-04-02-02-01-18.wav,-496.7547,35.62529,-25.01239,-8.106057,-4.799509,-18.411127,-12.561721,-18.189451,-19.997227,-1.8998307,-1.7084054,-14.202248,-1.7139852,8.524463e-08,0.0,1.0655579e-08,-5.3277893e-09,-5.3277893e-09,0.0,0.0,1.0655579e-08,0.0,0.0,3.3298684e-09,0.0,5.3277893e-09,03-01-04-02-02-01-18.wav
142,/Users/upendrasuryajonnalagadda/mindseye/Audio_Speech_Actors_01-24/Actor_18/03-01-07-02-02-02-18.wav,3,1,disgust,7,2,2,2,18,female,03-01-07-02-02-02-18.wav,-460.04077,22.07409,-20.109745,-6.670168,-10.128359,-9.166004,-5.8316927,-12.712945,-12.797385,-0.4225962,-5.3613033,-8.618346,-3.9327466,-1.5491156e-07,3.872789e-08,-3.872789e-08,-1.2102466e-08,0.0,1.9363945e-08,1.089222e-08,-4.8409863e-09,1.9363945e-08,4.8409863e-09,0.0,0.0,-4.235863e-09,03-01-07-02-02-02-18.wav
143,/Users/upendrasuryajonnalagadda/mindseye/Audio_Speech_Actors_01-24/Actor_18/03-01-08-02-02-02-18.wav,3,1,surprised,8,2,2,2,18,female,03-01-08-02-02-02-18.wav,-587.14856,27.732378,0.06092791,-0.5442568,-6.6828747,-1.166674,3.1117265,-6.3976135,-8.255038,-5.853137,-6.296541,-3.9211469,-4.1809964,-0.1860647,-0.17332935,-0.044192947,0.05489748,0.12938613,0.07901795,0.0042423597,-0.016127871,-0.02486998,0.025070287,0.047612816,0.0043794913,-0.0038095827,03-01-08-02-02-02-18.wav
144,/Users/upendrasuryajonnalagadda/mindseye/Audio_Speech_Actors_01-24/Actor_18/03-01-08-01-01-02-18.wav,3,1,surprised,8,1,1,2,18,female,03-01-08-01-01-02-18.wav,-671.9018,47.573124,8.133456,2.7617621,-4.907371,-6.571577,1.546478,-14.36688,-9.300094,-6.433423,-5.852396,-6.2184105,-5.8076982,0.0,0.0,1.2631448e-08,0.0,-1.2631448e-08,1.2631448e-08,-1.2631448e-08,0.0,-2.5262896e-08,0.0,-1.2631448e-08,0.0,-6.315724e-09,03-01-08-01-01-02-18.wav
145,/Users/upendrasuryajonnalagadda/mindseye/Audio_Speech_Actors_01-24/Actor_18/03-01-03-02-02-01-18.wav,3,1,happy,3,2,2,1,18,female,03-01-03-02-02-01-18.wav,-461.68634,16.185982,-33.521534,-3.7157822,-6.2321396,-13.501505,-12.440286,-11.286241,-13.317233,1.739346,-7.1793895,-8.278611,1.8580607,1.872244e-07,0.0,0.0,1.1701525e-08,0.0,0.0,0.0,-1.1701525e-08,-2.340305e-08,-1.1701525e-08,-2.340305e-08,0.0,2.9253813e-09,03-01-03-02-02-01-18.wav
146,/Users/upendrasuryajonnalagadda/mindseye/Audio_Speech_Actors_01-24/Actor_18/03-01-03-01-01-01-18.wav,3,1,happy,3,1,1,1,18,female,03-01-03-01-01-01-18.wav,-628.15875,45.052063,-10.687617,2.0723884,-0.7182483,-6.4885497,-3.1441977,-14.835702,-7.531737,-5.9595966,-5.725163,-5.286483,-6.5087194,0.0,2.5950321e-08,1.946274e-08,1.29751605e-08,9.73137e-09,-1.29751605e-08,0.0,0.0,0.0,-1.29751605e-08,-1.29751605e-08,0.0,1.29751605e-08,03-01-03-01-01-01-18.wav
147,/Users/upendrasuryajonnalagadda/mindseye/Audio_Speech_Actors_01-24/Actor_18/03-01-02-02-01-02-18.wav,3,1,calm,2,2,1,2,18,female,03-01-02-02-01-02-18.wav,-709.78156,48.956806,7.0592685,12.370886,1.8128805,-5.1892447,0.5026923,-11.318309,-6.3261867,-3.1304,-3.7488391,-4.5837655,-5.424833,0.0,4.8906376e-08,-3.0566486e-08,0.0,-7.641622e-09,-1.5283243e-08,-6.113297e-09,-1.2226594e-08,1.2226594e-08,1.2226594e-08,3.0566485e-09,-1.2226594e-08,-6.113297e-09,03-01-02-02-01-02-18.wav
148,/Users/upendrasuryajonnalagadda/mindseye/Audio_Speech_Actors_01-24/Actor_18/03-01-01-01-02-01-18.wav,3,1,neutral,1,1,2,1,18,female,03-01-01-01-02-01-18.wav,-760.0025,47.68589,12.610178,6.4351597,-3.5098133,-3.2792037,1.4554218,-12.939928,-7.124497,-1.96691,-3.0457587,-3.019438,-6.570781,0.0046543377,0.0065782163,0.006564814,0.00654274,0.006512041,0.006472664,0.006424732,0.006368281,0.0063037234,0.0062309774,0.0061502964,0.006061899,0.005966021,03-01-01-01-02-01-18.wav
149,/Users/upendrasuryajonnalagadda/mindseye/Audio_Speech_Actors_01-24/Actor_18/03-01-02-01-02-02-18.wav,3,1,calm,2,1,2,2,18,female,03-01-02-01-02-02-18.wav,-679.8434,47.631664,10.464093,4.4105134,3.6012068,-2.9594185,-0.3662269,-12.808682,-6.0740314,-4.478188,-4.8290305,-4.281908,-5.9194846,-2.0210317e-07,7.578869e-08,-2.5262896e-08,0.0,1.2631448e-08,0.0,0.0,-1.2631448e-08,0.0,0.0,0.0,-1.1052517e-08,-6.315724e-09,03-01-02-01-02-02-18.wav
150,/Users/upendrasuryajonnalagadda/mindseye/Audio_Speech_Actors_01-24/Actor_18/03-01-04-02-01-01-18.wav,3,1,sad,4,2,1,1,18,female,03-01-04-02-01-01-18.wav,-508.33783,28.122475,-29.698605,-7.4856424,-13.078844,-13.520776,-11.188859,-14.846083,-18.338947,-5.761453,-0.54132164,-10.45626,4.4888496,0.0,2.3260348e-08,0.0,1.1630174e-08,2.3260348e-08,4.6520697e-08,0.0,-1.1630174e-08,-2.3260348e-08,0.0,-5.815087e-09,1.1630174e-08,1.1630174e-08,03-01-04-02-01-01-18.wav
151,/Users/upendrasuryajonnalagadda/mindseye/Audio_Speech_Actors_01-24/Actor_18/03-01-07-02-01-02-18.wav,3,1,disgust,7,2,1,2,18,female,03-01-07-02-01-02-18.wav,-494.9056,27.909843,-17.7696,-1.9407704,-12.789035,-7.9506054,-6.5050015,-13.2675085,-14.689535,-3.1544409,-4.036843,-8.446737,-5.201719,-1.976527e-08,1.4823953e-08,-1.4823953e-08,-9.882635e-09,-2.4706588e-09,1.4823953e-08,9.882635e-09,-2.223593e-08,0.0,-7.4119764e-09,-2.4706588e-09,2.4706588e-09,0.0,03-01-07-02-01-02-18.wav
152,/Users/upendrasuryajonnalagadda/mindseye/Audio_Speech_Actors_01-24/Actor_18/03-01-07-01-02-02-18.wav,3,1,disgust,7,1,2,2,18,female,03-01-07-01-02-02-18.wav,-568.81244,45.626686,-5.465986,-5.8921337,-3.3321822,-5.855276,-6.9533668,-14.176324,-11.275324,-2.6756675,-2.410406,-7.424735,-1.8062606,-0.0066457274,-0.004577435,0.0031506373,0.0033789135,-0.002953484,-0.0052924836,0.000755855,0.006850823,0.0040951483,-0.0040116133,-0.006724498,-0.0015191376,0.0027517893,03-01-07-01-02-02-18.wav
153,/Users/upendrasuryajonnalagadda/mindseye/Audio_Speech_Actors_01-24/Actor_18/03-01-04-01-02-01-18.wav,3,1,sad,4,1,2,1,18,female,03-01-04-01-02-01-18.wav,-695.7013,45.886524,8.123736,1.5161977,-2.7556183,-4.774906,1.1333803,-13.753619,-7.8016973,-3.5870545,-5.604699,-5.1180077,-6.6826534,-0.019452663,-0.02607034,-0.022180932,-0.016946232,-0.011707982,-0.0076000486,-0.0053019677,-0.0050225104,-0.0065898523,-0.00951267,-0.012992933,-0.01599587,-0.017479902,03-01-04-01-02-01-18.wav
154,/Users/upendrasuryajonnalagadda/mindseye/Audio_Speech_Actors_01-24/Actor_18/03-01-06-02-02-01-18.wav,3,1,fearful,6,2,2,1,18,female,03-01-06-02-02-01-18.wav,-518.51294,25.149551,-14.049212,-5.8426843,-4.1727366,-7.9557347,-8.387474,-12.563679,-13.135885,1.3176854,-3.2112393,-9.04194,-1.6380496,0.0,0.0,0.0,5.815087e-09,8.722631e-09,-2.3260348e-08,1.1630174e-08,2.3260348e-08,0.0,5.815087e-09,0.0,1.1630174e-08,5.815087e-09,03-01-06-02-02-01-18.wav
155,/Users/upendrasuryajonnalagadda/mindseye/Audio_Speech_Actors_01-24/Actor_18/03-01-05-02-02-02-18.wav,3,1,angry,5,2,2,2,18,female,03-01-05-02-02-02-18.wav,-368.29218,-1.4989997,-32.311813,-11.2415495,-17.770937,-4.492569,-5.769096,-5.8290033,-8.921157,-4.417964,-7.934256,-5.873627,2.9019055,0.0,2.084534e-08,2.084534e-08,0.0,0.0,2.084534e-08,-1.042267e-08,1.042267e-08,0.0,1.042267e-08,5.211335e-09,0.0,-2.084534e-08,03-01-05-02-02-02-18.wav
156,/Users/upendrasuryajonnalagadda/mindseye/Audio_Speech_Actors_01-24/Actor_18/03-01-05-01-01-02-18.wav,3,1,angry,5,1,1,2,18,female,03-01-05-01-01-02-18.wav,-558.3125,50.410435,-15.666469,1.9752567,-10.307769,-5.298704,1.4623742,-15.555854,-14.331328,-1.7544261,-3.914252,-4.633808,-5.1181073,3.390842e-07,4.2385526e-08,-2.1192763e-08,-1.05963815e-08,0.0,5.2981908e-09,5.2981908e-09,0.0,0.0,-1.5894573e-08,2.6490954e-09,0.0,-5.2981908e-09,03-01-05-01-01-02-18.wav
157,/Users/upendrasuryajonnalagadda/mindseye/Audio_Speech_Actors_01-24/Actor_18/03-01-06-01-01-01-18.wav,3,1,fearful,6,1,1,1,18,female,03-01-06-01-01-01-18.wav,-572.483,43.66747,-12.338446,-7.6736264,-4.3396797,-9.26305,-3.123478,-14.411972,-10.86219,-0.65432286,-3.1244311,-8.585004,-1.585853,0.0,0.0,1.2800998e-08,-6.400499e-09,9.600748e-09,0.0,-3.2002494e-09,0.0,0.0,0.0,6.400499e-09,-1.2800998e-08,1.2800998e-08,03-01-06-01-01-01-18.wav
158,/Users/upendrasuryajonnalagadda/mindseye/Audio_Speech_Actors_01-24/Actor_18/03-01-08-01-02-02-18.wav,3,1,surprised,8,1,2,2,18,female,03-01-08-01-02-02-18.wav,-667.3429,40.748005,6.382224,2.1529388,-0.5819031,-3.6610782,1.9494617,-10.684785,-8.748016,-6.5831685,-8.120845,-5.966727,-7.551566,0.0,0.0,0.0,-2.5262896e-08,0.0,1.2631448e-08,-1.578931e-08,6.315724e-09,0.0,2.5262896e-08,-1.2631448e-08,0.0,0.0,03-01-08-01-02-02-18.wav
159,/Users/upendrasuryajonnalagadda/mindseye/Audio_Speech_Actors_01-24/Actor_18/03-01-08-02-01-02-18.wav,3,1,surprised,8,2,1,2,18,female,03-01-08-02-01-02-18.wav,-597.57764,31.650173,0.8106999,-0.54088837,-7.3405476,-3.1083295,3.7935731,-8.382632,-10.935116,-7.2547083,-7.0997195,-4.8443103,-6.350873,1.994613e-07,0.0,-1.2466331e-08,2.4932662e-08,-6.2331655e-09,0.0,-6.2331655e-09,2.4932662e-08,0.0,-2.4932662e-08,1.2466331e-08,0.0,0.0,03-01-08-02-01-02-18.wav
160,/Users/upendrasuryajonnalagadda/mindseye/Audio_Speech_Actors_01-24/Actor_18/03-01-01-01-01-01-18.wav,3,1,neutral,1,1,1,1,18,female,03-01-01-01-01-01-18.wav,-751.19867,54.40895,6.18012,9.967446,0.44338146,-5.4271164,-1.8321086,-13.977192,-6.9333057,-1.6625735,-1.1481076,-5.5754213,-5.639187,-9.358724e-06,-1.3275147e-05,-1.3389587e-05,-1.3326009e-05,-1.32846835e-05,-1.3249715e-05,-1.3098716e-05,-1.2982687e-05,-1.2855529e-05,-1.267751e-05,-1.2534956e-05,-1.2334188e-05,-1.21688845e-05,03-01-01-01-01-01-18.wav
161,/Users/upendrasuryajonnalagadda/mindseye/Audio_Speech_Actors_01-24/Actor_18/03-01-02-01-01-02-18.wav,3,1,calm,2,1,1,2,18,female,03-01-02-01-01-02-18.wav,-700.2076,51.9745,0.10405383,11.584208,0.9933175,-4.9434657,1.3113207,-13.54741,-4.4003696,-3.1837387,-1.7566506,-5.83737,-5.714686,0.030918667,0.042001583,0.037234947,0.030530605,0.023384703,0.017281331,0.0133109605,0.011920098,0.012850495,0.015269117,0.018033667,0.020012785,0.020372352,03-01-02-01-01-02-18.wav
162,/Users/upendrasuryajonnalagadda/mindseye/Audio_Speech_Actors_01-24/Actor_18/03-01-02-02-02-02-18.wav,3,1,calm,2,2,2,2,18,female,03-01-02-02-02-02-18.wav,-699.7999,43.77162,6.547405,2.9006422,2.3747425,-3.8846319,-0.08012889,-13.268996,-4.679235,-5.0999856,-5.1503634,-4.957903,-6.710159,0.0,-4.8906376e-08,2.4453188e-08,1.2226594e-08,0.0,1.2226594e-08,1.2226594e-08,-2.4453188e-08,1.2226594e-08,0.0,-1.2226594e-08,0.0,-6.113297e-09,03-01-02-02-02-02-18.wav
163,/Users/upendrasuryajonnalagadda/mindseye/Audio_Speech_Actors_01-24/Actor_18/03-01-03-01-02-01-18.wav,3,1,happy,3,1,2,1,18,female,03-01-03-01-02-01-18.wav,-667.24646,49.291515,-7.0733585,5.427686,0.39306754,-5.02069,-4.6512814,-15.912791,-7.278917,-5.001693,-5.5799985,-5.311221,-7.0010157,5.8167734e-05,8.2592036e-05,8.249923e-05,8.233602e-05,8.21312e-05,8.1849576e-05,8.150395e-05,8.108152e-05,8.0646285e-05,8.008304e-05,7.9506994e-05,7.886055e-05,7.816289e-05,03-01-03-01-02-01-18.wav
164,/Users/upendrasuryajonnalagadda/mindseye/Audio_Speech_Actors_01-24/Actor_18/03-01-03-02-01-01-18.wav,3,1,happy,3,2,1,1,18,female,03-01-03-02-01-01-18.wav,-414.26715,11.108299,-23.210482,-7.419191,-7.288784,-8.882564,-6.3302054,-7.0788364,-12.507562,-1.6781353,-7.575988,-4.123612,1.7700888,9.36122e-08,2.340305e-08,-4.68061e-08,-1.1701525e-08,2.340305e-08,-1.1701525e-08,-1.1701525e-08,0.0,-2.340305e-08,-1.1701525e-08,0.0,1.1701525e-08,1.1701525e-08,03-01-03-02-01-01-18.wav
165,/Users/upendrasuryajonnalagadda/mindseye/Audio_Speech_Actors_01-24/Actor_18/03-01-02-01-02-01-18.wav,3,1,calm,2,1,2,1,18,female,03-01-02-01-02-01-18.wav,-688.96545,49.9204,8.799583,5.350063,2.236132,-1.4212369,-1.59816,-12.267881,-5.1309137,-5.539937,-4.3236213,-4.888618,-6.250862,-0.0034652029,-0.003384584,-0.0010228977,-0.0012175931,-0.0036788806,-0.004844526,-0.0030204384,-0.0008228569,-0.001400735,-0.003894077,-0.0046792123,-0.0025980244,-0.0006235451,03-01-02-01-02-01-18.wav
166,/Users/upendrasuryajonnalagadda/mindseye/Audio_Speech_Actors_01-24/Actor_18/03-01-01-01-02-02-18.wav,3,1,neutral,1,1,2,2,18,female,03-01-01-01-02-02-18.wav,-761.6654,57.792294,5.3452344,5.8897953,-2.6323333,-2.4839988,-3.0029597,-13.693338,-7.9243455,-0.09443085,-2.142057,-4.4876823,-3.1700544,0.00032409668,0.00045796714,0.0004567464,0.00045466106,0.00045178414,0.00044815065,0.0004436493,0.000438385,0.0004322815,0.00042549134,0.00041791916,0.00040962538,0.00040060043,03-01-01-01-02-02-18.wav
167,/Users/upendrasuryajonnalagadda/mindseye/Audio_Speech_Actors_01-24/Actor_18/03-01-02-02-01-01-18.wav,3,1,calm,2,2,1,1,18,female,03-01-02-02-01-01-18.wav,-710.42993,43.07996,2.9264166,10.533278,-0.5246232,-5.281571,0.83151364,-13.466611,-6.3695016,-4.4797816,-4.900441,-5.0796776,-6.6575475,-1.956255e-07,0.0,1.2226594e-08,4.8906376e-08,-3.0566485e-09,1.2226594e-08,3.0566485e-09,1.2226594e-08,0.0,0.0,-9.169946e-09,0.0,0.0,03-01-02-02-01-01-18.wav
168,/Users/upendrasuryajonnalagadda/mindseye/Audio_Speech_Actors_01-24/Actor_18/03-01-03-01-01-02-18.wav,3,1,happy,3,1,1,2,18,female,03-01-03-01-01-02-18.wav,-628.40735,42.05372,-13.939924,4.7902513,-0.53723973,-9.554271,-7.566367,-17.344685,-6.1383524,-1.2843633,-5.079163,-7.486701,-6.1776624,0.0,0.0,3.9192095e-08,0.0,-1.1431028e-08,-2.6128063e-08,9.798024e-09,-5.2256127e-08,0.0,0.0,6.532016e-09,1.9596047e-08,0.0,03-01-03-01-01-02-18.wav
169,/Users/upendrasuryajonnalagadda/mindseye/Audio_Speech_Actors_01-24/Actor_18/03-01-03-02-02-02-18.wav,3,1,happy,3,2,2,2,18,female,03-01-03-02-02-02-18.wav,-409.97815,8.036108,-25.479769,-8.056434,-7.822404,-10.435479,-8.7443,-9.364064,-10.210476,0.3188921,-8.535005,-4.45514,0.28795058,-9.192041e-08,0.0,0.0,1.1490052e-08,-1.1490052e-08,1.1490052e-08,-8.617539e-09,-2.2980103e-08,0.0,-1.1490052e-08,5.745026e-09,-1.1490052e-08,0.0,03-01-03-02-02-02-18.wav
170,/Users/upendrasuryajonnalagadda/mindseye/Audio_Speech_Actors_01-24/Actor_18/03-01-07-02-02-01-18.wav,3,1,disgust,7,2,2,1,18,female,03-01-07-02-02-01-18.wav,-481.7221,32.366623,-16.953447,-6.5130835,-9.3761,-9.362711,-4.3095202,-14.898703,-11.764624,-0.17533737,-4.7581124,-5.58485,-3.3121989,0.0,0.0,0.0,1.9073486e-08,-1.4305114e-08,0.0,9.536743e-09,9.536743e-09,9.536743e-09,-5.9604646e-09,4.7683715e-09,-4.7683715e-09,2.3841857e-09,03-01-07-02-02-01-18.wav
171,/Users/upendrasuryajonnalagadda/mindseye/Audio_Speech_Actors_01-24/Actor_18/03-01-04-02-02-02-18.wav,3,1,sad,4,2,2,2,18,female,03-01-04-02-02-02-18.wav,-501.362,29.30745,-25.765537,-7.103438,-6.6573176,-18.079805,-12.879894,-14.035048,-21.3754,-1.2141588,-2.7369044,-14.600492,1.5495789,1.8384083e-07,1.7235077e-08,4.5960206e-08,-2.872513e-08,2.872513e-09,0.0,-2.2980103e-08,5.745026e-09,-4.5960206e-08,0.0,-1.1490052e-08,-1.1490052e-08,0.0,03-01-04-02-02-02-18.wav
172,/Users/upendrasuryajonnalagadda/mindseye/Audio_Speech_Actors_01-24/Actor_18/03-01-04-01-01-02-18.wav,3,1,sad,4,1,1,2,18,female,03-01-04-01-01-02-18.wav,-662.43134,49.88233,-5.3726125,-1.0776556,-4.939733,-8.052366,0.21584092,-11.379195,-12.613911,-1.9441062,-3.9464095,-8.26724,-3.5775561,1.9437948e-07,0.0,-6.074359e-09,-1.2148718e-08,6.074359e-09,-1.2148718e-08,-1.5185897e-09,-1.2148718e-08,-1.2148718e-08,0.0,4.555769e-09,0.0,0.0,03-01-04-01-01-02-18.wav
173,/Users/upendrasuryajonnalagadda/mindseye/Audio_Speech_Actors_01-24/Actor_18/03-01-07-01-01-01-18.wav,3,1,disgust,7,1,1,1,18,female,03-01-07-01-01-01-18.wav,-622.23016,53.514874,-3.5073364,3.0967531,-8.308413,-2.7469969,-1.8033712,-11.341995,-10.871562,-3.422085,0.6102263,-6.8497753,-2.216164,3.28146e-07,-4.101825e-08,-2.0509125e-08,6.152737e-08,-5.1272813e-09,0.0,1.02545625e-08,0.0,2.0509125e-08,0.0,0.0,0.0,0.0,03-01-07-01-01-01-18.wav
174,/Users/upendrasuryajonnalagadda/mindseye/Audio_Speech_Actors_01-24/Actor_18/03-01-05-02-01-01-18.wav,3,1,angry,5,2,1,1,18,female,03-01-05-02-01-01-18.wav,-394.69827,3.0036666,-31.253637,-4.582311,-15.281145,-9.647146,-6.338894,-4.7024894,-11.499353,-5.435595,-5.784519,-7.1454873,1.7370884,-9.536743e-08,-1.1920929e-08,4.7683717e-08,-5.9604646e-09,0.0,0.0,-1.1920929e-08,-1.0430813e-08,-2.3841858e-08,-1.1920929e-08,2.9802323e-09,5.9604646e-09,2.9802323e-09,03-01-05-02-01-01-18.wav
175,/Users/upendrasuryajonnalagadda/mindseye/Audio_Speech_Actors_01-24/Actor_18/03-01-06-02-01-02-18.wav,3,1,fearful,6,2,1,2,18,female,03-01-06-02-01-02-18.wav,-469.20496,25.095575,-22.377947,-6.330383,-6.452789,-8.746282,-6.286771,-8.858514,-14.157976,0.64945817,0.16933043,-7.8586035,-1.2480791,8.477105e-08,1.5894573e-08,2.6490953e-08,1.05963815e-08,2.3841858e-08,5.2981908e-09,1.9868216e-09,1.05963815e-08,0.0,1.05963815e-08,0.0,-5.2981908e-09,1.05963815e-08,03-01-06-02-01-02-18.wav
176,/Users/upendrasuryajonnalagadda/mindseye/Audio_Speech_Actors_01-24/Actor_18/03-01-06-01-02-02-18.wav,3,1,fearful,6,1,2,2,18,female,03-01-06-01-02-02-18.wav,-573.80347,50.80825,-10.013379,-4.2318435,-0.42712688,-7.518024,0.30993673,-16.550362,-11.061664,0.3712074,-3.8012187,-7.360249,0.09733103,0.2461674,0.15817937,-0.03205428,0.017120032,0.0360043,0.011588668,-0.029320411,-0.122219086,-0.088868946,0.020379525,0.021543961,-0.0009960555,-0.006891562,03-01-06-01-02-02-18.wav
177,/Users/upendrasuryajonnalagadda/mindseye/Audio_Speech_Actors_01-24/Actor_18/03-01-05-01-02-01-18.wav,3,1,angry,5,1,2,1,18,female,03-01-05-01-02-01-18.wav,-544.0694,38.23803,-10.403605,-1.4367192,-7.756021,-9.004867,-4.120344,-13.219693,-14.917849,-3.892212,-5.250088,-5.372696,-5.9114547,-1.9816609e-07,-2.4770761e-08,-2.4770761e-08,-4.9541523e-08,0.0,0.0,-1.2385381e-08,0.0,-2.4770761e-08,-2.4770761e-08,0.0,0.0,0.0,03-01-05-01-02-01-18.wav
178,/Users/upendrasuryajonnalagadda/mindseye/Audio_Speech_Actors_01-24/Actor_18/03-01-08-01-01-01-18.wav,3,1,surprised,8,1,1,1,18,female,03-01-08-01-01-01-18.wav,-660.55853,46.69857,-4.462431,4.136873,-4.051329,-10.320973,1.9648588,-17.973434,-10.0557995,-9.002686,-8.22498,-6.047845,-7.0814157,0.0,5.2256127e-08,-1.3064032e-08,-6.532016e-09,0.0,-1.3064032e-08,0.0,0.0,1.3064032e-08,0.0,9.798024e-09,0.0,0.0,03-01-08-01-01-01-18.wav
179,/Users/upendrasuryajonnalagadda/mindseye/Audio_Speech_Actors_01-24/Actor_18/03-01-08-02-02-01-18.wav,3,1,surprised,8,2,2,1,18,female,03-01-08-02-02-01-18.wav,-574.5478,31.0831,4.6447887,-1.977455,-5.5003233,-7.172912,0.8774586,-12.652686,-13.531674,-8.403601,-10.115032,-6.150233,-6.6233935,0.0,2.28425e-08,2.28425e-08,2.28425e-08,5.710625e-09,2.28425e-08,5.710625e-09,0.0,2.28425e-08,-1.142125e-08,0.0,0.0,0.0,03-01-08-02-02-01-18.wav
180,/Users/upendrasuryajonnalagadda/mindseye/Audio_Speech_Actors_01-24/Actor_20/03-01-08-01-02-01-20.wav,3,1,surprised,8,1,2,1,20,female,03-01-08-01-02-01-20.wav,-697.1783,34.360622,-10.023999,2.2621684,-5.1408863,-3.7022245,-10.11301,-13.919273,-5.329113,-3.9390051,-6.0587635,-4.66779,-3.5296917,0.084481634,-0.0045985333,-0.03488505,0.07866304,0.007391453,-0.04650775,0.034289025,0.015480322,-0.041225974,0.011303089,0.02080944,-0.02875572,6.9264104e-05,03-01-08-01-02-01-20.wav
181,/Users/upendrasuryajonnalagadda/mindseye/Audio_Speech_Actors_01-24/Actor_20/03-01-08-02-01-01-20.wav,3,1,surprised,8,2,1,1,20,female,03-01-08-02-01-01-20.wav,-491.45468,33.537125,-22.894016,1.3118414,-14.458569,-13.203241,-9.766088,-16.279688,-8.4061985,-5.2869577,-10.154553,-4.6355915,-3.9562502,-0.0012614564,-0.00085814105,0.00017597365,-0.0005052223,-0.001254757,-0.000201788,0.001059467,0.00055367604,-0.00025385508,0.00063262373,0.0018012242,0.0011681532,2.8029732e-05,03-01-08-02-01-01-20.wav
182,/Users/upendrasuryajonnalagadda/mindseye/Audio_Speech_Actors_01-24/Actor_20/03-01-04-02-01-02-20.wav,3,1,sad,4,2,1,2,20,female,03-01-04-02-01-02-20.wav,-484.49747,25.881422,-31.882252,-4.438724,-10.472031,-24.525002,-11.578903,-19.889175,-22.445848,-0.7532738,-14.098102,-0.57462907,-0.10503283,2.4439764,0.21825355,-0.35404292,-0.041308023,-0.044614658,-0.147357,-0.12017986,-0.13719185,-0.21189046,0.14634158,-0.16950713,0.08005481,0.11729713,03-01-04-02-01-02-20.wav
183,/Users/upendrasuryajonnalagadda/mindseye/Audio_Speech_Actors_01-24/Actor_20/03-01-07-02-01-01-20.wav,3,1,disgust,7,2,1,1,20,female,03-01-07-02-01-01-20.wav,-644.3734,36.132797,-0.019422283,3.0612745,-7.6875157,-7.4593763,-6.7287154,-10.855753,-11.11746,-2.3004267,-5.448659,-6.066709,-2.5772429,0.33375663,0.4070929,0.24624006,0.066254504,-0.06173539,-0.10585887,-0.080403574,-0.029668495,0.0014215459,-0.0060145813,-0.03626579,-0.058316246,-0.05723073,03-01-07-02-01-01-20.wav
184,/Users/upendrasuryajonnalagadda/mindseye/Audio_Speech_Actors_01-24/Actor_20/03-01-07-01-02-01-20.wav,3,1,disgust,7,1,2,1,20,female,03-01-07-01-02-01-20.wav,-711.90674,41.217934,3.1859272,1.0049268,-3.941812,-3.2899582,-9.494141,-10.740679,-4.17024,-5.2172894,-5.839829,-5.754578,-2.372964,0.041296892,0.05402224,0.042610265,0.02950663,0.021523602,0.02100291,0.022259949,0.016957544,0.0037539597,-0.009576931,-0.014538856,-0.01044653,-0.0033692373,03-01-07-01-02-01-20.wav
185,/Users/upendrasuryajonnalagadda/mindseye/Audio_Speech_Actors_01-24/Actor_20/03-01-04-01-02-02-20.wav,3,1,sad,4,1,2,2,20,female,03-01-04-01-02-02-20.wav,-795.28186,44.76906,-1.8909981,13.641995,-0.08262279,5.2937164,-6.8629394,-14.351245,-8.375112,-0.11432492,-3.037451,-5.556241,-2.8404047,0.8076759,0.23397473,-0.06545374,0.055360246,0.10393864,0.107292265,-0.011557696,-0.1264149,-0.096849136,0.05147269,0.007690077,-0.04289242,-0.02569599,03-01-04-01-02-02-20.wav
186,/Users/upendrasuryajonnalagadda/mindseye/Audio_Speech_Actors_01-24/Actor_20/03-01-06-02-02-02-20.wav,3,1,fearful,6,2,2,2,20,female,03-01-06-02-02-02-20.wav,-338.56052,9.739462,-23.762583,-12.000756,-14.014739,-13.600858,-9.955663,-14.1722145,-5.4902825,5.2278323,2.7344327,12.879958,5.162269,0.78098327,0.17987451,-0.05126321,0.01816208,-0.06214775,0.19040044,0.08107983,-0.05198252,-0.088486984,0.00658576,0.013129782,-0.010586778,0.057570938,03-01-06-02-02-02-20.wav
187,/Users/upendrasuryajonnalagadda/mindseye/Audio_Speech_Actors_01-24/Actor_20/03-01-05-02-02-01-20.wav,3,1,angry,5,2,2,1,20,female,03-01-05-02-02-01-20.wav,-332.71335,20.409542,-24.743666,-12.518737,-15.651567,-15.802431,-6.9514422,-10.635042,-7.4667935,-5.074694,-3.8230321,-4.8845987,-3.8841443,0.0,2.0077355e-08,-2.7606362e-08,-2.0077355e-08,1.00386774e-08,1.00386774e-08,0.0,0.0,2.0077355e-08,7.529008e-09,-5.0193387e-09,1.00386774e-08,1.2548346e-08,03-01-05-02-02-01-20.wav
188,/Users/upendrasuryajonnalagadda/mindseye/Audio_Speech_Actors_01-24/Actor_20/03-01-05-01-01-01-20.wav,3,1,angry,5,1,1,1,20,female,03-01-05-01-01-01-20.wav,-718.8174,35.305683,-2.1395128,4.4882774,-4.357751,-3.5814202,-5.334898,-11.133237,-5.956142,-7.668054,-2.854255,-3.802172,-6.8896894,-0.004822649,-0.00664602,-0.006134987,-0.0053179604,-0.0042447224,-0.0029792786,-0.0015955108,-0.00017187936,0.0012136664,0.0024884497,0.0035895824,0.004466813,0.0050852774,03-01-05-01-01-01-20.wav
189,/Users/upendrasuryajonnalagadda/mindseye/Audio_Speech_Actors_01-24/Actor_20/03-01-06-01-01-02-20.wav,3,1,fearful,6,1,1,2,20,female,03-01-06-01-01-02-20.wav,-716.9557,26.38051,-7.190039,2.683254,-5.724729,-12.158397,-9.297319,-13.688541,-1.8686459,-6.5472536,-7.576274,-0.8790213,-7.062283,-0.00023806536,-0.00033806745,-0.00034133214,-0.00034349936,-0.00034012366,-0.00032616922,-0.00029675543,-0.0002481622,-0.00017860075,-8.884814e-05,1.7552149e-05,0.0001343167,0.00025295958,03-01-06-01-01-02-20.wav
190,/Users/upendrasuryajonnalagadda/mindseye/Audio_Speech_Actors_01-24/Actor_20/03-01-01-01-01-02-20.wav,3,1,neutral,1,1,1,2,20,female,03-01-01-01-01-02-20.wav,-706.14124,35.002117,-7.671686,9.35868,-6.6919684,-9.426923,-6.437806,-12.181662,-5.520777,-4.0778794,-5.006567,-4.896059,-5.7605367,0.014420942,0.020715937,0.021113532,0.020617187,0.018970415,0.016493939,0.013004801,0.007636541,0.00016585883,-0.007875963,-0.0140339,-0.016930457,-0.017094772,03-01-01-01-01-02-20.wav
191,/Users/upendrasuryajonnalagadda/mindseye/Audio_Speech_Actors_01-24/Actor_20/03-01-02-01-01-01-20.wav,3,1,calm,2,1,1,1,20,female,03-01-02-01-01-01-20.wav,-790.88794,35.024334,-6.144309,11.189783,-3.7430444,-7.731188,-8.974464,-11.212101,-4.7247114,-5.1557918,-3.0792608,-7.415829,-3.0577977,-0.016415346,-0.0063039693,0.013624398,0.0114860805,0.0061532524,0.006987574,0.0038866631,0.0023666308,0.0047975467,0.0036275403,0.00067687035,0.0004610803,-0.003292922,03-01-02-01-01-01-20.wav
192,/Users/upendrasuryajonnalagadda/mindseye/Audio_Speech_Actors_01-24/Actor_20/03-01-02-02-02-01-20.wav,3,1,calm,2,2,2,1,20,female,03-01-02-02-02-01-20.wav,-807.10645,41.26715,2.3186638,10.466209,-0.7968007,-3.9531403,-7.9993057,-11.103648,-3.593177,-1.0736933,-4.3939247,-4.937667,-3.4010646,0.16759515,0.14767896,0.07792465,0.056734025,0.03652718,0.023731912,0.020915663,-0.0033752902,-0.007103123,0.0043202783,0.01363176,0.00349648,-0.002361984,03-01-02-02-02-01-20.wav
193,/Users/upendrasuryajonnalagadda/mindseye/Audio_Speech_Actors_01-24/Actor_20/03-01-03-01-02-02-20.wav,3,1,happy,3,1,2,2,20,female,03-01-03-01-02-02-20.wav,-673.9103,27.615297,-13.983661,-1.5622809,-5.716148,-10.465156,-8.6013565,-17.099243,-7.765978,-7.1159916,-5.626108,-0.83338207,-7.872592,6.913166e-05,-4.6451078e-06,-0.00028392248,-0.0006600075,-0.0010202823,-0.0012453559,-0.0012373113,-0.0009436056,-0.00037194596,0.000407965,0.0012765612,0.0020877358,0.0026991707,03-01-03-01-02-02-20.wav
194,/Users/upendrasuryajonnalagadda/mindseye/Audio_Speech_Actors_01-24/Actor_20/03-01-03-02-01-02-20.wav,3,1,happy,3,2,1,2,20,female,03-01-03-02-01-02-20.wav,-483.98975,31.332003,-36.66193,-2.5267751,-16.020794,-20.133308,-10.0673895,-21.066885,-11.018093,-6.540895,-14.631471,1.1334414,-4.1200266,-0.0432987,0.04693875,0.044884957,-0.026192931,0.050783403,0.03533027,-0.024244595,0.013101434,0.007301874,-0.019038098,-0.021306554,-0.014653677,0.022101186,03-01-03-02-01-02-20.wav
195,/Users/upendrasuryajonnalagadda/mindseye/Audio_Speech_Actors_01-24/Actor_20/03-01-02-01-02-02-20.wav,3,1,calm,2,1,2,2,20,female,03-01-02-01-02-02-20.wav,-787.88214,34.851734,2.81575,6.904305,-1.4044144,-4.3676353,-6.735886,-10.346631,-4.0016494,-4.390564,-2.6138835,-6.8828325,-3.0951362,0.016809324,0.02971874,0.01922385,0.021971494,0.024332615,0.019205712,0.012420756,0.0010649068,0.0012980897,-0.0022907888,0.0047213132,-0.0032796606,-0.008005331,03-01-02-01-02-02-20.wav
196,/Users/upendrasuryajonnalagadda/mindseye/Audio_Speech_Actors_01-24/Actor_20/03-01-01-01-02-01-20.wav,3,1,neutral,1,1,2,1,20,female,03-01-01-01-02-01-20.wav,-727.40466,39.942905,-1.6782709,7.223198,-4.6347146,-6.327626,-6.6741753,-11.066924,-4.1365056,-3.8502643,-4.059075,-5.6526246,-4.399698,0.06897853,0.09146134,0.07628352,0.058478158,0.042633474,0.029291064,0.01708192,0.0056335144,-0.0039628176,-0.010677901,-0.014677419,-0.016913677,-0.018007956,03-01-01-01-02-01-20.wav
197,/Users/upendrasuryajonnalagadda/mindseye/Audio_Speech_Actors_01-24/Actor_20/03-01-02-02-01-02-20.wav,3,1,calm,2,2,1,2,20,female,03-01-02-02-01-02-20.wav,-818.1348,40.67369,-3.2050636,15.0637665,-0.28101072,-4.9361095,-5.370554,-10.663362,-5.2482452,-3.7326798,-4.979527,-6.6168227,-3.4013383,0.04004704,0.04099304,0.014448806,0.0032327285,0.0064024627,0.01069989,0.01055776,0.005895712,0.0011824045,-0.0003404211,-0.0020972518,-0.0025959664,0.0013932044,03-01-02-02-01-02-20.wav
198,/Users/upendrasuryajonnalagadda/mindseye/Audio_Speech_Actors_01-24/Actor_20/03-01-03-01-01-01-20.wav,3,1,happy,3,1,1,1,20,female,03-01-03-01-01-01-20.wav,-572.8164,34.408527,-14.77135,3.9322925,-8.077449,-12.511955,-6.8386197,-15.84443,-9.628416,-4.735819,-10.094336,-1.3581771,-9.728367,1.6555288e-05,2.303778e-05,2.1716349e-05,1.9743551e-05,1.7029008e-05,1.3563368e-05,9.627124e-06,5.185994e-06,4.4878792e-07,-4.4629464e-06,-9.443245e-06,-1.4330048e-05,-1.8973755e-05,03-01-03-01-01-01-20.wav
199,/Users/upendrasuryajonnalagadda/mindseye/Audio_Speech_Actors_01-24/Actor_20/03-01-03-02-02-01-20.wav,3,1,happy,3,2,2,1,20,female,03-01-03-02-02-01-20.wav,-473.65646,22.779184,-27.781593,-2.476644,-15.722084,-15.869231,-14.93059,-16.87676,-7.8204336,-3.1334012,-3.3939843,-1.0868928,-2.7694929,0.0,1.2385381e-08,0.0,-8.51495e-09,0.0,-2.4770761e-08,-4.9541523e-08,0.0,0.0,1.2385381e-08,0.0,0.0,6.1926904e-09,03-01-03-02-02-01-20.wav
200,/Users/upendrasuryajonnalagadda/mindseye/Audio_Speech_Actors_01-24/Actor_20/03-01-08-01-01-02-20.wav,3,1,surprised,8,1,1,2,20,female,03-01-08-01-01-02-20.wav,-584.0843,38.62264,-13.848334,3.095492,-7.6684823,-10.693736,-7.953488,-12.658571,-7.779194,-6.30207,-5.721815,-5.661475,-5.8211546,0.000578645,0.0008045543,0.00076492113,0.0007035516,0.00062660116,0.0005408448,0.0004523265,0.00036561023,0.0002827954,0.0002040058,0.00012760657,5.1498413e-05,-2.6027878e-05,03-01-08-01-01-02-20.wav
201,/Users/upendrasuryajonnalagadda/mindseye/Audio_Speech_Actors_01-24/Actor_20/03-01-08-02-02-02-20.wav,3,1,surprised,8,2,2,2,20,female,03-01-08-02-02-02-20.wav,-597.75964,33.127743,-17.43268,3.7646346,-6.836936,-6.843332,-10.605316,-17.50824,-4.1711884,-3.9833272,-8.670634,-5.2224646,-5.9003344,-0.0049362695,-0.0061384877,-0.003922098,-0.0011223147,0.0013261321,0.0027067198,0.0027412055,0.0016058339,-0.00020896188,-0.0020914653,-0.0034798488,-0.003990026,-0.0035068332,03-01-08-02-02-02-20.wav
202,/Users/upendrasuryajonnalagadda/mindseye/Audio_Speech_Actors_01-24/Actor_20/03-01-07-02-02-02-20.wav,3,1,disgust,7,2,2,2,20,female,03-01-07-02-02-02-20.wav,-538.601,32.994755,-10.199847,-9.196614,-13.171097,-7.6060286,-9.206812,-15.677617,-12.207046,-3.902577,-6.874881,-9.534218,-7.6598353,-0.006430986,-0.007375089,-0.004303161,-0.0027412141,-0.002036997,-9.306034e-05,0.0022687055,0.0025132003,0.0008455151,-0.000112887625,0.0002853485,0.00012685011,-0.001075756,03-01-07-02-02-02-20.wav
203,/Users/upendrasuryajonnalagadda/mindseye/Audio_Speech_Actors_01-24/Actor_20/03-01-04-02-02-01-20.wav,3,1,sad,4,2,2,1,20,female,03-01-04-02-02-01-20.wav,-707.0014,36.547977,-2.5585473,2.088703,-4.013518,-10.808272,-12.337747,-16.72845,-12.153151,-2.8295627,-10.164288,-0.6368117,-4.117458,0.062323965,0.010772845,-0.04822418,0.02477097,0.040683653,-0.031028515,-0.02789291,0.013346265,-0.0036468622,-0.009232381,0.012447857,-0.0050096163,-0.019730521,03-01-04-02-02-01-20.wav
204,/Users/upendrasuryajonnalagadda/mindseye/Audio_Speech_Actors_01-24/Actor_20/03-01-04-01-01-01-20.wav,3,1,sad,4,1,1,1,20,female,03-01-04-01-01-01-20.wav,-748.3826,41.678886,-9.606702,11.9247675,-6.8336344,-2.2697728,-9.544798,-17.103355,-5.689906,-4.280839,-6.6698985,-5.1118574,-3.0374901,-0.020157643,0.1689726,0.111923106,0.009008053,0.020294532,-0.008977352,0.008513194,-0.013589333,0.011241298,-0.027355293,-0.035146307,-0.013460336,-0.013345159,03-01-04-01-01-01-20.wav
205,/Users/upendrasuryajonnalagadda/mindseye/Audio_Speech_Actors_01-24/Actor_20/03-01-07-01-01-02-20.wav,3,1,disgust,7,1,1,2,20,female,03-01-07-01-01-02-20.wav,-681.8906,57.402634,-5.8549075,3.6853342,-3.2249448,-8.471834,-10.205029,-6.967834,-0.57425404,-2.3423228,-4.07266,-2.8214185,-1.953502,-0.0066130264,0.0013591221,0.018446596,0.021501862,0.014736531,0.012861536,0.015305549,0.013309929,0.008247026,0.0068910136,0.008104872,0.005625294,-0.00122389,03-01-07-01-01-02-20.wav
206,/Users/upendrasuryajonnalagadda/mindseye/Audio_Speech_Actors_01-24/Actor_20/03-01-05-02-01-02-20.wav,3,1,angry,5,2,1,2,20,female,03-01-05-02-01-02-20.wav,-361.089,20.357244,-26.542664,-8.855534,-20.563604,-18.640947,-8.611228,-13.854032,-7.004301,-2.890435,-3.3327773,0.24253307,-7.1913495,0.0067594703,0.008903244,0.007057168,0.0043587033,0.0012919903,-0.00161288,-0.003886342,-0.005210367,-0.0054726275,-0.004775351,-0.0033974485,-0.0017213388,-0.00014280189,03-01-05-02-01-02-20.wav
207,/Users/upendrasuryajonnalagadda/mindseye/Audio_Speech_Actors_01-24/Actor_20/03-01-06-02-01-01-20.wav,3,1,fearful,6,2,1,1,20,female,03-01-06-02-01-01-20.wav,-355.84085,27.35387,-35.878235,-6.4600863,-15.599998,-14.640551,-8.840478,-16.646618,-2.9034853,-0.8545432,-6.354803,2.329088,0.468155,0.5345687,0.20306067,-0.020654438,0.117302194,0.04750747,0.14606413,0.1091747,0.063652374,0.071841255,0.052595973,0.030750103,0.078441106,0.08825683,03-01-06-02-01-01-20.wav
208,/Users/upendrasuryajonnalagadda/mindseye/Audio_Speech_Actors_01-24/Actor_20/03-01-06-01-02-01-20.wav,3,1,fearful,6,1,2,1,20,female,03-01-06-01-02-01-20.wav,-751.18695,24.323202,-0.4014616,7.7041574,-2.0338576,-4.151383,-12.629107,-13.451913,-0.18576862,-4.3850427,-5.9079857,-4.754423,-3.3043406,0.04472524,0.059888218,0.05090698,0.038657907,0.02509596,0.011418256,-0.001150625,-0.011114037,-0.017510574,-0.0204984,-0.02086059,-0.019282673,-0.01638213,03-01-06-01-02-01-20.wav
209,/Users/upendrasuryajonnalagadda/mindseye/Audio_Speech_Actors_01-24/Actor_20/03-01-05-01-02-02-20.wav,3,1,angry,5,1,2,2,20,female,03-01-05-01-02-02-20.wav,-522.80347,31.8108,-22.78809,-4.722715,-12.351964,-15.021381,-12.539617,-17.151907,-10.3085785,-6.2061777,-5.2554913,-6.462373,-10.526881,0.17089789,0.114527784,-0.03559867,-0.040490773,-0.011696066,-0.02012204,-0.05701605,-0.049825225,-0.022219203,0.007567109,0.044045366,0.025168968,0.0031237253,03-01-05-01-02-02-20.wav
210,/Users/upendrasuryajonnalagadda/mindseye/Audio_Speech_Actors_01-24/Actor_20/03-01-03-02-01-01-20.wav,3,1,happy,3,2,1,1,20,female,03-01-03-02-01-01-20.wav,-538.0495,27.48666,-34.084827,-3.541279,-17.587189,-18.483433,-10.359676,-17.461155,-10.396801,-2.94744,-12.058153,-1.8556175,-9.410999,-1.9193445e-07,0.0,0.0,0.0,0.0,-2.3991806e-08,-1.499488e-08,0.0,1.1995903e-08,2.3991806e-08,1.1995903e-08,-7.4974393e-10,-2.3991806e-08,03-01-03-02-01-01-20.wav
211,/Users/upendrasuryajonnalagadda/mindseye/Audio_Speech_Actors_01-24/Actor_20/03-01-03-01-02-01-20.wav,3,1,happy,3,1,2,1,20,female,03-01-03-01-02-01-20.wav,-629.4866,37.42071,-2.4512224,10.417361,-3.4824657,-5.369235,-8.344803,-14.070186,-7.1920834,-7.900625,-7.8662906,-3.0695736,-7.3869085,0.00040771483,0.0005754598,0.0005735588,0.00057029724,0.00056573865,0.0005597178,0.00055229187,0.00054355623,0.0005331675,0.0005212021,0.00050760905,0.000492239,0.00047518412,03-01-03-01-02-01-20.wav
212,/Users/upendrasuryajonnalagadda/mindseye/Audio_Speech_Actors_01-24/Actor_20/03-01-02-02-02-02-20.wav,3,1,calm,2,2,2,2,20,female,03-01-02-02-02-02-20.wav,-848.5936,32.29347,1.1860747,9.396781,-4.2699275,-3.7131581,-6.2824297,-10.420859,-6.60703,-2.972279,-5.8717523,-7.808586,-4.5298266,-0.06563767,-0.03215862,-0.013212156,-0.022078423,-0.0023497776,-0.0038645251,-0.0029803356,0.0065252096,0.018040372,0.0048141964,0.009297948,0.005529112,0.00034334412,03-01-02-02-02-02-20.wav
213,/Users/upendrasuryajonnalagadda/mindseye/Audio_Speech_Actors_01-24/Actor_20/03-01-02-01-01-02-20.wav,3,1,calm,2,1,1,2,20,female,03-01-02-01-01-02-20.wav,-797.79865,32.446922,-6.7139907,6.684238,-4.769312,-5.8392305,-9.006455,-10.979172,-6.6288233,-4.447314,-5.28142,-9.05754,-4.2363715,-0.017910648,-0.018509902,-0.0106773125,-0.0073428713,-0.0018013484,0.00016558016,-0.0009082385,0.0022249222,0.0074333525,0.0102736205,0.011468461,0.011750011,0.010058564,03-01-02-01-01-02-20.wav
214,/Users/upendrasuryajonnalagadda/mindseye/Audio_Speech_Actors_01-24/Actor_20/03-01-01-01-01-01-20.wav,3,1,neutral,1,1,1,1,20,female,03-01-01-01-01-01-20.wav,-716.3534,35.547623,-6.0226827,7.942268,-6.1502595,-6.971258,-7.0630217,-11.555155,-4.877773,-4.673671,-2.167795,-6.6348276,-4.307182,0.011748047,0.016276602,0.01535052,0.014016345,0.012416916,0.010599502,0.008563995,0.006320229,0.0038797888,0.0012359492,-0.0015678342,-0.0043138377,-0.006593717,03-01-01-01-01-01-20.wav
215,/Users/upendrasuryajonnalagadda/mindseye/Audio_Speech_Actors_01-24/Actor_20/03-01-08-02-01-02-20.wav,3,1,surprised,8,2,1,2,20,female,03-01-08-02-01-02-20.wav,-661.64075,39.60979,-16.560139,1.4690545,-11.140987,-9.155743,-9.520963,-16.308973,-8.225516,-7.2757497,-7.4385324,-5.741405,-6.67003,0.005318124,0.0073995315,0.0070377896,0.0064463275,0.0056419373,0.00464844,0.0034957733,0.0022200856,0.0008627483,-0.00053036556,-0.0019103553,-0.003226832,-0.004429994,03-01-08-02-01-02-20.wav
216,/Users/upendrasuryajonnalagadda/mindseye/Audio_Speech_Actors_01-24/Actor_20/03-01-08-01-02-02-20.wav,3,1,surprised,8,1,2,2,20,female,03-01-08-01-02-02-20.wav,-680.0299,37.359367,-14.8735285,4.387551,-8.966158,-7.5625496,-9.875604,-16.452967,-2.3112228,-6.6937885,-4.897814,-4.093295,-0.91787,0.0006444074,0.0008498482,0.00069702533,0.0005249355,0.0003954535,0.00031814023,0.00024698782,0.00011867026,-9.652843e-05,-0.00036757925,-0.0006197639,-0.00078366115,-0.00084049115,03-01-08-01-02-02-20.wav
217,/Users/upendrasuryajonnalagadda/mindseye/Audio_Speech_Actors_01-24/Actor_20/03-01-06-01-01-01-20.wav,3,1,fearful,6,1,1,1,20,female,03-01-06-01-01-01-20.wav,-711.3894,26.909382,-5.676498,4.625255,-6.4992795,-9.896237,-9.0224495,-11.170863,-3.7889397,-5.2305017,-6.7182446,-1.9605707,-5.838693,0.0042423154,0.004759614,0.0014970826,-0.0026517757,-0.0063938745,-0.008758871,-0.009277064,-0.007875739,-0.004725404,-0.00023328095,0.004842143,0.009374438,0.012135622,03-01-06-01-01-01-20.wav
218,/Users/upendrasuryajonnalagadda/mindseye/Audio_Speech_Actors_01-24/Actor_20/03-01-05-01-01-02-20.wav,3,1,angry,5,1,1,2,20,female,03-01-05-01-01-02-20.wav,-577.73236,27.2024,-10.663376,-4.069108,-9.579173,-7.151253,-5.5385594,-12.176257,-8.965186,-6.5626273,-5.3581166,-4.135693,-8.40884,-0.0007367815,-0.0010328826,-0.0010069142,-0.00096426543,-0.00090567075,-0.00083241554,-0.00074585923,-0.00064771663,-0.0005398389,-0.00042429622,-0.00030315292,-0.00017863438,-5.2860803e-05,03-01-05-01-01-02-20.wav
219,/Users/upendrasuryajonnalagadda/mindseye/Audio_Speech_Actors_01-24/Actor_20/03-01-05-02-02-02-20.wav,3,1,angry,5,2,2,2,20,female,03-01-05-02-02-02-20.wav,-473.23233,21.334826,-10.114379,6.507584,-10.93503,-5.633426,-8.835558,-14.495771,-7.6875806,-8.649399,-5.2989783,-5.679678,-7.934989,0.0022407481,0.0012130239,-0.0018379859,-0.001649696,0.0013136147,0.0025008207,-4.58761e-05,-0.0028207318,-0.0019677668,0.0011223063,0.0018902823,-0.0007284139,-0.0027957743,03-01-05-02-02-02-20.wav
220,/Users/upendrasuryajonnalagadda/mindseye/Audio_Speech_Actors_01-24/Actor_20/03-01-06-02-02-01-20.wav,3,1,fearful,6,2,2,1,20,female,03-01-06-02-02-01-20.wav,-371.2867,17.98975,-34.80822,-19.066021,-15.570874,-19.657444,-11.063187,-12.256655,-3.1288543,0.69111824,1.5212907,-1.1974415,-6.0054502,-0.00039417014,-0.0002004886,0.00025690958,4.924843e-05,-0.00040314725,-0.00023724219,0.000333569,0.00038909912,-9.2574934e-05,-0.00020735279,0.00028393796,0.00053756393,0.000105874984,03-01-06-02-02-01-20.wav
221,/Users/upendrasuryajonnalagadda/mindseye/Audio_Speech_Actors_01-24/Actor_20/03-01-04-01-02-01-20.wav,3,1,sad,4,1,2,1,20,female,03-01-04-01-02-01-20.wav,-802.7148,39.45842,0.110793255,9.741202,-2.2791438,2.1098502,-5.1756215,-12.984359,-3.8202262,-1.7401009,-3.366963,-3.5169377,-2.158331,0.25075766,0.15399891,0.08183196,0.057847697,-0.001419824,-0.016699009,-0.044680864,-0.05572347,-0.04386534,-0.00622804,0.011075872,0.0013127645,0.03741797,03-01-04-01-02-01-20.wav
222,/Users/upendrasuryajonnalagadda/mindseye/Audio_Speech_Actors_01-24/Actor_20/03-01-07-01-02-02-20.wav,3,1,disgust,7,1,2,2,20,female,03-01-07-01-02-02-20.wav,-683.2839,36.40722,2.4992378,0.69317037,-3.6331728,-7.378,-13.95176,-11.922803,-5.423102,-5.844708,-7.419645,-5.250023,-4.707231,0.046638947,0.06116773,0.049292482,0.036094647,0.026409408,0.020523865,0.014698281,0.0059222053,-0.0039782524,-0.009746445,-0.008264645,-0.0019187612,0.003909071,03-01-07-01-02-02-20.wav
223,/Users/upendrasuryajonnalagadda/mindseye/Audio_Speech_Actors_01-24/Actor_20/03-01-07-02-01-02-20.wav,3,1,disgust,7,2,1,2,20,female,03-01-07-02-01-02-20.wav,-600.2845,25.344883,-7.619144,0.16359146,-6.323228,-9.356352,-7.4890704,-9.378301,-7.3501086,-5.522023,-4.9046497,-2.989338,-5.6170535,-0.02383509,0.01995494,0.00867932,-0.026909651,0.021218015,-0.000964418,-0.013591658,0.011904107,-0.001007592,-0.005220075,0.0016909508,0.0043291724,-0.003824304,03-01-07-02-01-02-20.wav
224,/Users/upendrasuryajonnalagadda/mindseye/Audio_Speech_Actors_01-24/Actor_20/03-01-04-02-01-01-20.wav,3,1,sad,4,2,1,1,20,female,03-01-04-02-01-01-20.wav,-668.1253,42.334232,-11.874657,8.760902,-2.5136783,-14.843214,-11.375772,-17.02996,-12.100386,-3.2925994,-9.500825,-0.27100247,-5.1346726,0.0,-4.68061e-08,-1.1701525e-08,0.0,-1.6089597e-08,0.0,1.1701525e-08,0.0,0.0,0.0,0.0,-2.9253813e-09,-1.1701525e-08,03-01-04-02-01-01-20.wav
225,/Users/upendrasuryajonnalagadda/mindseye/Audio_Speech_Actors_01-24/Actor_20/03-01-08-02-02-01-20.wav,3,1,surprised,8,2,2,1,20,female,03-01-08-02-02-01-20.wav,-496.97263,32.771957,-25.746128,2.8428419,-8.91668,-9.610417,-9.26302,-22.2606,-13.259588,-3.6816773,-13.249469,-6.624546,-6.3879356,1.994613e-07,0.0,0.0,0.0,6.2331655e-09,0.0,1.2466331e-08,0.0,-1.2466331e-08,-1.2466331e-08,0.0,6.2331655e-09,-1.2466331e-08,03-01-08-02-02-01-20.wav
226,/Users/upendrasuryajonnalagadda/mindseye/Audio_Speech_Actors_01-24/Actor_20/03-01-08-01-01-01-20.wav,3,1,surprised,8,1,1,1,20,female,03-01-08-01-01-01-20.wav,-648.93774,32.601078,-16.753366,4.976407,-6.875793,-7.721793,-9.3877735,-15.8735285,-5.60183,-5.080626,-6.6679153,-3.0568774,-5.296223,8.806501e-05,0.000120980396,0.00011106219,9.515286e-05,7.408687e-05,4.9008642e-05,2.1258422e-05,-7.6293945e-06,-3.6082947e-05,-6.261553e-05,-8.575575e-05,-0.000104236606,-0.00011711121,03-01-08-01-01-01-20.wav
227,/Users/upendrasuryajonnalagadda/mindseye/Audio_Speech_Actors_01-24/Actor_20/03-01-05-01-02-01-20.wav,3,1,angry,5,1,2,1,20,female,03-01-05-01-02-01-20.wav,-637.98096,29.067953,-14.885407,5.460538,-9.839304,-8.342687,-11.442346,-15.2401085,-7.3173113,-4.1612244,-3.8832593,-2.5466647,-6.53667,-0.001493634,-0.0020318902,-0.0018052874,-0.0014768516,-0.001107045,-0.00075883383,-0.0004819594,-0.00030187692,-0.00021430681,-0.00018802079,-0.0001745464,-0.0001221123,9.873378e-06,03-01-05-01-02-01-20.wav
228,/Users/upendrasuryajonnalagadda/mindseye/Audio_Speech_Actors_01-24/Actor_20/03-01-06-01-02-02-20.wav,3,1,fearful,6,1,2,2,20,female,03-01-06-01-02-02-20.wav,-763.5245,36.758694,-1.4255732,10.815436,-4.253779,-6.8310337,-14.415073,-17.199427,-3.3319035,-4.564998,-7.6657166,-2.1363618,-4.639681,0.38752908,0.2553825,0.042711645,0.04929165,0.0015832228,-0.055274248,-0.07647937,-0.051056053,-0.061649162,-0.055126004,-0.010937591,0.0065573114,-0.03203602,03-01-06-01-02-02-20.wav
229,/Users/upendrasuryajonnalagadda/mindseye/Audio_Speech_Actors_01-24/Actor_20/03-01-06-02-01-02-20.wav,3,1,fearful,6,2,1,2,20,female,03-01-06-02-01-02-20.wav,-317.35898,23.297577,-39.68282,-12.729726,-22.555912,-15.028671,-10.055991,-21.065584,-5.627685,2.6493886,-8.437782,7.2377443,1.6966287,0.3018619,0.1400532,0.14665045,-0.1262488,-0.104529686,0.21687183,-0.005083752,0.07690488,-0.06717581,0.0346043,0.012606313,-0.020863375,0.022288756,03-01-06-02-01-02-20.wav
230,/Users/upendrasuryajonnalagadda/mindseye/Audio_Speech_Actors_01-24/Actor_20/03-01-05-02-01-01-20.wav,3,1,angry,5,2,1,1,20,female,03-01-05-02-01-01-20.wav,-427.59357,32.06393,-11.780366,11.589546,-13.965401,-9.615099,-6.647114,-15.02416,-6.4743214,-7.2710004,-5.890027,-2.2694185,-5.98047,-0.39176098,-0.10055849,0.122109525,-0.0040099076,0.06257708,-0.02208584,0.12795115,0.1596312,0.037271276,0.013804814,-0.0020579332,0.020023352,-0.003464992,03-01-05-02-01-01-20.wav
231,/Users/upendrasuryajonnalagadda/mindseye/Audio_Speech_Actors_01-24/Actor_20/03-01-07-01-01-01-20.wav,3,1,disgust,7,1,1,1,20,female,03-01-07-01-01-01-20.wav,-646.4779,39.66173,-7.900526,1.3174213,-7.529614,-8.056024,-8.008975,-11.600614,-7.775033,-2.613552,-6.354182,-5.4827185,-3.2563298,0.0023960867,0.0025651213,0.0003978478,-0.0023497508,-0.0048198127,-0.0064098793,-0.0069229444,-0.0064768707,-0.005300362,-0.003590384,-0.0015219842,0.0006443412,0.002500808,03-01-07-01-01-01-20.wav
232,/Users/upendrasuryajonnalagadda/mindseye/Audio_Speech_Actors_01-24/Actor_20/03-01-04-01-01-02-20.wav,3,1,sad,4,1,1,2,20,female,03-01-04-01-01-02-20.wav,-838.71875,42.25891,-2.245949,12.443267,-2.301683,2.7046158,-8.481028,-8.499538,-6.8461833,-3.14912,-4.0226107,-5.0580087,0.19252838,0.74746424,0.32697693,0.09293712,0.057164136,0.02220329,0.046144024,-0.00038763386,-0.03006205,-0.023061017,-0.042111557,-0.07305322,-0.040567,-0.0072053317,03-01-04-01-01-02-20.wav
233,/Users/upendrasuryajonnalagadda/mindseye/Audio_Speech_Actors_01-24/Actor_20/03-01-04-02-02-02-20.wav,3,1,sad,4,2,2,2,20,female,03-01-04-02-02-02-20.wav,-524.672,25.805256,-28.759981,-4.4782043,-13.203758,-23.170143,-15.342791,-17.67038,-23.752401,-1.3071353,-8.108771,-2.7471318,-0.40426344,0.0,-2.2178472e-08,1.1089236e-08,0.0,1.1089236e-08,0.0,0.0,0.0,0.0,8.316928e-09,-5.544618e-09,0.0,1.1089236e-08,03-01-04-02-02-02-20.wav
234,/Users/upendrasuryajonnalagadda/mindseye/Audio_Speech_Actors_01-24/Actor_20/03-01-07-02-02-01-20.wav,3,1,disgust,7,2,2,1,20,female,03-01-07-02-02-01-20.wav,-561.3209,17.590826,-6.509107,-11.442612,-10.626552,-11.461067,-14.088865,-13.513495,-10.363775,-3.12089,-8.715496,-9.468602,-4.4030876,-1.3918993e-05,-1.8943228e-05,-1.7077748e-05,-1.40027305e-05,-1.0057775e-05,-5.46153e-06,-4.5590284e-07,4.5078555e-06,9.244825e-06,1.3341264e-05,1.6570673e-05,1.8692017e-05,1.9580562e-05,03-01-07-02-02-01-20.wav
235,/Users/upendrasuryajonnalagadda/mindseye/Audio_Speech_Actors_01-24/Actor_20/03-01-03-02-02-02-20.wav,3,1,happy,3,2,2,2,20,female,03-01-03-02-02-02-20.wav,-418.2967,10.2824,-31.424139,-14.007898,-16.701632,-18.267788,-12.180178,-16.12798,-7.386583,1.4613161,3.9191544,12.931555,5.820007,1.9073487e-07,0.0,0.0,1.1920929e-08,0.0,0.0,-5.9604646e-09,-1.1920929e-08,-2.9802323e-09,-1.1920929e-08,1.1920929e-08,0.0,8.940697e-09,03-01-03-02-02-02-20.wav
236,/Users/upendrasuryajonnalagadda/mindseye/Audio_Speech_Actors_01-24/Actor_20/03-01-03-01-01-02-20.wav,3,1,happy,3,1,1,2,20,female,03-01-03-01-01-02-20.wav,-630.4018,33.548485,-13.2710285,1.9080349,-8.341204,-11.790522,-5.847009,-15.826535,-5.6594796,-8.911411,-4.507063,-3.0241494,-9.143473,0.00034656524,0.00047464372,0.0004276514,0.000352633,0.00025384425,0.00013713837,9.23872e-06,-0.00012266636,-0.00025144816,-0.00037043093,-0.0004739642,-0.0005574703,-0.0006179571,03-01-03-01-01-02-20.wav
237,/Users/upendrasuryajonnalagadda/mindseye/Audio_Speech_Actors_01-24/Actor_20/03-01-02-02-01-01-20.wav,3,1,calm,2,2,1,1,20,female,03-01-02-02-01-01-20.wav,-823.3475,42.34107,-2.5309718,10.536536,-1.9172186,-5.6213956,-8.272225,-9.560358,-4.5549135,-5.5561123,-4.464181,-3.8888729,-3.0891757,-0.017073032,-0.017019672,-0.009445544,-0.0060557975,-0.003911664,-0.002850424,0.0010157374,0.0012912408,0.0017470742,0.0036432187,0.0017800588,-3.7794343e-05,-0.0013998111,03-01-02-02-01-01-20.wav
238,/Users/upendrasuryajonnalagadda/mindseye/Audio_Speech_Actors_01-24/Actor_20/03-01-01-01-02-02-20.wav,3,1,neutral,1,1,2,2,20,female,03-01-01-01-02-02-20.wav,-709.3892,32.52046,-5.224923,6.45404,-5.5436563,-8.129784,-7.816564,-12.571192,-3.795335,-4.843219,-3.8683739,-5.6576853,-4.4624963,0.0010150585,0.0017081086,0.0024434382,0.003409292,0.0042830124,0.0047166487,0.004404978,0.0031624464,0.0010101032,-0.0017607321,-0.0046109217,-0.006902467,-0.008138099,03-01-01-01-02-02-20.wav
239,/Users/upendrasuryajonnalagadda/mindseye/Audio_Speech_Actors_01-24/Actor_20/03-01-02-01-02-01-20.wav,3,1,calm,2,1,2,1,20,female,03-01-02-01-02-01-20.wav,-814.40356,35.418686,3.5164976,7.559879,-0.33657286,-1.5695108,-7.271126,-10.071697,-7.477751,-4.165861,-5.3041677,-5.364287,-3.8137534,0.23147519,0.15006685,0.063092105,0.05161006,0.028556475,-0.0052404935,-0.0028746624,-0.03208914,-0.028285185,0.010176844,-0.0031503504,0.0051192245,0.0050323275,03-01-02-01-02-01-20.wav
240,/Users/upendrasuryajonnalagadda/mindseye/Audio_Speech_Actors_01-24/Actor_21/03-01-08-02-01-01-21.wav,3,1,surprised,8,2,1,1,21,male,03-01-08-02-01-01-21.wav,-504.05548,45.97423,-5.801963,9.864194,3.4200635,-8.056423,-6.081056,-5.346771,-15.860885,-0.7351456,-6.277342,-10.463298,-1.3690859,-0.0009718974,-0.0013795112,-0.001395013,-0.0014208471,-0.0014566252,-0.0015021889,-0.0015572261,-0.0016212707,-0.0016938957,-0.001774548,-0.0018626292,-0.0019574377,-0.0020583572,03-01-08-02-01-01-21.wav
241,/Users/upendrasuryajonnalagadda/mindseye/Audio_Speech_Actors_01-24/Actor_21/03-01-08-01-02-01-21.wav,3,1,surprised,8,1,2,1,21,male,03-01-08-01-02-01-21.wav,-551.85944,51.24745,-6.3508,8.381048,4.0617323,-6.6534657,-3.5446784,-8.174209,-11.961161,-1.3162558,-7.39478,-10.068603,-3.5299463,0.0043943278,0.006197408,0.0061446507,0.0060576247,0.0059372904,0.005784734,0.005601972,0.005390784,0.005153618,0.0048931884,0.004612325,0.0043140664,0.0040017623,03-01-08-01-02-01-21.wav
242,/Users/upendrasuryajonnalagadda/mindseye/Audio_Speech_Actors_01-24/Actor_21/03-01-06-01-01-02-21.wav,3,1,fearful,6,1,1,2,21,male,03-01-06-01-01-02-21.wav,-571.9694,61.950554,-6.7789083,14.81245,6.8485622,-7.4396553,-0.45531964,-7.31585,-11.22181,0.29453567,-1.4612738,-8.426432,-2.2445986,0.0052973274,0.0074882274,0.0074770288,0.0074587627,0.00743419,0.0074043977,0.0073704324,0.007333843,0.007296088,0.007258965,0.007224042,0.0071929977,0.007167553,03-01-06-01-01-02-21.wav
243,/Users/upendrasuryajonnalagadda/mindseye/Audio_Speech_Actors_01-24/Actor_21/03-01-05-01-01-01-21.wav,3,1,angry,5,1,1,1,21,male,03-01-05-01-01-01-21.wav,-440.33414,47.68768,-16.02345,13.288106,6.34553,-12.808205,-2.7384627,-7.263591,-18.636337,-0.045704335,-2.091918,-9.347504,-2.480985,2.557339e-07,0.0,5.3277893e-09,0.0,-1.0655579e-08,-3.196674e-08,-5.3277893e-09,-2.6638947e-09,1.0655579e-08,0.0,0.0,1.598337e-08,1.3319473e-09,03-01-05-01-01-01-21.wav
244,/Users/upendrasuryajonnalagadda/mindseye/Audio_Speech_Actors_01-24/Actor_21/03-01-05-02-02-01-21.wav,3,1,angry,5,2,2,1,21,male,03-01-05-02-02-01-21.wav,-383.11816,39.33478,-15.987203,7.0750856,3.7170417,-12.536364,-4.0482183,-8.447646,-17.484186,-1.1906753,-3.7148955,-10.190803,-3.851799,0.0,0.0,-5.3879905e-09,-2.1551962e-08,0.0,-1.0775981e-08,-1.0775981e-08,-1.0775981e-08,-1.0775981e-08,5.3879905e-09,0.0,5.3879905e-09,0.0,03-01-05-02-02-01-21.wav
245,/Users/upendrasuryajonnalagadda/mindseye/Audio_Speech_Actors_01-24/Actor_21/03-01-06-02-02-02-21.wav,3,1,fearful,6,2,2,2,21,male,03-01-06-02-02-02-21.wav,-506.53146,52.41104,-7.8686857,10.411064,8.044756,-6.6281567,-4.126234,-4.9911246,-12.936399,-2.105439,-6.0680537,-9.201195,-3.079643,0.06296495,0.039505344,-0.025707487,-0.0059351344,0.044573206,0.022400875,-0.04538016,-0.051091764,0.0096463,0.035060678,-0.0015110088,-0.014814668,0.028715037,03-01-06-02-02-02-21.wav
246,/Users/upendrasuryajonnalagadda/mindseye/Audio_Speech_Actors_01-24/Actor_21/03-01-04-01-02-02-21.wav,3,1,sad,4,1,2,2,21,male,03-01-04-01-02-02-21.wav,-635.8742,65.12513,2.3571582,18.707115,9.498401,-1.4522696,5.0689974,-7.2732744,-8.002488,-1.2840749,-0.78354424,-5.032209,-0.47309202,0.020529108,0.028847747,0.02829906,0.027402207,0.026182992,0.024675976,0.022922637,0.020970196,0.01886897,0.01667095,0.014427353,0.012187053,0.009994771,03-01-04-01-02-02-21.wav
247,/Users/upendrasuryajonnalagadda/mindseye/Audio_Speech_Actors_01-24/Actor_21/03-01-07-01-02-01-21.wav,3,1,disgust,7,1,2,1,21,male,03-01-07-01-02-01-21.wav,-554.5807,59.073185,-4.272215,13.701021,10.895257,-9.489527,-2.7280731,-6.003274,-10.385372,1.1956788,-2.9359102,-7.8539042,-4.4610147,-0.009155079,-0.012915107,-0.012819473,-0.0126612475,-0.012442813,-0.012166892,-0.01183709,-0.011457698,-0.011033684,-0.010570049,-0.010072891,-0.009548163,-0.0090022115,03-01-07-01-02-01-21.wav
248,/Users/upendrasuryajonnalagadda/mindseye/Audio_Speech_Actors_01-24/Actor_21/03-01-07-02-01-01-21.wav,3,1,disgust,7,2,1,1,21,male,03-01-07-02-01-01-21.wav,-589.25305,66.43617,-5.2495055,13.509134,15.578002,-6.5720644,4.0082717,-5.8214803,-6.988162,5.39318,3.5744402,-2.3056684,-0.89609855,0.09327576,0.07867163,0.010966334,0.00582805,0.018295558,0.031193288,0.030315971,0.0067651556,0.016866922,0.052723482,0.05335058,0.030708544,-0.002584546,03-01-07-02-01-01-21.wav
249,/Users/upendrasuryajonnalagadda/mindseye/Audio_Speech_Actors_01-24/Actor_21/03-01-04-02-01-02-21.wav,3,1,sad,4,2,1,2,21,male,03-01-04-02-01-02-21.wav,-521.14197,61.02581,-13.605838,11.49664,11.710631,-9.045494,-15.827315,-5.482374,-22.642305,-5.285039,1.9326355,-14.487976,-3.9467459,5.4732614e-06,4.8512998e-06,-1.9695449e-06,-7.836715e-06,-8.645265e-06,-4.063482e-06,2.508578e-06,6.1133633e-06,3.9442725e-06,-2.8299248e-06,-9.697416e-06,-1.223191e-05,-9.033991e-06,03-01-04-02-01-02-21.wav
250,/Users/upendrasuryajonnalagadda/mindseye/Audio_Speech_Actors_01-24/Actor_21/03-01-03-02-01-02-21.wav,3,1,happy,3,2,1,2,21,male,03-01-03-02-01-02-21.wav,-488.80295,51.402813,-16.119652,10.139319,6.9788623,-11.043947,-3.5821137,-4.3213797,-16.318949,-0.6027128,-4.2391844,-9.04933,-1.3807317,0.0014777689,0.002089422,0.0020884345,0.002086774,0.0020844291,0.0020814782,0.0020777674,0.0020734225,0.0020684635,0.0020628087,0.0020565707,0.0020496256,0.0020420412,03-01-03-02-01-02-21.wav
251,/Users/upendrasuryajonnalagadda/mindseye/Audio_Speech_Actors_01-24/Actor_21/03-01-03-01-02-02-21.wav,3,1,happy,3,1,2,2,21,male,03-01-03-01-02-02-21.wav,-578.7637,65.38314,-6.976967,12.738157,7.1540947,-3.815537,-5.1342335,-9.4458275,-9.314979,-0.16907036,-2.8909104,-5.2850842,-1.0272039,0.016343635,0.023074277,0.022956043,0.022761839,0.022495981,0.022164127,0.021773199,0.021330701,0.020844586,0.020323392,0.019774586,0.01920553,0.01862268,03-01-03-01-02-02-21.wav
252,/Users/upendrasuryajonnalagadda/mindseye/Audio_Speech_Actors_01-24/Actor_21/03-01-02-02-02-01-21.wav,3,1,calm,2,2,2,1,21,male,03-01-02-02-02-01-21.wav,-590.59656,70.0079,1.4231668,17.864355,14.092059,-4.7784553,2.357944,-8.790385,-7.766895,1.6831539,0.46800163,-3.041691,1.5960332,0.032067668,0.046650764,0.04959676,0.051975526,0.051699676,0.047787074,0.040394362,0.030336913,0.018806638,0.0073893988,-0.0021215684,-0.008414919,-0.011401947,03-01-02-02-02-01-21.wav
253,/Users/upendrasuryajonnalagadda/mindseye/Audio_Speech_Actors_01-24/Actor_21/03-01-02-01-01-01-21.wav,3,1,calm,2,1,1,1,21,male,03-01-02-01-01-01-21.wav,-635.5427,78.01568,10.5082655,16.849632,12.388648,-1.1890788,2.3835764,-5.839209,-5.2632785,0.7450457,2.8218646,-1.3847204,0.84464765,0.023754602,0.032766275,0.030400792,0.026832866,0.022552358,0.01811602,0.014049842,0.010761089,0.008477178,0.0072217043,0.006831909,0.0070105474,0.007402235,03-01-02-01-01-01-21.wav
254,/Users/upendrasuryajonnalagadda/mindseye/Audio_Speech_Actors_01-24/Actor_21/03-01-01-01-01-02-21.wav,3,1,neutral,1,1,1,2,21,male,03-01-01-01-01-02-21.wav,-598.21796,69.949936,9.1313,16.657467,8.884528,-3.0784855,4.142081,-4.962176,-7.7622375,0.78429073,0.82486653,-2.3032386,0.23463693,-0.009936665,-0.014062615,-0.0140929995,-0.014140285,-0.014199828,-0.014265038,-0.0143283,-0.014380793,-0.01441309,-0.014415309,-0.0143781705,-0.014292561,-0.014150589,03-01-01-01-01-02-21.wav
255,/Users/upendrasuryajonnalagadda/mindseye/Audio_Speech_Actors_01-24/Actor_21/03-01-03-02-02-01-21.wav,3,1,happy,3,2,2,1,21,male,03-01-03-02-02-01-21.wav,-501.41504,60.54876,-11.125348,9.911538,5.7905874,-9.850237,-6.3869753,-7.4223495,-13.895755,0.70180094,-4.6989193,-7.7273793,-0.6815589,0.0012249256,0.0017314887,0.0017290176,0.001724627,0.0017185451,0.0017107598,0.001701187,0.0016899589,0.0016770753,0.001662477,0.0016462698,0.0016284199,0.0016089902,03-01-03-02-02-01-21.wav
256,/Users/upendrasuryajonnalagadda/mindseye/Audio_Speech_Actors_01-24/Actor_21/03-01-03-01-01-01-21.wav,3,1,happy,3,1,1,1,21,male,03-01-03-01-01-01-21.wav,-577.3719,62.684036,-3.1188447,13.210939,7.984893,-6.3764486,-1.3685356,-6.1890464,-9.481478,0.8019968,-2.6025922,-4.780108,-0.06561177,-0.0016882104,-0.0023847374,-0.0023786477,-0.0023684215,-0.0023542426,-0.0023360425,-0.0023139091,-0.0022878877,-0.002258186,-0.0022246176,-0.0021874532,-0.002146876,-0.0021028921,03-01-03-01-01-01-21.wav
257,/Users/upendrasuryajonnalagadda/mindseye/Audio_Speech_Actors_01-24/Actor_21/03-01-02-02-01-02-21.wav,3,1,calm,2,2,1,2,21,male,03-01-02-02-01-02-21.wav,-593.54785,74.188545,-1.7872562,20.155338,9.931461,-2.859735,-0.4334415,-9.541703,-7.475095,1.6761214,1.460866,-4.024308,-0.17148751,-0.014149136,-0.019979773,-0.019890742,-0.019744365,-0.01954332,-0.019291114,-0.018992085,-0.018651158,-0.018273566,-0.017864756,-0.01743001,-0.01697438,-0.016502503,03-01-02-02-01-02-21.wav
258,/Users/upendrasuryajonnalagadda/mindseye/Audio_Speech_Actors_01-24/Actor_21/03-01-01-01-02-01-21.wav,3,1,neutral,1,1,2,1,21,male,03-01-01-01-02-01-21.wav,-608.67285,69.2496,3.9284782,13.504944,8.574531,-2.6180894,2.3759594,-6.7859535,-10.046228,-0.8034256,0.45965424,-3.1524973,-3.0551002,0.038824033,0.05468256,0.054019794,0.052936897,0.05146479,0.049645387,0.047528736,0.045171883,0.042635515,0.03998226,0.037273295,0.03456665,0.031914786,03-01-01-01-02-01-21.wav
259,/Users/upendrasuryajonnalagadda/mindseye/Audio_Speech_Actors_01-24/Actor_21/03-01-02-01-02-02-21.wav,3,1,calm,2,1,2,2,21,male,03-01-02-01-02-02-21.wav,-628.5015,78.78504,11.820984,20.80819,16.61766,1.8816895,0.61730665,-5.4521575,-3.0151863,2.8396618,2.1808126,-1.6834061,2.1277368,0.040250603,0.055555776,0.051667262,0.045857765,0.039006826,0.032081842,0.025916068,0.021040821,0.017632013,0.015559229,0.014480699,0.013949492,0.013527859,03-01-02-01-02-02-21.wav
260,/Users/upendrasuryajonnalagadda/mindseye/Audio_Speech_Actors_01-24/Actor_21/03-01-08-02-02-02-21.wav,3,1,surprised,8,2,2,2,21,male,03-01-08-02-02-02-21.wav,-514.49457,43.662453,-2.8950763,10.2704115,3.2072573,-6.500863,-6.1281505,-7.798244,-15.30718,0.34745023,-6.842502,-9.692476,-2.3597832,0.0016313939,0.0023066204,0.0023040865,0.0022999882,0.0022942973,0.0022869485,0.0022779976,0.0022674603,0.0022553338,0.002241627,0.002226362,0.0022095449,0.00219126,03-01-08-02-02-02-21.wav
261,/Users/upendrasuryajonnalagadda/mindseye/Audio_Speech_Actors_01-24/Actor_21/03-01-08-01-01-02-21.wav,3,1,surprised,8,1,1,2,21,male,03-01-08-01-01-02-21.wav,-564.2094,54.83582,-1.1308358,8.562176,5.801779,-7.2459784,-1.0597875,-5.3754287,-12.215322,-1.9711897,-4.943868,-8.046311,-2.7005155,-0.010583903,-0.014940389,-0.014855906,-0.01471611,-0.014521948,-0.014275564,-0.013978977,-0.0136350375,-0.013246842,-0.012817853,-0.012351965,-0.011853269,-0.0113262115,03-01-08-01-01-02-21.wav
262,/Users/upendrasuryajonnalagadda/mindseye/Audio_Speech_Actors_01-24/Actor_21/03-01-05-01-02-02-21.wav,3,1,angry,5,1,2,2,21,male,03-01-05-01-02-02-21.wav,-446.50964,48.57398,-12.885489,13.018611,6.3873672,-12.242324,-2.1052678,-7.416417,-19.165827,-0.2298209,-2.6778977,-11.928756,-2.6589541,0.0035224466,0.004979975,0.00497441,0.0049653444,0.004952655,0.004936353,0.0049164826,0.0048930524,0.00486614,0.0048356615,0.0048017614,0.0047644335,0.0047237566,03-01-05-01-02-02-21.wav
263,/Users/upendrasuryajonnalagadda/mindseye/Audio_Speech_Actors_01-24/Actor_21/03-01-06-01-02-01-21.wav,3,1,fearful,6,1,2,1,21,male,03-01-06-01-02-01-21.wav,-577.0214,55.557106,-3.7890441,12.710328,8.789556,-2.7331014,0.22715786,-6.6890244,-9.261845,1.6444738,-3.5958774,-6.9919996,-0.808142,-0.004804212,-0.006783153,-0.006749282,-0.006693685,-0.006617502,-0.0065226224,-0.0064109205,-0.0062848744,-0.006147002,-0.0059999754,-0.005846489,-0.0056891665,-0.005530396,03-01-06-01-02-01-21.wav
264,/Users/upendrasuryajonnalagadda/mindseye/Audio_Speech_Actors_01-24/Actor_21/03-01-06-02-01-01-21.wav,3,1,fearful,6,2,1,1,21,male,03-01-06-02-01-01-21.wav,-495.30328,49.643425,-15.682055,11.686404,6.791702,-8.740609,-5.812202,-5.764818,-14.11229,0.9766844,-1.9393111,-8.486114,-1.0685139,0.045463383,0.046243135,0.01403665,0.0013444147,0.0062988135,0.00030868553,-0.023376068,-0.037175827,-0.020320881,0.010477964,0.025415776,0.021580508,0.020493269,03-01-06-02-01-01-21.wav
265,/Users/upendrasuryajonnalagadda/mindseye/Audio_Speech_Actors_01-24/Actor_21/03-01-05-02-01-02-21.wav,3,1,angry,5,2,1,2,21,male,03-01-05-02-01-02-21.wav,-376.34265,44.32733,-25.803236,8.432767,5.484146,-10.959433,-8.376334,-6.7583528,-16.790115,0.6953822,-1.6984354,-10.53504,-1.8131858,7.906108e-08,0.0,-1.4823953e-08,-9.882635e-09,-1.4823953e-08,0.0,2.4706588e-09,-9.882635e-09,0.0,7.4119764e-09,-2.4706588e-09,-4.9413176e-09,0.0,03-01-05-02-01-02-21.wav
266,/Users/upendrasuryajonnalagadda/mindseye/Audio_Speech_Actors_01-24/Actor_21/03-01-07-01-01-02-21.wav,3,1,disgust,7,1,1,2,21,male,03-01-07-01-01-02-21.wav,-552.8276,59.57169,-7.2718296,14.851331,10.838696,-9.923199,2.5155993,-5.0835376,-9.750591,0.1986545,1.817469,-5.2028394,-3.4751518,0.009585814,0.048750747,0.09369831,0.06579952,-0.01353356,-0.054745242,-0.0185358,0.034432616,0.024801828,-0.031547308,-0.05558235,-0.027892409,0.0020538515,03-01-07-01-01-02-21.wav
267,/Users/upendrasuryajonnalagadda/mindseye/Audio_Speech_Actors_01-24/Actor_21/03-01-04-01-01-01-21.wav,3,1,sad,4,1,1,1,21,male,03-01-04-01-01-01-21.wav,-649.42505,67.04791,6.037404,18.783705,9.487034,-3.45213,5.10144,-7.867048,-8.149533,-2.9227667,-0.845511,-6.2540565,-1.3542324,0.024207331,0.03414515,0.03388755,0.033488695,0.03298894,0.03243444,0.031869143,0.031326544,0.030823369,0.030355535,0.029897915,0.029406767,0.028826198,03-01-04-01-01-01-21.wav
268,/Users/upendrasuryajonnalagadda/mindseye/Audio_Speech_Actors_01-24/Actor_21/03-01-04-02-02-01-21.wav,3,1,sad,4,2,2,1,21,male,03-01-04-02-02-01-21.wav,-535.18945,60.860165,-9.373184,14.285993,13.275306,-11.163129,-6.257502,-8.417634,-19.686415,-1.570524,-2.807295,-10.414595,-3.3830369,0.01247887,0.01763576,0.01759867,0.01753693,0.017450871,0.017340826,0.017207166,0.017050473,0.016871348,0.0166705,0.016448684,0.016206814,0.0159457,03-01-04-02-02-01-21.wav
269,/Users/upendrasuryajonnalagadda/mindseye/Audio_Speech_Actors_01-24/Actor_21/03-01-07-02-02-02-21.wav,3,1,disgust,7,2,2,2,21,male,03-01-07-02-02-02-21.wav,-587.0356,69.31353,2.3345535,19.348824,15.690975,-2.1961126,3.6675806,-2.5513685,-8.099505,5.6404734,5.107398,-0.23007242,1.3320315,0.05040936,0.053025577,0.022958823,0.013878512,0.023357568,0.026465926,0.008305705,-0.014430489,-0.018809363,-0.008044515,0.002705308,0.0073285103,0.010927144,03-01-07-02-02-02-21.wav
270,/Users/upendrasuryajonnalagadda/mindseye/Audio_Speech_Actors_01-24/Actor_21/03-01-01-01-01-01-21.wav,3,1,neutral,1,1,1,1,21,male,03-01-01-01-01-01-21.wav,-593.522,65.67917,3.8455207,12.965607,9.039052,-6.0359592,3.4791896,-4.248184,-8.886654,-0.344613,-0.5867236,-4.061403,-0.7596514,0.014391428,0.020268314,0.020017704,0.019602051,0.019024689,0.018290646,0.01740782,0.016386434,0.015240129,0.013985817,0.012643136,0.011234364,0.009783548,03-01-01-01-01-01-21.wav
271,/Users/upendrasuryajonnalagadda/mindseye/Audio_Speech_Actors_01-24/Actor_21/03-01-02-01-01-02-21.wav,3,1,calm,2,1,1,2,21,male,03-01-02-01-01-02-21.wav,-609.8963,77.64435,4.532219,14.75197,12.104192,-5.938866,1.3100804,-6.5039034,-7.234784,0.3692596,0.5305224,-2.9250119,0.9224161,-0.013819347,-0.019494912,-0.019350108,-0.019116793,-0.018805964,-0.018431647,-0.018008955,-0.017552739,-0.01707485,-0.016582413,-0.016076777,-0.0155532705,-0.015002093,03-01-02-01-01-02-21.wav
272,/Users/upendrasuryajonnalagadda/mindseye/Audio_Speech_Actors_01-24/Actor_21/03-01-02-02-02-02-21.wav,3,1,calm,2,2,2,2,21,male,03-01-02-02-02-02-21.wav,-608.01807,76.910805,-1.7398635,18.734133,12.7859125,-1.1995988,-1.9854311,-10.171736,-6.2175975,0.4927123,-1.054307,-2.6125195,0.2970474,0.0007613426,-0.008727406,-0.004659265,0.00094741996,-0.008685401,0.0010144655,-0.0006160459,-0.0066742897,0.0033552258,-0.005057403,-0.005723332,0.00031858266,-0.010953759,03-01-02-02-02-02-21.wav
273,/Users/upendrasuryajonnalagadda/mindseye/Audio_Speech_Actors_01-24/Actor_21/03-01-03-01-02-01-21.wav,3,1,happy,3,1,2,1,21,male,03-01-03-01-02-01-21.wav,-549.6603,65.37474,-10.739664,17.20938,9.080263,-7.2956667,-3.4442735,-9.699303,-11.155634,0.72051764,-4.318597,-6.163099,0.3203287,0.006062889,0.008567619,0.008547175,0.0085131405,0.008465648,0.008404946,0.0083313165,0.008245027,0.008146453,0.0080360295,0.0079141855,0.007781477,0.0076384367,03-01-03-01-02-01-21.wav
274,/Users/upendrasuryajonnalagadda/mindseye/Audio_Speech_Actors_01-24/Actor_21/03-01-03-02-01-01-21.wav,3,1,happy,3,2,1,1,21,male,03-01-03-02-01-01-21.wav,-479.3951,55.127827,-16.727932,12.098015,4.379315,-12.062542,-4.058893,-5.55199,-15.203384,-1.1661328,-4.12597,-9.760888,-0.3362679,-0.0006272851,-0.0010836066,-0.0015789823,-0.0021291594,-0.0024542692,-0.0023847208,-0.0019561045,-0.0013877648,-0.0009627924,-0.0008864519,-0.0011938607,-0.0017340241,-0.0022355753,03-01-03-02-01-01-21.wav
275,/Users/upendrasuryajonnalagadda/mindseye/Audio_Speech_Actors_01-24/Actor_21/03-01-08-01-02-02-21.wav,3,1,surprised,8,1,2,2,21,male,03-01-08-01-02-02-21.wav,-518.10114,52.384365,1.1534773,7.0033436,4.326103,-7.9503927,-2.4549346,-6.8883057,-11.183618,-1.2528424,-7.3524647,-8.739859,-5.2292066,0.0008556812,0.001210448,0.0012107082,0.0012112407,0.0012119219,0.0012128756,0.0012139345,0.0012152473,0.0012167151,0.0012184212,0.0012202573,0.0012223008,0.0012245302,03-01-08-01-02-02-21.wav
276,/Users/upendrasuryajonnalagadda/mindseye/Audio_Speech_Actors_01-24/Actor_21/03-01-08-02-01-02-21.wav,3,1,surprised,8,2,1,2,21,male,03-01-08-02-01-02-21.wav,-508.35916,52.126095,-9.455152,10.642724,1.9711012,-11.005114,-7.1781707,-5.2995014,-15.975144,-3.2241285,-6.1719866,-10.677532,-1.4466201,-1.0107733e-05,-1.4918625e-05,-1.4930773e-05,-1.4833584e-05,-1.4818777e-05,-1.4809287e-05,-1.4797138e-05,-1.4742469e-05,-1.4627056e-05,-1.4627056e-05,-1.4627056e-05,-1.4517717e-05,-1.4440269e-05,03-01-08-02-01-02-21.wav
277,/Users/upendrasuryajonnalagadda/mindseye/Audio_Speech_Actors_01-24/Actor_21/03-01-04-02-01-01-21.wav,3,1,sad,4,2,1,1,21,male,03-01-04-02-01-01-21.wav,-513.2594,63.328922,-16.948011,12.486663,11.197241,-9.554277,-16.116526,-2.5471234,-22.797113,-7.5084763,0.38756832,-13.846368,-5.4889,0.0048580593,0.0068670483,0.0068560285,0.006837887,0.0068126465,0.006780476,0.0067416932,0.0066964785,0.0066450755,0.0065879608,0.006525331,0.006457647,0.006385348,03-01-04-02-01-01-21.wav
278,/Users/upendrasuryajonnalagadda/mindseye/Audio_Speech_Actors_01-24/Actor_21/03-01-07-02-01-02-21.wav,3,1,disgust,7,2,1,2,21,male,03-01-07-02-01-02-21.wav,-581.17993,62.52918,-5.628832,14.731945,11.588447,-8.0205765,6.3955007,-3.938703,-9.463903,2.7270598,1.7183409,-2.5007164,-0.31433824,-0.010857067,-0.015263963,-0.01499574,-0.014558485,-0.013966209,-0.013236496,-0.012390194,-0.011449381,-0.010435839,-0.009369784,-0.008269277,-0.007148754,-0.006019239,03-01-07-02-01-02-21.wav
279,/Users/upendrasuryajonnalagadda/mindseye/Audio_Speech_Actors_01-24/Actor_21/03-01-07-01-02-02-21.wav,3,1,disgust,7,1,2,2,21,male,03-01-07-01-02-02-21.wav,-550.6447,50.77066,-6.838806,14.231824,9.436372,-11.294809,-1.2075346,-4.9483314,-11.646096,0.83313066,-1.8743327,-5.812878,-3.6391735,0.029818999,0.042071562,0.04177514,0.041286394,0.040613078,0.039765894,0.03875802,0.037604894,0.036323816,0.034933355,0.03345317,0.031903464,0.030304236,03-01-07-01-02-02-21.wav
280,/Users/upendrasuryajonnalagadda/mindseye/Audio_Speech_Actors_01-24/Actor_21/03-01-04-01-02-01-21.wav,3,1,sad,4,1,2,1,21,male,03-01-04-01-02-01-21.wav,-615.93463,63.874844,4.867468,18.321978,7.1550527,-1.2293271,4.129072,-9.456396,-7.1259403,0.6466036,0.3097518,-3.735776,-1.2129996,-0.012716814,-0.01749923,-0.016134175,-0.014137495,-0.011857717,-0.009664124,-0.007863787,-0.006639131,-0.006017246,-0.0058806594,-0.0060105105,-0.0061539738,-0.00609218,03-01-04-01-02-01-21.wav
281,/Users/upendrasuryajonnalagadda/mindseye/Audio_Speech_Actors_01-24/Actor_21/03-01-06-02-02-01-21.wav,3,1,fearful,6,2,2,1,21,male,03-01-06-02-02-01-21.wav,-480.99225,54.714138,-11.80223,11.226247,6.9123125,-6.918842,-5.1159554,-7.631736,-15.160626,-2.4531224,-4.2740207,-9.56722,-3.2368512,-0.0029356787,-0.0041480972,-0.0041366294,-0.0041175094,-0.004090877,-0.004056872,-0.0040157004,-0.0039675483,-0.003912686,-0.003851402,-0.0037840158,-0.0037109046,-0.0036323539,03-01-06-02-02-01-21.wav
282,/Users/upendrasuryajonnalagadda/mindseye/Audio_Speech_Actors_01-24/Actor_21/03-01-05-02-02-02-21.wav,3,1,angry,5,2,2,2,21,male,03-01-05-02-02-02-21.wav,-376.01346,37.209133,-20.613798,7.9732285,3.630531,-14.364474,-6.5494914,-7.6373453,-17.275866,-1.9308635,-3.2985382,-9.284761,-2.5236979,-0.00067647296,-0.0002562309,0.0008155687,0.0006890948,-0.0004371789,-0.0009086275,-5.5446e-05,0.0008535854,0.00050573924,-0.00055334996,-0.0007765306,0.00011575418,0.00079563796,03-01-05-02-02-02-21.wav
283,/Users/upendrasuryajonnalagadda/mindseye/Audio_Speech_Actors_01-24/Actor_21/03-01-05-01-01-02-21.wav,3,1,angry,5,1,1,2,21,male,03-01-05-01-01-02-21.wav,-448.5653,49.195568,-14.881626,12.763189,7.8369665,-12.23169,-0.8727009,-5.4896016,-17.852242,-0.11868126,-1.9029673,-9.247884,-2.9045432,0.00029476805,0.00041661787,0.00041637532,0.00041577994,0.00041507435,0.00041419233,0.00041308432,0.00041177231,0.00041028945,0.00040858466,0.00040669524,0.00040462252,0.00040236235,03-01-05-01-01-02-21.wav
284,/Users/upendrasuryajonnalagadda/mindseye/Audio_Speech_Actors_01-24/Actor_21/03-01-06-01-01-01-21.wav,3,1,fearful,6,1,1,1,21,male,03-01-06-01-01-01-21.wav,-558.34766,63.161316,-5.2637353,17.017042,7.489698,-5.7614126,0.3692358,-7.2835646,-11.891166,1.0285751,-1.1872182,-9.13071,-1.2275687,0.024260323,0.03464345,0.035446405,0.036206305,0.036331836,0.035417233,0.033423815,0.030699125,0.027833771,0.025422785,0.02384052,0.023119513,0.022975547,03-01-06-01-01-01-21.wav
285,/Users/upendrasuryajonnalagadda/mindseye/Audio_Speech_Actors_01-24/Actor_21/03-01-08-01-01-01-21.wav,3,1,surprised,8,1,1,1,21,male,03-01-08-01-01-01-21.wav,-544.1543,59.049656,-2.626377,7.9801435,6.0256734,-9.655318,-3.9884446,-7.3995223,-13.4450865,-1.064752,-5.9106574,-9.045059,-2.1124208,0.0014476649,0.004629931,0.008648114,0.008526758,0.0051251594,0.004162921,0.007443681,0.010268027,0.008598605,0.004849358,0.003925286,0.006083242,0.007204236,03-01-08-01-01-01-21.wav
286,/Users/upendrasuryajonnalagadda/mindseye/Audio_Speech_Actors_01-24/Actor_21/03-01-08-02-02-01-21.wav,3,1,surprised,8,2,2,1,21,male,03-01-08-02-02-01-21.wav,-532.8291,46.737095,-5.719127,8.55888,5.3100977,-7.043122,-4.685838,-8.65051,-15.7959175,2.4505413,-4.8613276,-10.030363,-2.271254,0.025222167,0.005038656,0.0041484833,0.025212351,-0.0053911465,0.0058588157,0.025181707,-0.0021966998,0.01491464,0.0259036,-0.0019241079,0.011729443,0.011052745,03-01-08-02-02-01-21.wav
287,/Users/upendrasuryajonnalagadda/mindseye/Audio_Speech_Actors_01-24/Actor_21/03-01-07-02-02-01-21.wav,3,1,disgust,7,2,2,1,21,male,03-01-07-02-02-01-21.wav,-575.07367,56.146996,-3.7745779,16.216343,10.427885,-7.141582,1.6329724,-3.5680823,-8.662047,4.0399084,0.78142345,-3.5523071,-0.40952554,-0.014809502,-0.020823373,-0.020468442,-0.019894134,-0.01912525,-0.01819369,-0.017136436,-0.015992684,-0.014801311,-0.013598299,-0.012414381,-0.011273515,-0.010191928,03-01-07-02-02-01-21.wav
288,/Users/upendrasuryajonnalagadda/mindseye/Audio_Speech_Actors_01-24/Actor_21/03-01-04-02-02-02-21.wav,3,1,sad,4,2,2,2,21,male,03-01-04-02-02-02-21.wav,-555.2242,65.10565,-10.51355,14.897363,14.2406435,-7.8149757,-8.187595,-4.46973,-18.746696,-1.6077945,-0.65655726,-10.261851,-2.463299,0.020188998,0.028389957,0.027914783,0.027151832,0.026143016,0.024942607,0.02361377,0.022224307,0.020842185,0.019530836,0.018345678,0.0173305,0.016515102,03-01-04-02-02-02-21.wav
289,/Users/upendrasuryajonnalagadda/mindseye/Audio_Speech_Actors_01-24/Actor_21/03-01-04-01-01-02-21.wav,3,1,sad,4,1,1,2,21,male,03-01-04-01-01-02-21.wav,-653.72003,71.21062,6.8802004,20.510036,8.238561,-2.4147332,6.00768,-7.119927,-4.8841386,-2.5973191,-1.9711218,-4.2208853,-1.0299677,-0.007703618,-0.010855056,-0.01073314,-0.0105233025,-0.010217592,-0.00980877,-0.00929242,-0.008668765,-0.007942849,-0.0071245893,-0.0062283464,-0.005272549,-0.0042792098,03-01-04-01-01-02-21.wav
290,/Users/upendrasuryajonnalagadda/mindseye/Audio_Speech_Actors_01-24/Actor_21/03-01-07-01-01-01-21.wav,3,1,disgust,7,1,1,1,21,male,03-01-07-01-01-01-21.wav,-550.9513,59.54219,-3.6005778,14.816942,8.165843,-9.044746,1.6738813,-5.4973845,-11.809077,0.6785766,-0.14302547,-7.1595044,-5.1308665,-0.0009287392,-0.0013131863,-0.0013126048,-0.0013117208,-0.0013105114,-0.0013089529,-0.001307092,-0.0013048823,-0.0013023295,-0.0012995092,-0.0012963226,-0.0012928916,-0.0012891584,03-01-07-01-01-01-21.wav
291,/Users/upendrasuryajonnalagadda/mindseye/Audio_Speech_Actors_01-24/Actor_21/03-01-05-02-01-01-21.wav,3,1,angry,5,2,1,1,21,male,03-01-05-02-01-01-21.wav,-351.94043,43.042053,-19.995459,8.64041,5.344911,-14.755811,-6.1728115,-3.3973563,-15.82244,0.27129316,-1.4513109,-8.931525,-2.562918,-0.00019699178,-9.704267e-05,0.00021103954,0.00024416082,-4.0896986e-05,-0.00027260956,-0.00014908785,0.00016874485,0.0002666655,1.7095495e-05,-0.00025476728,-0.00019461011,0.00011913865,03-01-05-02-01-01-21.wav
292,/Users/upendrasuryajonnalagadda/mindseye/Audio_Speech_Actors_01-24/Actor_21/03-01-06-02-01-02-21.wav,3,1,fearful,6,2,1,2,21,male,03-01-06-02-01-02-21.wav,-495.68256,51.665394,-14.522228,11.340886,5.2196712,-7.9795346,-7.245261,-4.851918,-15.039142,-1.7893534,-1.4425211,-9.470503,-2.2448647,0.009006546,0.009658607,0.003689921,-0.0003385314,-0.0026223315,-0.0058868076,-0.008903607,-0.007843628,-0.0032704107,-0.00016049879,-8.450933e-05,0.0012364904,0.006216196,03-01-06-02-01-02-21.wav
293,/Users/upendrasuryajonnalagadda/mindseye/Audio_Speech_Actors_01-24/Actor_21/03-01-06-01-02-02-21.wav,3,1,fearful,6,1,2,2,21,male,03-01-06-01-02-02-21.wav,-594.71704,57.996655,1.7456127,12.041741,6.3985276,-2.1931,2.5045922,-7.398386,-8.703272,-0.5404534,-3.535641,-6.849956,-2.5810564,-0.008049098,-0.011360038,-0.011291883,-0.011179084,-0.01102285,-0.010824881,-0.010587251,-0.010312459,-0.010003382,-0.009663089,-0.009295064,-0.008902815,-0.008490142,03-01-06-01-02-02-21.wav
294,/Users/upendrasuryajonnalagadda/mindseye/Audio_Speech_Actors_01-24/Actor_21/03-01-05-01-02-01-21.wav,3,1,angry,5,1,2,1,21,male,03-01-05-01-02-01-21.wav,-412.92355,43.38225,-10.774095,10.61818,3.895143,-11.955715,-2.4560626,-6.1900983,-17.141655,-3.027291,-3.0886278,-10.723189,-3.1470056,-1.3871627e-06,-1.9073486e-06,-1.874837e-06,-1.8965114e-06,-1.8856742e-06,-1.8856742e-06,-1.8775463e-06,-1.8775463e-06,-1.8694184e-06,-1.8856742e-06,-1.8639998e-06,-1.8639998e-06,-1.8694184e-06,03-01-05-01-02-01-21.wav
295,/Users/upendrasuryajonnalagadda/mindseye/Audio_Speech_Actors_01-24/Actor_21/03-01-02-01-02-01-21.wav,3,1,calm,2,1,2,1,21,male,03-01-02-01-02-01-21.wav,-643.26013,77.6254,17.36073,20.897846,15.753915,3.0861046,6.182549,-4.675484,-2.7503667,2.0318856,2.8997517,0.94099987,3.379421,-0.10020986,-0.13839619,-0.12905997,-0.11540172,-0.09967925,-0.084149875,-0.07063499,-0.060285125,-0.05349156,-0.049885344,-0.048434444,-0.04769771,-0.04624375,03-01-02-01-02-01-21.wav
296,/Users/upendrasuryajonnalagadda/mindseye/Audio_Speech_Actors_01-24/Actor_21/03-01-01-01-02-02-21.wav,3,1,neutral,1,1,2,2,21,male,03-01-01-01-02-02-21.wav,-611.5813,67.66456,3.4359093,12.832648,10.667484,-0.6819883,0.5264921,-7.356469,-8.933831,0.528709,-0.40370768,-2.5529943,-0.76248306,-0.000442217,-0.00062858535,-0.0006391987,-0.00065658375,-0.0006806955,-0.00071106915,-0.0007475607,-0.0007897743,-0.0008370861,-0.0008890839,-0.0009451452,-0.0010045969,-0.0010668316,03-01-01-01-02-02-21.wav
297,/Users/upendrasuryajonnalagadda/mindseye/Audio_Speech_Actors_01-24/Actor_21/03-01-02-02-01-01-21.wav,3,1,calm,2,2,1,1,21,male,03-01-02-02-01-01-21.wav,-613.26483,71.52391,3.8605647,20.973902,11.693526,-0.6271672,1.1723781,-6.5906587,-3.5316796,1.9243115,3.18505,-1.7410966,1.7131976,0.04261436,0.059486125,0.057264514,0.053907957,0.049807735,0.04532254,0.04070629,0.036104154,0.031600136,0.027271956,0.023213558,0.01951119,0.016198445,03-01-02-02-01-01-21.wav
298,/Users/upendrasuryajonnalagadda/mindseye/Audio_Speech_Actors_01-24/Actor_21/03-01-03-01-01-02-21.wav,3,1,happy,3,1,1,2,21,male,03-01-03-01-01-02-21.wav,-571.6765,65.34757,-6.9428353,14.912702,12.832798,-6.8796573,-0.42680508,-4.33945,-10.359017,2.2451158,-1.1697428,-5.237194,0.73737895,0.0016799555,0.0022954242,0.0020604047,0.0016836771,0.0011863243,0.00059511606,-6.0325714e-05,-0.00074967527,-0.0014449329,-0.002122036,-0.0027633063,-0.003357457,-0.0039001296,03-01-03-01-01-02-21.wav
299,/Users/upendrasuryajonnalagadda/mindseye/Audio_Speech_Actors_01-24/Actor_21/03-01-03-02-02-02-21.wav,3,1,happy,3,2,2,2,21,male,03-01-03-02-02-02-21.wav,-456.24246,52.5364,-15.026608,10.1174965,2.2603629,-11.237266,-6.025093,-6.554768,-16.307138,-1.8982936,-4.60102,-9.430439,-0.8956699,0.0,0.0,-5.815087e-09,2.3260348e-08,-5.815087e-09,0.0,0.0,-1.7445261e-08,-2.3260348e-08,-2.3260348e-08,-1.1630174e-08,0.0,-5.815087e-09,03-01-03-02-02-02-21.wav
300,/Users/upendrasuryajonnalagadda/mindseye/Audio_Speech_Actors_01-24/Actor_19/03-01-01-01-01-02-19.wav,3,1,neutral,1,1,1,2,19,male,03-01-01-01-01-02-19.wav,-715.2329,78.78551,12.331404,21.444433,8.497774,9.027192,0.88343334,-6.413185,-8.974745,1.2024,2.174991,-1.5778726,5.333694,0.5926365,0.24728268,-0.10840833,-0.05091114,-0.14038885,0.017771393,-0.1309139,-0.18930072,-0.106974944,-0.070717156,-0.062095888,-0.033446837,-0.028439036,03-01-01-01-01-02-19.wav
301,/Users/upendrasuryajonnalagadda/mindseye/Audio_Speech_Actors_01-24/Actor_19/03-01-02-01-01-01-19.wav,3,1,calm,2,1,1,1,19,male,03-01-02-01-01-01-19.wav,-758.505,67.32436,26.203814,24.980011,12.764482,16.556383,0.66160345,1.2376859,-0.29616484,2.5899382,3.8221889,-0.27510056,0.4436147,-0.2831258,-0.18717013,-0.13881163,-0.08601014,-0.044266086,-0.014208607,0.0072017284,-0.011567662,0.015683493,0.009986877,-0.03485194,-0.006087753,0.00019504139,03-01-02-01-01-01-19.wav
302,/Users/upendrasuryajonnalagadda/mindseye/Audio_Speech_Actors_01-24/Actor_19/03-01-02-02-02-01-19.wav,3,1,calm,2,2,2,1,19,male,03-01-02-02-02-01-19.wav,-700.3929,61.621437,16.980684,23.538042,13.520002,12.606577,-0.5193696,-4.6754465,-2.516028,6.177148,3.3582492,-2.3456883,2.33313,0.14567558,0.18864127,0.15433683,0.1251075,0.10471156,0.08906137,0.07339836,0.055267055,0.040897254,0.03225946,0.026189743,0.020285973,0.015291804,03-01-02-02-02-01-19.wav
303,/Users/upendrasuryajonnalagadda/mindseye/Audio_Speech_Actors_01-24/Actor_19/03-01-03-01-02-02-19.wav,3,1,happy,3,1,2,2,19,male,03-01-03-01-02-02-19.wav,-654.0794,69.5262,3.1824968,18.595871,0.67250305,14.328771,0.106471345,-3.164279,-6.186623,1.9518176,4.695042,-4.9037576,3.983675,-0.035178445,-0.06306466,-0.09613405,-0.09870713,-0.07587706,-0.064229205,-0.02781852,0.0050378544,0.0034759894,0.007974772,0.01674236,0.005345471,-0.007241136,03-01-03-01-02-02-19.wav
304,/Users/upendrasuryajonnalagadda/mindseye/Audio_Speech_Actors_01-24/Actor_19/03-01-03-02-01-02-19.wav,3,1,happy,3,2,1,2,19,male,03-01-03-02-01-02-19.wav,-512.04504,45.327847,-14.858356,2.553741,-2.582554,3.4458983,-11.730612,-15.51819,-8.652678,-3.3532305,2.3326952,-8.222858,-3.5416863,-0.44578812,-0.27660453,-0.010952507,0.008209915,0.035998974,-0.0011485262,0.040960174,0.0737153,0.07631011,0.02913289,0.03144698,0.048789263,0.031468026,03-01-03-02-01-02-19.wav
305,/Users/upendrasuryajonnalagadda/mindseye/Audio_Speech_Actors_01-24/Actor_19/03-01-04-02-01-02-19.wav,3,1,sad,4,2,1,2,19,male,03-01-04-02-01-02-19.wav,-649.3551,67.22551,1.5718971,17.73429,8.385167,7.0160193,-5.867929,-4.749009,-3.760592,-5.6193705,1.3675449,-1.777003,-2.3987994,-0.7711822,-0.5068852,-0.06039841,-0.034503303,0.05573573,0.039073028,0.02903967,0.03081745,0.05947169,0.044100713,0.041024387,0.013933134,0.004025745,03-01-04-02-01-02-19.wav
306,/Users/upendrasuryajonnalagadda/mindseye/Audio_Speech_Actors_01-24/Actor_19/03-01-07-02-01-01-19.wav,3,1,disgust,7,2,1,1,19,male,03-01-07-02-01-01-19.wav,-536.0109,38.65566,4.1223927,10.077127,-2.8295398,-0.4689752,-5.9358606,-11.744134,-8.169708,-10.245455,0.24084805,-5.719639,-5.72247,-0.0047364165,-0.0066912924,-0.0066693258,-0.0066326987,-0.0065816245,-0.0065163183,-0.0064369976,-0.0063440152,-0.006237645,-0.006118378,-0.0059865657,-0.0058427295,-0.0056873886,03-01-07-02-01-01-19.wav
307,/Users/upendrasuryajonnalagadda/mindseye/Audio_Speech_Actors_01-24/Actor_19/03-01-07-01-02-01-19.wav,3,1,disgust,7,1,2,1,19,male,03-01-07-01-02-01-19.wav,-600.77997,61.937077,10.454112,15.238348,-0.9374367,7.5869946,-7.0726557,-9.415427,-3.6534305,0.92338204,0.33872753,-5.3292747,4.2779493,0.012376573,-0.23319775,-0.014320509,-0.07184248,-0.054133475,-0.03156263,0.0110235,0.0012168037,0.012705231,0.03494627,0.01044853,-0.028619988,0.0164067,03-01-07-01-02-01-19.wav
308,/Users/upendrasuryajonnalagadda/mindseye/Audio_Speech_Actors_01-24/Actor_19/03-01-04-01-02-02-19.wav,3,1,sad,4,1,2,2,19,male,03-01-04-01-02-02-19.wav,-732.8713,77.6709,16.079626,22.830603,9.022008,13.979758,4.3485913,-3.443726,-3.215893,2.0780516,6.349282,-0.5328102,6.028026,0.077429816,0.10952708,0.11545396,0.12753932,0.11122222,0.1019717,0.077531226,0.07667531,0.06749356,0.03766946,0.012164146,0.022586582,0.028777393,03-01-04-01-02-02-19.wav
309,/Users/upendrasuryajonnalagadda/mindseye/Audio_Speech_Actors_01-24/Actor_19/03-01-06-02-02-02-19.wav,3,1,fearful,6,2,2,2,19,male,03-01-06-02-02-02-19.wav,-421.60892,23.5916,-23.464867,2.6500204,-9.310788,-2.4989946,-14.611822,-17.830305,-4.31773,-1.5379428,-0.09147328,-5.6349998,5.474283,-0.08703157,-0.043374885,-0.007960243,0.015042941,0.1378106,0.10009223,-0.014327302,0.00029511287,0.030355772,-0.030392833,-0.097782,-0.06175758,0.013006391,03-01-06-02-02-02-19.wav
310,/Users/upendrasuryajonnalagadda/mindseye/Audio_Speech_Actors_01-24/Actor_19/03-01-05-02-02-01-19.wav,3,1,angry,5,2,2,1,19,male,03-01-05-02-02-01-19.wav,-307.82556,28.292263,-33.72175,-2.3927786,-15.855717,-10.578615,-11.1157255,-2.9570417,-11.549768,-4.4357595,2.916804,-11.1946335,0.25848094,0.0012208663,0.0019675372,0.0024205989,0.0025870379,0.0023031686,0.0019013002,0.0018050454,0.0020610278,0.0023407247,0.002353454,0.0021458897,0.0019698627,0.0019559625,03-01-05-02-02-01-19.wav
311,/Users/upendrasuryajonnalagadda/mindseye/Audio_Speech_Actors_01-24/Actor_19/03-01-05-01-01-01-19.wav,3,1,angry,5,1,1,1,19,male,03-01-05-01-01-01-19.wav,-527.4075,47.9863,-5.8064785,12.859312,-0.09204457,-1.0074635,-2.6718624,-4.159374,-9.203556,-3.963417,4.694654,-5.433742,-0.08250765,0.029202513,0.04127484,0.04120271,0.041082814,0.04091555,0.040701415,0.04044102,0.04013531,0.03978518,0.039391734,0.038956255,0.038480062,0.037964646,03-01-05-01-01-01-19.wav
312,/Users/upendrasuryajonnalagadda/mindseye/Audio_Speech_Actors_01-24/Actor_19/03-01-06-01-01-02-19.wav,3,1,fearful,6,1,1,2,19,male,03-01-06-01-01-02-19.wav,-641.917,53.971024,3.363122,13.621787,8.870889,4.7283826,-8.052875,-8.17187,-2.1967156,0.10560641,0.5501664,-2.4648433,0.7002642,-0.13367589,0.027359968,0.31917542,0.2550139,0.034513816,0.03576673,0.1958391,0.24401885,0.14506033,0.036570366,-0.011228738,-0.0061681885,0.02017741,03-01-06-01-01-02-19.wav
313,/Users/upendrasuryajonnalagadda/mindseye/Audio_Speech_Actors_01-24/Actor_19/03-01-08-01-02-01-19.wav,3,1,surprised,8,1,2,1,19,male,03-01-08-01-02-01-19.wav,-661.369,72.991516,11.900957,24.883938,1.6417642,4.4949865,1.5281148,-8.164681,-1.4110138,3.6911225,0.2829507,-4.851383,2.9835265,0.5226158,0.18685292,-0.009739461,0.07525568,0.020226581,0.038591042,-0.033453166,0.011595538,0.044795733,0.092677996,0.073841706,0.018100737,0.0006107018,03-01-08-01-02-01-19.wav
314,/Users/upendrasuryajonnalagadda/mindseye/Audio_Speech_Actors_01-24/Actor_19/03-01-08-02-01-01-19.wav,3,1,surprised,8,2,1,1,19,male,03-01-08-02-01-01-19.wav,-571.72986,58.163986,3.4545527,10.492102,0.53769773,1.266897,-4.883177,-12.496987,-5.8489275,-7.070827,-2.60894,-6.143587,0.5586529,0.01396705,-0.0096141575,-0.05333865,-0.06457316,-0.05483666,-0.03500655,-0.025360996,-0.045502592,-0.05511554,-0.035662852,-0.01711898,0.00028263242,0.008285861,03-01-08-02-01-01-19.wav
315,/Users/upendrasuryajonnalagadda/mindseye/Audio_Speech_Actors_01-24/Actor_19/03-01-07-02-02-02-19.wav,3,1,disgust,7,2,2,2,19,male,03-01-07-02-02-02-19.wav,-461.8207,42.560097,1.0175211,13.702183,-0.3739023,-1.8548245,-2.585919,-4.931312,-8.516481,-3.6068087,3.311025,-6.0900245,-1.768051,0.25456834,0.108928554,-0.10147387,-0.13648227,-0.009260012,0.13188946,0.06424595,-0.056320608,-0.08144653,-0.008722189,0.04837722,0.025749266,0.016816566,03-01-07-02-02-02-19.wav
316,/Users/upendrasuryajonnalagadda/mindseye/Audio_Speech_Actors_01-24/Actor_19/03-01-04-02-02-01-19.wav,3,1,sad,4,2,2,1,19,male,03-01-04-02-02-01-19.wav,-626.9533,67.89747,1.6370763,12.935054,4.454488,7.4641128,-11.544701,-5.5035925,-4.029398,-11.448175,-4.9080467,-3.1096563,-0.91300416,-0.11512912,-0.102718174,0.1020397,0.08312464,-0.015002679,0.0077896765,0.043325722,0.12392624,0.1722592,0.10632279,0.033474565,0.06677756,-0.0061693774,03-01-04-02-02-01-19.wav
317,/Users/upendrasuryajonnalagadda/mindseye/Audio_Speech_Actors_01-24/Actor_19/03-01-04-01-01-01-19.wav,3,1,sad,4,1,1,1,19,male,03-01-04-01-01-01-19.wav,-723.7131,67.22469,17.922281,18.497843,9.793799,13.58976,7.0026054,-1.6399388,-0.71690094,1.2053955,3.7638078,-0.9194548,4.500656,-0.3165351,-0.24597046,0.060445342,0.19822483,0.12610099,-0.063288085,-0.15832181,-0.025382407,0.17414556,0.222331,0.059418805,-0.11831845,-0.16860327,03-01-04-01-01-01-19.wav
318,/Users/upendrasuryajonnalagadda/mindseye/Audio_Speech_Actors_01-24/Actor_19/03-01-07-01-01-02-19.wav,3,1,disgust,7,1,1,2,19,male,03-01-07-01-01-02-19.wav,-610.9525,73.92171,3.0044456,9.20349,-2.6038718,4.6616335,-5.565025,-13.24523,-1.9621769,-3.9715781,1.5371786,-5.619384,3.5524902,-0.07626562,-0.065088265,-0.010528838,0.015099071,0.02193262,0.011793538,0.004395318,0.023361096,0.026280677,0.009939833,0.021237,0.002736005,-0.0057341014,03-01-07-01-01-02-19.wav
319,/Users/upendrasuryajonnalagadda/mindseye/Audio_Speech_Actors_01-24/Actor_19/03-01-05-02-01-02-19.wav,3,1,angry,5,2,1,2,19,male,03-01-05-02-01-02-19.wav,-347.855,33.441124,-35.798573,1.0275849,-17.729235,-12.269428,-7.8326936,-3.2187958,-12.785457,-4.541448,5.6252823,-10.893541,-0.3196964,0.08445467,0.04603838,-0.0319706,-0.027774258,0.017880222,0.05831501,0.006160909,-0.051510952,-0.026783155,0.021754187,0.03988632,0.014205145,-0.0069099558,03-01-05-02-01-02-19.wav
320,/Users/upendrasuryajonnalagadda/mindseye/Audio_Speech_Actors_01-24/Actor_19/03-01-06-02-01-01-19.wav,3,1,fearful,6,2,1,1,19,male,03-01-06-02-01-01-19.wav,-488.19852,42.98017,-32.8679,4.590628,-4.9839582,-3.6056643,-19.53075,-14.279503,-13.213705,-8.078819,3.8451111,-15.884318,1.8152062,0.029214147,0.031965047,0.038784396,0.03263055,0.037434865,0.031982515,0.032345816,0.032933153,0.028828403,0.030535894,0.024399826,0.030088753,0.02114297,03-01-06-02-01-01-19.wav
321,/Users/upendrasuryajonnalagadda/mindseye/Audio_Speech_Actors_01-24/Actor_19/03-01-06-01-02-01-19.wav,3,1,fearful,6,1,2,1,19,male,03-01-06-01-02-01-19.wav,-620.8491,37.739964,-1.2242045,14.249456,-0.57987404,8.097854,-8.8985405,-13.757989,-2.7904766,-1.308525,-2.805045,-6.6869016,0.2309128,0.7425511,0.41894603,-0.11337202,0.027303532,0.011889756,-0.103613205,-0.24082369,-0.16509464,-0.03560011,-0.024705933,0.015453023,-0.030027483,0.041235752,03-01-06-01-02-01-19.wav
322,/Users/upendrasuryajonnalagadda/mindseye/Audio_Speech_Actors_01-24/Actor_19/03-01-05-01-02-02-19.wav,3,1,angry,5,1,2,2,19,male,03-01-05-01-02-02-19.wav,-539.57227,53.837452,8.056617,17.697256,1.6958224,-0.39242405,-0.8793002,-2.243308,-10.379378,-2.065264,2.2684884,-7.3525105,0.05668769,-0.2986042,-0.309606,-0.12430079,-0.050352912,-0.049223565,-0.044726692,-0.04287747,-0.043748483,-0.040229995,-0.041372832,-0.042244773,-0.038088564,-0.035412714,03-01-05-01-02-02-19.wav
323,/Users/upendrasuryajonnalagadda/mindseye/Audio_Speech_Actors_01-24/Actor_19/03-01-08-01-01-02-19.wav,3,1,surprised,8,1,1,2,19,male,03-01-08-01-01-02-19.wav,-647.87634,78.7864,2.392293,8.779392,-0.52615297,3.9145696,-3.8181674,-10.349934,-5.1019154,-6.318324,1.3437749,-4.130209,1.8805534,-0.6801042,-0.5319698,-0.059307273,-0.029442495,-0.00024314332,0.0058798445,-0.087719135,0.010878644,0.06701159,0.022169312,0.003574527,-0.037723802,-0.03762069,03-01-08-01-01-02-19.wav
324,/Users/upendrasuryajonnalagadda/mindseye/Audio_Speech_Actors_01-24/Actor_19/03-01-08-02-02-02-19.wav,3,1,surprised,8,2,2,2,19,male,03-01-08-02-02-02-19.wav,-662.58167,59.485302,14.303701,17.203342,1.4268258,8.966417,0.80214846,-5.7661786,-0.82902485,-1.3970659,2.2625089,-4.88903,2.276787,-0.06796092,-0.09547311,-0.093612574,-0.09067192,-0.08686788,-0.08245869,-0.077709496,-0.07285743,-0.06808372,-0.06349666,-0.059127808,-0.054941867,-0.05085741,03-01-08-02-02-02-19.wav
325,/Users/upendrasuryajonnalagadda/mindseye/Audio_Speech_Actors_01-24/Actor_19/03-01-02-01-02-02-19.wav,3,1,calm,2,1,2,2,19,male,03-01-02-01-02-02-19.wav,-753.2195,63.72345,26.526836,30.90487,13.457718,16.278053,1.9826436,0.39092335,-0.38138682,6.0422955,7.107823,0.98126507,1.8051758,0.34598735,0.14262596,0.07161911,0.046444677,0.029539451,0.061744682,0.06376335,0.051468506,0.017591514,0.00088584266,-0.013360672,0.0015007401,-0.031154582,03-01-02-01-02-02-19.wav
326,/Users/upendrasuryajonnalagadda/mindseye/Audio_Speech_Actors_01-24/Actor_19/03-01-01-01-02-01-19.wav,3,1,neutral,1,1,2,1,19,male,03-01-01-01-02-01-19.wav,-719.37946,69.116356,12.223126,24.287369,10.61512,11.088133,2.7483995,-2.8110936,-8.260198,4.2461877,3.149526,-3.0344627,5.15219,-0.051128175,-0.23995389,-0.15545736,-0.056327887,0.040443048,-0.011522055,-0.021681521,-0.047991857,0.020027796,-0.038961284,0.0010296372,-0.013294842,-0.052391768,03-01-01-01-02-01-19.wav
327,/Users/upendrasuryajonnalagadda/mindseye/Audio_Speech_Actors_01-24/Actor_19/03-01-02-02-01-02-19.wav,3,1,calm,2,2,1,2,19,male,03-01-02-02-01-02-19.wav,-680.2884,64.41694,18.469643,23.471375,14.80712,12.186271,2.585984,1.5898073,-2.1111643,2.5951688,0.33378425,-2.517977,3.5300763,-0.0586162,-0.043893397,0.011455086,0.0031419075,-0.04233866,-0.039299473,0.021807332,0.053513702,0.013516618,-0.031690508,-0.018591277,0.0205846,0.015165274,03-01-02-02-01-02-19.wav
328,/Users/upendrasuryajonnalagadda/mindseye/Audio_Speech_Actors_01-24/Actor_19/03-01-03-01-01-01-19.wav,3,1,happy,3,1,1,1,19,male,03-01-03-01-01-01-19.wav,-653.7885,74.39236,8.322383,11.348934,3.7483213,8.154741,-6.0013266,-5.279405,-7.9763937,-1.2269653,5.6431413,-5.650707,-1.27464,0.32210994,0.23955394,0.15386666,0.050068073,0.02006798,0.013427272,0.02968821,0.03085603,-0.0052663656,-0.01060357,-0.01065448,-0.008110617,-0.015062472,03-01-03-01-01-01-19.wav
329,/Users/upendrasuryajonnalagadda/mindseye/Audio_Speech_Actors_01-24/Actor_19/03-01-03-02-02-01-19.wav,3,1,happy,3,2,2,1,19,male,03-01-03-02-02-01-19.wav,-496.21652,44.47926,-5.133743,10.619376,-0.9217922,4.399442,-9.489511,-11.7184515,-9.245918,-1.501283,1.5846658,-9.393461,-0.5877882,2.3420048,0.17673898,-0.29636264,-0.028313557,-0.055516794,0.12152391,-0.08411295,-0.117594436,-0.012808163,0.017709572,-0.10368217,0.052470688,-0.051206723,03-01-03-02-02-01-19.wav
330,/Users/upendrasuryajonnalagadda/mindseye/Audio_Speech_Actors_01-24/Actor_19/03-01-06-01-01-01-19.wav,3,1,fearful,6,1,1,1,19,male,03-01-06-01-01-01-19.wav,-611.49084,53.697193,-2.787697,15.713755,3.3997245,0.4294773,-6.5267153,-8.406367,-5.2088532,-2.651443,0.9351779,-9.086231,1.471776,-0.16704655,-0.11634002,0.004767871,-0.05608196,-0.08881233,-0.027175928,-0.008749413,-0.014668834,-0.009233296,-0.035971474,-0.043608952,-0.012564266,-0.028670559,03-01-06-01-01-01-19.wav
331,/Users/upendrasuryajonnalagadda/mindseye/Audio_Speech_Actors_01-24/Actor_19/03-01-05-01-01-02-19.wav,3,1,angry,5,1,1,2,19,male,03-01-05-01-01-02-19.wav,-555.4774,56.743263,-3.7796593,16.597498,5.283414,2.7290711,-3.6292763,-2.8404536,-8.249215,-0.71704113,6.0218363,-6.601494,1.6466783,0.29232827,0.13265142,-0.021055913,0.032150198,0.024697429,0.06493504,-0.0018496275,-0.028813431,-0.0238006,0.010802197,0.049938194,-0.031020695,0.029275233,03-01-05-01-01-02-19.wav
332,/Users/upendrasuryajonnalagadda/mindseye/Audio_Speech_Actors_01-24/Actor_19/03-01-05-02-02-02-19.wav,3,1,angry,5,2,2,2,19,male,03-01-05-02-02-02-19.wav,-404.84164,27.947756,-21.580803,9.363353,-7.7175384,-12.304215,-9.229844,-3.6733856,-13.242593,-4.502452,2.7416246,-9.525413,-0.68824345,0.0028392554,0.004013751,0.004009441,0.0040022423,0.0039921994,0.0039793,0.0039635026,0.0039449465,0.0039235856,0.0038994395,0.0038725643,0.0038429922,0.0038107424,03-01-05-02-02-02-19.wav
333,/Users/upendrasuryajonnalagadda/mindseye/Audio_Speech_Actors_01-24/Actor_19/03-01-06-02-02-01-19.wav,3,1,fearful,6,2,2,1,19,male,03-01-06-02-02-01-19.wav,-459.72464,18.374693,-18.822191,-2.7690644,-13.273498,-2.8400788,-11.864756,-12.17954,-2.9253616,-3.9706964,-2.21687,-5.183168,6.2745137,-0.020228993,-0.028599132,-0.028572528,-0.028528312,-0.028466422,-0.028387032,-0.028290117,-0.028175998,-0.028044585,-0.027896263,-0.027731003,-0.02754917,-0.027350908,03-01-06-02-02-01-19.wav
334,/Users/upendrasuryajonnalagadda/mindseye/Audio_Speech_Actors_01-24/Actor_19/03-01-04-01-02-01-19.wav,3,1,sad,4,1,2,1,19,male,03-01-04-01-02-01-19.wav,-710.8944,73.407845,9.818445,14.052332,8.829359,14.78057,1.7163377,-9.149677,-2.9311128,6.036691,6.2791777,-3.7994576,5.985358,-0.12051436,-0.1597938,-0.10365758,-0.03996352,-0.040227488,-0.04885203,-0.028507886,-0.026288416,-0.015666474,0.015081312,-0.000965731,-0.030051183,-0.010845825,03-01-04-01-02-01-19.wav
335,/Users/upendrasuryajonnalagadda/mindseye/Audio_Speech_Actors_01-24/Actor_19/03-01-07-01-02-02-19.wav,3,1,disgust,7,1,2,2,19,male,03-01-07-01-02-02-19.wav,-613.28876,47.951588,3.7413344,9.859426,-9.253015,4.4127545,-8.412171,-10.12008,-4.2375975,-4.3734627,1.3066595,-7.2366557,0.61518514,0.017295389,-0.15068027,-0.12521346,0.03460849,-0.05862154,-0.059661012,-0.05322343,-0.045949362,-0.032727607,-0.048691608,0.016728546,-0.023571474,-0.06236605,03-01-07-01-02-02-19.wav
336,/Users/upendrasuryajonnalagadda/mindseye/Audio_Speech_Actors_01-24/Actor_19/03-01-07-02-01-02-19.wav,3,1,disgust,7,2,1,2,19,male,03-01-07-02-01-02-19.wav,-462.58087,27.427088,-11.2738495,7.746214,-12.376983,-5.101374,-10.368076,-10.745537,-7.3626595,-8.93566,-1.4785193,-5.7350044,-4.148855,1.2266754,0.2767931,-0.18536481,0.08373348,-0.18342546,-0.09679222,-0.2256456,-0.028265765,-0.032979477,-0.21630715,-0.10478521,0.14200294,-0.022770632,03-01-07-02-01-02-19.wav
337,/Users/upendrasuryajonnalagadda/mindseye/Audio_Speech_Actors_01-24/Actor_19/03-01-04-02-01-01-19.wav,3,1,sad,4,2,1,1,19,male,03-01-04-02-01-01-19.wav,-527.9239,47.095097,3.1827118,14.730712,8.611144,3.3703122,-9.218029,-4.8669004,-3.3626416,-6.1321683,-1.9571228,-4.739739,-2.9758434,0.09956757,0.13288194,0.11252925,0.08865956,0.071023226,0.06388772,0.06348869,0.06275513,0.058558945,0.053259537,0.049669843,0.046994943,0.04290763,03-01-04-02-01-01-19.wav
338,/Users/upendrasuryajonnalagadda/mindseye/Audio_Speech_Actors_01-24/Actor_19/03-01-08-02-01-02-19.wav,3,1,surprised,8,2,1,2,19,male,03-01-08-02-01-02-19.wav,-566.9929,53.43414,-2.1927025,13.196092,3.6094968,1.2126051,-8.423932,-13.740657,-9.800324,-3.3352268,0.057782706,-8.794668,2.3004115,0.010276032,0.01449255,0.014374247,0.014178009,0.013905115,0.013557529,0.013137846,0.012649212,0.012095499,0.011480999,0.010810904,0.010090646,0.009326224,03-01-08-02-01-02-19.wav
339,/Users/upendrasuryajonnalagadda/mindseye/Audio_Speech_Actors_01-24/Actor_19/03-01-08-01-02-02-19.wav,3,1,surprised,8,1,2,2,19,male,03-01-08-01-02-02-19.wav,-744.68634,67.081535,18.314056,21.004875,5.289451,7.817583,5.3798113,-2.2679353,-4.1002693,2.317279,4.18106,-1.7214876,5.420078,-0.1262354,-0.14836347,-0.11172111,-0.09851235,-0.090089105,-0.074158415,-0.068290725,-0.068127535,-0.0515061,-0.023690712,0.005261615,0.028674075,0.039820332,03-01-08-01-02-02-19.wav
340,/Users/upendrasuryajonnalagadda/mindseye/Audio_Speech_Actors_01-24/Actor_19/03-01-03-02-01-01-19.wav,3,1,happy,3,2,1,1,19,male,03-01-03-02-01-01-19.wav,-589.8053,56.514385,8.005781,12.291095,-0.6592061,6.4381247,-4.2525287,-5.804587,-7.1720166,-0.14448524,6.475974,-4.630664,-0.5421841,-0.10359126,-0.1403254,-0.11789439,-0.07582771,-0.0278183,-0.0037350098,-0.017035337,-0.03892932,-0.029423954,0.005139696,0.014805121,-0.02445662,-0.07362871,03-01-03-02-01-01-19.wav
341,/Users/upendrasuryajonnalagadda/mindseye/Audio_Speech_Actors_01-24/Actor_19/03-01-03-01-02-01-19.wav,3,1,happy,3,1,2,1,19,male,03-01-03-01-02-01-19.wav,-688.4569,78.13203,15.737865,19.704098,5.8113074,17.669943,-2.0204675,-3.3101795,-6.127248,0.24654664,3.3371825,-3.0471015,2.8938234,-0.16936065,-0.029133005,0.21979265,0.17207439,0.05436865,0.028941493,0.07556985,0.11826966,0.04067483,-0.054783396,-0.014896907,0.013150398,-0.064073704,03-01-03-01-02-01-19.wav
342,/Users/upendrasuryajonnalagadda/mindseye/Audio_Speech_Actors_01-24/Actor_19/03-01-02-02-02-02-19.wav,3,1,calm,2,2,2,2,19,male,03-01-02-02-02-02-19.wav,-703.18176,66.35715,20.432518,25.90258,14.337355,12.698691,-1.725947,-2.0504417,-8.252956,1.1598787,-0.7581985,-2.1705384,3.5550609,0.101818785,0.11352925,0.050780665,0.019368391,0.017167466,0.008773726,-0.0003387287,9.122972e-05,-0.00037493758,-0.0076443865,-0.015969358,-0.018650956,-0.0192289,03-01-02-02-02-02-19.wav
343,/Users/upendrasuryajonnalagadda/mindseye/Audio_Speech_Actors_01-24/Actor_19/03-01-02-01-01-02-19.wav,3,1,calm,2,1,1,2,19,male,03-01-02-01-01-02-19.wav,-744.20105,72.78098,24.093513,26.378986,15.05493,13.426866,0.5882955,0.620331,-4.1008134,4.174071,3.6719177,0.8955109,0.920628,0.0035571211,0.06425793,0.14683416,0.09799764,-0.011051706,-0.052726075,0.07409017,0.09508235,0.009683129,-0.01122675,0.00783518,0.06424542,0.037491083,03-01-02-01-01-02-19.wav
344,/Users/upendrasuryajonnalagadda/mindseye/Audio_Speech_Actors_01-24/Actor_19/03-01-01-01-01-01-19.wav,3,1,neutral,1,1,1,1,19,male,03-01-01-01-01-01-19.wav,-720.9089,77.156685,12.188697,18.508013,7.5342426,7.921146,3.8615196,-2.4131787,-5.895042,1.0444314,2.1494434,-2.052845,6.5107737,0.037479766,0.052133534,0.048553985,0.04258954,0.0366463,0.03160359,0.028039971,0.026191816,0.023702575,0.018892236,0.012139438,0.0049237227,5.9122907e-05,03-01-01-01-01-01-19.wav
345,/Users/upendrasuryajonnalagadda/mindseye/Audio_Speech_Actors_01-24/Actor_19/03-01-03-02-02-02-19.wav,3,1,happy,3,2,2,2,19,male,03-01-03-02-02-02-19.wav,-597.3229,54.19757,13.435554,18.300003,0.9876305,6.3637443,-1.902704,-2.3356755,-7.223956,-2.5983107,1.653268,-7.3848715,-1.0984821,-0.00992474,-0.005313895,-0.00016462734,-0.0064627146,-0.0019830873,0.0049125473,0.003102363,0.0074398285,0.009915677,0.0014478209,0.004746553,0.014749031,0.007239132,03-01-03-02-02-02-19.wav
346,/Users/upendrasuryajonnalagadda/mindseye/Audio_Speech_Actors_01-24/Actor_19/03-01-03-01-01-02-19.wav,3,1,happy,3,1,1,2,19,male,03-01-03-01-01-02-19.wav,-620.7034,65.76584,7.1538744,17.170689,3.6706784,11.238317,-1.463578,-3.670237,-4.2807136,-3.2870598,4.2488656,-8.081536,-0.10348444,0.026472474,0.03819909,0.039875507,0.041585706,0.042157702,0.040603124,0.03838376,0.03707578,0.035525285,0.03269596,0.029648652,0.028303469,0.029235547,03-01-03-01-01-02-19.wav
347,/Users/upendrasuryajonnalagadda/mindseye/Audio_Speech_Actors_01-24/Actor_19/03-01-02-02-01-01-19.wav,3,1,calm,2,2,1,1,19,male,03-01-02-02-01-01-19.wav,-674.6044,69.135506,14.751741,19.50365,9.512896,10.719619,-3.6831684,-4.380857,-8.5403805,-3.5437672,0.6485084,-8.633649,2.115712,-0.07501031,-0.073394105,0.0017781727,0.07800555,0.105762355,0.10091062,0.0874078,0.07572068,0.0548309,0.036801867,0.016001865,-0.0108885495,-0.04939087,03-01-02-02-01-01-19.wav
348,/Users/upendrasuryajonnalagadda/mindseye/Audio_Speech_Actors_01-24/Actor_19/03-01-01-01-02-02-19.wav,3,1,neutral,1,1,2,2,19,male,03-01-01-01-02-02-19.wav,-704.80066,62.916447,11.644164,21.798393,7.5285296,9.319738,-0.2566826,-6.3060317,-8.013031,1.4976572,1.0483433,-3.9194767,4.884593,-0.15942276,-0.17306286,-0.074270286,-0.010478893,0.0142412735,0.0359828,0.06901648,0.08875316,0.0737922,0.049244393,0.03764542,0.024972675,0.0085657695,03-01-01-01-02-02-19.wav
349,/Users/upendrasuryajonnalagadda/mindseye/Audio_Speech_Actors_01-24/Actor_19/03-01-02-01-02-01-19.wav,3,1,calm,2,1,2,1,19,male,03-01-02-01-02-01-19.wav,-738.5635,62.29621,23.084866,28.577156,12.606312,12.887263,4.4254165,-0.489828,-7.197169,5.271091,1.6572165,-1.5406871,3.3644729,0.45925057,0.17749766,0.20283963,0.15814811,0.1053817,0.10752907,0.09494342,0.081969544,0.052854154,0.08526693,0.02768127,0.020782074,0.016550608,03-01-02-01-02-01-19.wav
350,/Users/upendrasuryajonnalagadda/mindseye/Audio_Speech_Actors_01-24/Actor_19/03-01-05-01-02-01-19.wav,3,1,angry,5,1,2,1,19,male,03-01-05-01-02-01-19.wav,-588.5234,45.450775,7.311466,14.144736,1.1154832,1.9374495,-4.525715,-6.233553,-6.0377464,0.62545204,1.184415,-6.365095,2.7289822,-0.025253616,-0.0357083,-0.035690814,-0.035659257,-0.035609525,-0.035537068,-0.0354362,-0.035300873,-0.03512516,-0.034903552,-0.034631394,-0.034305397,-0.033923674,03-01-05-01-02-01-19.wav
351,/Users/upendrasuryajonnalagadda/mindseye/Audio_Speech_Actors_01-24/Actor_19/03-01-06-01-02-02-19.wav,3,1,fearful,6,1,2,2,19,male,03-01-06-01-02-02-19.wav,-650.553,56.693214,14.16307,20.68129,5.5986,9.607708,-3.515335,-8.629577,-2.6955056,2.2635138,-0.26282248,-3.8181033,3.0980303,0.23681362,0.24582417,0.11872377,0.13276832,0.21336983,0.18763751,0.07855001,0.038453326,0.09057199,0.11859066,0.06742212,0.011911635,0.025254609,03-01-06-01-02-02-19.wav
352,/Users/upendrasuryajonnalagadda/mindseye/Audio_Speech_Actors_01-24/Actor_19/03-01-06-02-01-02-19.wav,3,1,fearful,6,2,1,2,19,male,03-01-06-02-01-02-19.wav,-429.91806,13.987488,-25.794744,-0.56750757,-13.151171,-9.664351,-17.374819,-16.185963,-8.834062,-4.984042,-2.60371,0.9205713,2.7866795,0.017112449,0.024188794,0.024156803,0.024105214,0.024036806,0.02395432,0.023860326,0.023756541,0.023643635,0.02352099,0.023387032,0.023239328,0.023075372,03-01-06-02-01-02-19.wav
353,/Users/upendrasuryajonnalagadda/mindseye/Audio_Speech_Actors_01-24/Actor_19/03-01-05-02-01-01-19.wav,3,1,angry,5,2,1,1,19,male,03-01-05-02-01-01-19.wav,-405.7788,30.750471,-20.098661,7.2605095,-7.3632345,-10.164588,-6.5748363,-2.5392823,-11.707139,-4.1256943,1.8933975,-9.832379,1.383794,-0.005623041,-0.007951581,-0.007950007,-0.007947456,-0.007943929,-0.007939228,-0.007933589,-0.007926902,-0.007919167,-0.007910418,-0.007900626,-0.007889836,-0.007877999,03-01-05-02-01-01-19.wav
354,/Users/upendrasuryajonnalagadda/mindseye/Audio_Speech_Actors_01-24/Actor_19/03-01-07-01-01-01-19.wav,3,1,disgust,7,1,1,1,19,male,03-01-07-01-01-01-19.wav,-611.4189,70.55179,13.21813,20.10846,-3.532452,3.0900905,-6.042665,-8.805466,-2.7453647,-7.3818307,2.9615252,-4.5519934,2.4116156,-0.12911446,-0.09484525,0.09773488,0.15739219,0.103424996,0.13204747,0.13772982,0.11400391,0.10832883,0.073022984,0.06607016,0.057111334,0.018852295,03-01-07-01-01-01-19.wav
355,/Users/upendrasuryajonnalagadda/mindseye/Audio_Speech_Actors_01-24/Actor_19/03-01-04-01-01-02-19.wav,3,1,sad,4,1,1,2,19,male,03-01-04-01-01-02-19.wav,-746.20166,69.81426,17.723703,19.79093,10.562504,15.267722,4.12747,-4.623531,0.5109157,1.2657973,3.0497658,-1.619721,0.9664017,0.4245162,0.109479554,0.08714432,0.07715548,0.015894476,0.07873417,0.062347017,0.06346801,0.04214799,-0.0022921532,0.017166395,0.06214059,0.010169077,03-01-04-01-01-02-19.wav
356,/Users/upendrasuryajonnalagadda/mindseye/Audio_Speech_Actors_01-24/Actor_19/03-01-04-02-02-02-19.wav,3,1,sad,4,2,2,2,19,male,03-01-04-02-02-02-19.wav,-602.4325,68.88658,-1.8606311,15.500684,9.796137,8.231955,-10.699219,-2.784713,-3.4582875,-10.586457,-0.86158,-3.8031123,-1.1522769,-0.8462229,-0.20201083,0.35826358,0.023507243,0.020302387,-0.052263077,0.17558376,0.1869169,0.11551885,0.12679675,0.057149474,0.08843334,0.066877365,03-01-04-02-02-02-19.wav
357,/Users/upendrasuryajonnalagadda/mindseye/Audio_Speech_Actors_01-24/Actor_19/03-01-07-02-02-01-19.wav,3,1,disgust,7,2,2,1,19,male,03-01-07-02-02-01-19.wav,-432.0462,6.4564004,-3.9966435,2.3966894,-23.25739,-0.10892476,-10.391572,-15.024605,-6.507032,-4.929522,-2.9989994,-3.1663778,-2.8523486,0.037118156,0.05138221,0.04822346,0.043492787,0.03786564,0.032071635,0.02674873,0.022332039,0.019002441,0.016699664,0.015189751,0.014160635,0.013317216,03-01-07-02-02-01-19.wav
358,/Users/upendrasuryajonnalagadda/mindseye/Audio_Speech_Actors_01-24/Actor_19/03-01-08-02-02-01-19.wav,3,1,surprised,8,2,2,1,19,male,03-01-08-02-02-01-19.wav,-604.0621,68.545105,5.828717,16.088617,2.647091,1.6866603,-1.7424055,-6.686627,-2.1180472,0.087534115,-0.72161126,-5.515543,3.721256,0.10033613,0.13023922,0.10230786,0.06963087,0.04012101,0.020025196,0.009145246,0.0011009489,-0.005071531,-0.0043720007,0.0026786532,0.007747936,0.007849673,03-01-08-02-02-01-19.wav
359,/Users/upendrasuryajonnalagadda/mindseye/Audio_Speech_Actors_01-24/Actor_19/03-01-08-01-01-01-19.wav,3,1,surprised,8,1,1,1,19,male,03-01-08-01-01-01-19.wav,-658.7429,72.99359,10.064396,17.445618,5.805036,6.9497995,-1.6157025,-8.050132,-7.6615696,-3.2846582,-0.6894246,-5.6375685,1.146823,0.058886796,0.07123561,0.04306466,0.011411655,-0.015289493,-0.031594757,-0.039649133,-0.044083774,-0.04514692,-0.045583133,-0.047726188,-0.04738835,-0.042155,03-01-08-01-01-01-19.wav
360,/Users/upendrasuryajonnalagadda/mindseye/Audio_Speech_Actors_01-24/Actor_10/03-01-03-02-02-02-10.wav,3,1,happy,3,2,2,2,10,female,03-01-03-02-02-02-10.wav,-358.6942,27.176294,-31.601574,-0.7222065,-2.088923,-18.586979,-10.272689,-18.13579,-17.38893,0.7742666,-14.395025,-8.621026,-1.181407,-0.0008236198,-0.0011640593,-0.0011621742,-0.0011590248,-0.0011546445,-0.0011490445,-0.0011421914,-0.0011340962,-0.0011247923,-0.0011142908,-0.0011025806,-0.0010896506,-0.0010755811,03-01-03-02-02-02-10.wav
361,/Users/upendrasuryajonnalagadda/mindseye/Audio_Speech_Actors_01-24/Actor_10/03-01-03-01-01-02-10.wav,3,1,happy,3,1,1,2,10,female,03-01-03-01-01-02-10.wav,-499.60046,46.040024,-10.466602,4.0297976,2.1355753,-9.660834,-8.2017355,-15.407224,-8.206768,-0.03969574,-8.581497,-6.846234,-1.5078919,0.0025354004,0.003569743,0.0035218557,0.0034429678,0.003335317,0.0032014211,0.0030442683,0.002867864,0.0026763598,0.0024746323,0.0022677358,0.0020609538,0.0018598684,03-01-03-01-01-02-10.wav
362,/Users/upendrasuryajonnalagadda/mindseye/Audio_Speech_Actors_01-24/Actor_10/03-01-02-02-01-01-10.wav,3,1,calm,2,2,1,1,10,female,03-01-02-02-01-01-10.wav,-555.4984,56.801594,-7.137433,6.3579516,6.6385746,-7.579775,-12.635562,-19.507147,-4.557365,0.08442015,-2.4231439,-3.811905,1.4489958,-0.03899502,-0.065022625,-0.06992485,-0.046594255,-0.009863599,0.01714326,0.021056235,0.01706326,0.02809531,0.035346795,0.01686301,-0.010898593,-0.028100813,03-01-02-02-01-01-10.wav
363,/Users/upendrasuryajonnalagadda/mindseye/Audio_Speech_Actors_01-24/Actor_10/03-01-02-01-02-01-10.wav,3,1,calm,2,1,2,1,10,female,03-01-02-01-02-01-10.wav,-535.1071,44.80096,-3.9235644,12.023151,-2.0299814,-9.381451,-3.6486373,-20.147907,-6.2153125,-3.0127392,-4.475876,-6.548595,-1.0730404,0.40441856,0.1695718,0.02133593,-0.11734701,-0.079667605,-0.022933668,0.048707027,-0.07636039,-0.028940395,-0.027216844,-0.002058503,0.052953135,-0.054673564,03-01-02-01-02-01-10.wav
364,/Users/upendrasuryajonnalagadda/mindseye/Audio_Speech_Actors_01-24/Actor_10/03-01-01-01-02-02-10.wav,3,1,neutral,1,1,2,2,10,female,03-01-01-01-02-02-10.wav,-598.68207,51.607494,10.780659,13.437082,5.4782753,0.050054923,-4.452173,-8.553011,-3.2690914,0.2612308,-4.6167455,-3.6933422,0.20232819,-0.011829688,-0.017595183,-0.019076413,-0.018973896,-0.016255438,-0.012101279,-0.008682443,-0.0069597354,-0.0057969005,-0.0033033239,0.0009979872,0.0054576923,0.0078115105,03-01-01-01-02-02-10.wav
365,/Users/upendrasuryajonnalagadda/mindseye/Audio_Speech_Actors_01-24/Actor_10/03-01-06-01-02-02-10.wav,3,1,fearful,6,1,2,2,10,female,03-01-06-01-02-02-10.wav,-589.2219,50.802753,6.3687205,8.737354,5.062105,-0.3739714,-4.391338,-12.517468,0.79104,2.807722,-5.6994567,-4.130198,0.90154904,0.023681846,0.0339579,0.035161216,0.036599383,0.037673373,0.03791136,0.03711949,0.035420924,0.033187177,0.030883482,0.028874775,0.027279822,0.025949229,03-01-06-01-02-02-10.wav
366,/Users/upendrasuryajonnalagadda/mindseye/Audio_Speech_Actors_01-24/Actor_10/03-01-05-01-02-01-10.wav,3,1,angry,5,1,2,1,10,female,03-01-05-01-02-01-10.wav,-501.0539,60.413498,-8.94306,3.0704255,-1.3424346,-4.6550336,-10.38445,-16.751627,-5.925301,-1.0315286,-7.2745175,-0.12950902,0.12321248,-0.01120133,-0.014896124,-0.01197674,-0.007313087,-0.0020695704,0.0021106321,0.0043008234,0.0046996316,0.003752971,0.0013362109,-0.0027254396,-0.007550956,-0.011339975,03-01-05-01-02-01-10.wav
367,/Users/upendrasuryajonnalagadda/mindseye/Audio_Speech_Actors_01-24/Actor_10/03-01-05-02-01-01-10.wav,3,1,angry,5,2,1,1,10,female,03-01-05-02-01-01-10.wav,-354.05734,39.831474,-20.934713,4.3984823,-9.215746,-12.859122,-7.3000393,-14.337289,-7.213743,-4.1370945,-8.112433,-5.7007174,-3.7743754,0.00029737686,0.0014283498,0.0029847464,0.002812526,0.0011214362,0.00031731924,0.0015376197,0.0030149035,0.0026301383,0.0009674787,0.00045884054,0.0018560197,0.0031299326,03-01-05-02-01-01-10.wav
368,/Users/upendrasuryajonnalagadda/mindseye/Audio_Speech_Actors_01-24/Actor_10/03-01-06-02-01-02-10.wav,3,1,fearful,6,2,1,2,10,female,03-01-06-02-01-02-10.wav,-469.8711,38.700233,-22.003654,2.9810452,-1.4398863,-14.88663,-9.309187,-17.981144,-9.32103,1.3245261,-7.554901,-9.311862,1.2783248,-0.011486816,-0.016227627,-0.016176844,-0.016092395,-0.015974443,-0.015823388,-0.015639627,-0.015423727,-0.01517635,-0.014898228,-0.014590216,-0.014253253,-0.013888484,03-01-06-02-01-02-10.wav
369,/Users/upendrasuryajonnalagadda/mindseye/Audio_Speech_Actors_01-24/Actor_10/03-01-04-01-01-02-10.wav,3,1,sad,4,1,1,2,10,female,03-01-04-01-01-02-10.wav,-599.16284,63.423653,2.7849183,8.7383375,5.11806,-3.06575,-4.7748647,-17.148153,-3.2631037,3.2804234,-2.2247145,-5.148883,0.9728795,-1.1894342,-0.22336283,0.05915892,0.02350502,0.32572114,0.15669377,0.1871412,0.1263652,-0.102641754,0.054936398,0.06525306,0.20226812,0.042543758,03-01-04-01-01-02-10.wav
370,/Users/upendrasuryajonnalagadda/mindseye/Audio_Speech_Actors_01-24/Actor_10/03-01-07-01-01-01-10.wav,3,1,disgust,7,1,1,1,10,female,03-01-07-01-01-01-10.wav,-602.56934,67.10299,-3.8499122,12.443233,2.6809392,-2.366467,-2.2520547,-15.19425,-1.9916308,1.1678178,-5.6597643,-1.0534089,2.7392373,0.28326264,-0.09850707,-0.33981648,-0.032031894,-0.06032411,0.0061530233,-0.016266858,-0.13073637,0.08083148,0.15624586,0.084804475,0.09300488,0.039403263,03-01-07-01-01-01-10.wav
371,/Users/upendrasuryajonnalagadda/mindseye/Audio_Speech_Actors_01-24/Actor_10/03-01-07-02-02-01-10.wav,3,1,disgust,7,2,2,1,10,female,03-01-07-02-02-01-10.wav,-489.20673,53.997875,-20.182741,1.013678,-2.2566922,-9.16301,-11.204889,-23.213806,-1.5148641,-1.7471111,-13.48365,-0.6162025,-5.7765403,0.1563771,0.09925281,-0.07818951,-0.08767868,-0.010896924,0.000564156,-0.062659934,-0.1201605,-0.07581371,0.020192126,0.046927944,0.039225884,0.0231973,03-01-07-02-02-01-10.wav
372,/Users/upendrasuryajonnalagadda/mindseye/Audio_Speech_Actors_01-24/Actor_10/03-01-04-02-02-02-10.wav,3,1,sad,4,2,2,2,10,female,03-01-04-02-02-02-10.wav,-583.7695,52.00445,6.553226,16.23505,5.5693393,-1.10754,-4.012472,-17.150143,-2.9669795,-4.0927362,-9.049511,-2.2563999,-1.6603012,-0.9952222,0.1628363,0.20873706,-0.17840883,0.14869368,-0.022886524,-0.01766024,0.08019928,-0.0020711825,-0.009585418,0.047778413,0.07138387,0.068933465,03-01-04-02-02-02-10.wav
373,/Users/upendrasuryajonnalagadda/mindseye/Audio_Speech_Actors_01-24/Actor_10/03-01-08-02-02-01-10.wav,3,1,surprised,8,2,2,1,10,female,03-01-08-02-02-01-10.wav,-444.25198,34.59674,-6.22568,-5.8585873,-1.6350039,-9.584788,-6.85531,-8.922427,-10.052692,-1.9948903,-10.465378,-9.200804,-5.1197124,-0.0032263105,-0.005073766,-0.006356549,-0.007906962,-0.009391684,-0.010713934,-0.011716684,-0.012030534,-0.011358622,-0.009850736,-0.008051763,-0.0064627044,-0.005256507,03-01-08-02-02-01-10.wav
374,/Users/upendrasuryajonnalagadda/mindseye/Audio_Speech_Actors_01-24/Actor_10/03-01-08-01-01-01-10.wav,3,1,surprised,8,1,1,1,10,female,03-01-08-01-01-01-10.wav,-545.06085,42.954937,-0.25585958,8.24722,2.4213808,-5.9821577,-6.449633,-8.582764,0.0017387936,-0.90717816,-7.7501345,-2.3016422,-3.2879596,-0.00178833,-0.0024347033,-0.0021627971,-0.0017378262,-0.0011985779,-0.0005931854,2.6154517e-05,0.00060904195,0.001112032,0.00150327,0.0017649514,0.0018949236,0.0019052915,03-01-08-01-01-01-10.wav
375,/Users/upendrasuryajonnalagadda/mindseye/Audio_Speech_Actors_01-24/Actor_10/03-01-05-01-01-02-10.wav,3,1,angry,5,1,1,2,10,female,03-01-05-01-01-02-10.wav,-468.5465,59.23374,-19.681047,6.6476974,-5.0567074,-9.605193,-6.2733364,-16.64664,-6.9043546,-2.11481,-3.8826551,-6.262873,-1.4412878,-0.57351774,0.024175456,0.15727614,-0.16735765,0.18780224,9.995389e-05,0.029975472,0.10696636,0.08451848,0.040376294,-0.059733175,0.049531244,0.0083658295,03-01-05-01-01-02-10.wav
376,/Users/upendrasuryajonnalagadda/mindseye/Audio_Speech_Actors_01-24/Actor_10/03-01-06-01-01-01-10.wav,3,1,fearful,6,1,1,1,10,female,03-01-06-01-01-01-10.wav,-535.4293,53.829716,-9.728312,5.498387,5.586655,-6.045388,-13.718677,-21.878216,-5.1880217,5.834102,-5.046766,-3.375176,3.5024223,-0.14821038,-0.1256842,0.028513843,0.05057084,-0.0126576265,0.03934232,0.16590625,0.19470657,0.03294885,-0.12471412,-0.09039874,-0.031675845,-0.053942323,03-01-06-01-01-01-10.wav
377,/Users/upendrasuryajonnalagadda/mindseye/Audio_Speech_Actors_01-24/Actor_10/03-01-06-02-02-01-10.wav,3,1,fearful,6,2,2,1,10,female,03-01-06-02-02-01-10.wav,-454.70084,38.14282,-15.037809,2.681096,-3.238583,-13.290631,-10.809224,-18.476036,-11.810647,-0.6325908,-9.237891,-10.612815,0.8902208,-0.015723623,0.013545617,0.0128693,-0.0037669204,-0.006478135,-0.014665604,-0.039065246,-0.004422188,0.0007810709,-0.02435127,-0.009057568,-0.0033930454,-0.0040265,03-01-06-02-02-01-10.wav
378,/Users/upendrasuryajonnalagadda/mindseye/Audio_Speech_Actors_01-24/Actor_10/03-01-05-02-02-02-10.wav,3,1,angry,5,2,2,2,10,female,03-01-05-02-02-02-10.wav,-388.14795,33.640766,-20.053806,-0.53915834,-14.654188,-11.592291,-9.567249,-12.972133,-12.25135,-5.4565926,-8.447279,-6.151445,-6.8480735,0.012118888,0.017245688,0.017301911,0.0169604,0.016396906,0.016071256,0.016018873,0.015817396,0.015281432,0.014756826,0.0145515995,0.014449652,0.014112339,03-01-05-02-02-02-10.wav
379,/Users/upendrasuryajonnalagadda/mindseye/Audio_Speech_Actors_01-24/Actor_10/03-01-07-01-02-02-10.wav,3,1,disgust,7,1,2,2,10,female,03-01-07-01-02-02-10.wav,-527.2224,52.442856,-12.099637,3.512607,2.3489702,-5.5473356,-7.432994,-17.458382,6.457947,2.5424867,-11.923865,2.630283,-2.61733,0.2318422,0.1885813,-0.08133392,-0.12902139,0.045964118,0.022325112,-0.17568582,-0.20150127,-0.043904833,0.0833052,0.039771546,-0.019750647,0.02474841,03-01-07-01-02-02-10.wav
380,/Users/upendrasuryajonnalagadda/mindseye/Audio_Speech_Actors_01-24/Actor_10/03-01-04-01-02-01-10.wav,3,1,sad,4,1,2,1,10,female,03-01-04-01-02-01-10.wav,-614.7926,65.31736,11.483773,14.287218,7.11256,-3.726844,-4.6424346,-16.081049,-3.4544199,-0.8328543,-7.22965,-2.337464,2.492524,-0.048031077,-0.04668536,-0.0287143,-0.04384504,-0.03611449,-0.019412246,-0.033688165,-0.021479389,0.0020403643,-0.011997721,-0.015329997,-0.0059986366,-0.03151466,03-01-04-01-02-01-10.wav
381,/Users/upendrasuryajonnalagadda/mindseye/Audio_Speech_Actors_01-24/Actor_10/03-01-04-02-01-01-10.wav,3,1,sad,4,2,1,1,10,female,03-01-04-02-01-01-10.wav,-515.41815,55.977753,-8.31817,13.66586,8.768181,-11.594915,-5.4184213,-18.491133,-5.2772026,-1.5609426,-8.365988,-3.2964737,1.5786595,-0.018634316,-0.025993247,-0.02547955,-0.025219722,-0.024576213,-0.023331825,-0.022100857,-0.020946767,-0.019406224,-0.017560745,-0.015762052,-0.014001278,-0.012175905,03-01-04-02-01-01-10.wav
382,/Users/upendrasuryajonnalagadda/mindseye/Audio_Speech_Actors_01-24/Actor_10/03-01-07-02-01-02-10.wav,3,1,disgust,7,2,1,2,10,female,03-01-07-02-01-02-10.wav,-440.06522,53.196682,-25.834059,4.659356,-3.7714708,-12.942803,-13.296346,-20.799854,-5.305216,-1.8555937,-13.675419,-3.4391592,-1.9741566,0.14859445,0.07438597,-0.07863687,-0.04607394,0.03479298,0.05259294,-0.022133872,-0.061163906,0.019432506,0.06406084,0.042598937,0.026573978,-0.013266535,03-01-07-02-01-02-10.wav
383,/Users/upendrasuryajonnalagadda/mindseye/Audio_Speech_Actors_01-24/Actor_10/03-01-08-02-01-02-10.wav,3,1,surprised,8,2,1,2,10,female,03-01-08-02-01-02-10.wav,-474.9345,39.292084,-15.090651,3.6525934,-7.0205483,-9.719821,-11.001763,-10.882,-6.676032,-3.8303015,-9.965902,-6.705989,-1.8895779,-0.010658524,-0.015053055,-0.0149921235,-0.014891865,-0.014753628,-0.01457967,-0.014372624,-0.014135763,-0.013872678,-0.013587251,-0.013283826,-0.012966792,-0.012640659,03-01-08-02-01-02-10.wav
384,/Users/upendrasuryajonnalagadda/mindseye/Audio_Speech_Actors_01-24/Actor_10/03-01-08-01-02-02-10.wav,3,1,surprised,8,1,2,2,10,female,03-01-08-01-02-02-10.wav,-568.1055,58.250523,7.18741,7.540136,1.7126603,-6.212817,-7.5283527,-7.425894,-2.263079,-0.7079999,-8.541883,-3.3034582,0.015132141,-0.015301717,-0.019454626,-0.013336665,-0.0047954433,0.0036486245,0.00951706,0.011619924,0.0101286825,0.005676435,-0.0009658559,-0.008238869,-0.0137095,-0.015551936,03-01-08-01-02-02-10.wav
385,/Users/upendrasuryajonnalagadda/mindseye/Audio_Speech_Actors_01-24/Actor_10/03-01-03-02-01-01-10.wav,3,1,happy,3,2,1,1,10,female,03-01-03-02-01-01-10.wav,-368.76047,35.37936,-30.616266,-1.8428165,-4.069356,-22.080816,-10.706038,-20.744633,-16.658773,0.9068197,-14.629668,-10.207644,-1.8648676,0.003163717,0.004548291,0.0076641175,-0.010501172,0.000286424,0.011037803,-0.012373317,0.0009994234,-4.0927564e-05,-0.0037168078,0.0055296104,0.0026488993,-0.0022935285,03-01-03-02-01-01-10.wav
386,/Users/upendrasuryajonnalagadda/mindseye/Audio_Speech_Actors_01-24/Actor_10/03-01-03-01-02-01-10.wav,3,1,happy,3,1,2,1,10,female,03-01-03-01-02-01-10.wav,-508.07986,41.09106,-21.134468,5.562583,-0.4568985,-10.349299,-13.767448,-19.092196,-4.6328998,-0.7602443,-11.571668,-5.3044996,-0.3787097,0.46122518,-0.0629014,-0.18055223,0.14691527,-0.15025118,-0.0065201446,0.009353691,-0.069202825,-0.0023973638,0.022755656,-0.033169046,-0.060044434,-0.012172192,03-01-03-01-02-01-10.wav
387,/Users/upendrasuryajonnalagadda/mindseye/Audio_Speech_Actors_01-24/Actor_10/03-01-02-02-02-02-10.wav,3,1,calm,2,2,2,2,10,female,03-01-02-02-02-02-10.wav,-609.2033,61.215645,6.6242943,10.804808,6.6087427,0.38005286,-2.9307177,-8.918729,-2.2762837,-1.6324348,-3.5793571,-5.6018476,-3.4323032,-0.020520682,-0.025385799,-0.016766006,-0.0065174503,0.0036703593,0.012304984,0.018642081,0.022301018,0.021722265,0.016760355,0.009403424,0.00087879365,-0.007207135,03-01-02-02-02-02-10.wav
388,/Users/upendrasuryajonnalagadda/mindseye/Audio_Speech_Actors_01-24/Actor_10/03-01-01-01-01-01-10.wav,3,1,neutral,1,1,1,1,10,female,03-01-01-01-01-01-10.wav,-571.1634,51.561947,0.61866254,4.7337565,5.0447693,-3.5404563,-6.744277,-7.723666,-3.9377506,-1.3471265,-6.1218038,-3.3092368,-0.04567539,0.013804118,0.019278832,0.018638186,0.017814118,0.017027669,0.01641817,0.01603665,0.015893064,0.01598337,0.016258702,0.016573912,0.016691254,0.016370168,03-01-01-01-01-01-10.wav
389,/Users/upendrasuryajonnalagadda/mindseye/Audio_Speech_Actors_01-24/Actor_10/03-01-02-01-01-02-10.wav,3,1,calm,2,1,1,2,10,female,03-01-02-01-01-02-10.wav,-571.64465,56.44578,-3.2744427,10.994719,3.7471015,-3.872879,-5.0562644,-10.736638,-0.27609557,-1.481196,-4.3393474,-3.4968355,0.39435166,-0.26467916,0.21342526,0.07133623,-0.17368747,0.10278055,-0.029895611,0.040235005,-0.036790237,0.016645707,0.027425319,-0.028920589,0.015013676,0.009104741,03-01-02-01-01-02-10.wav
390,/Users/upendrasuryajonnalagadda/mindseye/Audio_Speech_Actors_01-24/Actor_10/03-01-04-02-02-01-10.wav,3,1,sad,4,2,2,1,10,female,03-01-04-02-02-01-10.wav,-597.3418,54.922146,13.857038,15.087155,6.475436,-1.8379029,-7.1805925,-15.216527,-0.94292754,-0.9085937,-7.0019107,-1.6418464,2.1787455,-0.010062547,-0.01310087,-0.011639913,-0.012158016,-0.013581966,-0.013624459,-0.01234045,-0.012156408,-0.01395939,-0.014739354,-0.012641955,-0.0102261705,-0.008952546,03-01-04-02-02-01-10.wav
391,/Users/upendrasuryajonnalagadda/mindseye/Audio_Speech_Actors_01-24/Actor_10/03-01-07-02-02-02-10.wav,3,1,disgust,7,2,2,2,10,female,03-01-07-02-02-02-10.wav,-450.6204,51.33882,-20.775837,-6.873812,-5.9626284,-13.552369,-11.10877,-20.65752,-10.321869,1.7176555,-13.163831,-6.851688,-3.050496,0.21976668,0.14960256,-0.09802108,-0.10625363,0.045601018,0.06958931,-0.05515658,-0.11668095,-0.04353478,0.030162284,0.030178161,0.0234978,0.03141853,03-01-07-02-02-02-10.wav
392,/Users/upendrasuryajonnalagadda/mindseye/Audio_Speech_Actors_01-24/Actor_10/03-01-07-01-01-02-10.wav,3,1,disgust,7,1,1,2,10,female,03-01-07-01-01-02-10.wav,-590.1032,76.60503,-7.75772,8.753841,5.736782,-1.7331474,-9.704854,-18.730282,3.201312,3.7379985,-9.482098,0.1748913,2.1437533,0.13573313,0.09787683,-0.023505243,-0.02424844,0.00037329536,-0.03361069,-0.10519357,-0.12444472,-0.035465606,0.03701294,0.009564306,-0.011478308,0.004555042,03-01-07-01-01-02-10.wav
393,/Users/upendrasuryajonnalagadda/mindseye/Audio_Speech_Actors_01-24/Actor_10/03-01-04-01-01-01-10.wav,3,1,sad,4,1,1,1,10,female,03-01-04-01-01-01-10.wav,-624.97906,57.132313,3.1001515,14.05481,7.3249974,-3.784239,-0.025897393,-12.557369,-2.1418548,-0.8486746,-4.030422,-4.939935,1.7669932,-0.046190597,-0.058831595,-0.050029196,-0.045334198,-0.035886496,-0.025149725,-0.020282704,-0.014914133,-0.0102212075,-0.013517713,-0.017466472,-0.018380938,-0.024907533,03-01-04-01-01-01-10.wav
394,/Users/upendrasuryajonnalagadda/mindseye/Audio_Speech_Actors_01-24/Actor_10/03-01-06-02-01-01-10.wav,3,1,fearful,6,2,1,1,10,female,03-01-06-02-01-01-10.wav,-430.77304,38.091976,-19.585054,1.8117789,-3.8755527,-15.210368,-12.50311,-16.848984,-9.975202,-0.08920361,-10.321105,-8.276354,0.23310675,0.0194015,0.039829534,-0.002848341,0.009981383,0.0048072767,0.02031373,-0.009650508,-0.013692136,-0.009659256,0.014987074,0.020773312,0.017234549,0.0056100427,03-01-06-02-01-01-10.wav
395,/Users/upendrasuryajonnalagadda/mindseye/Audio_Speech_Actors_01-24/Actor_10/03-01-05-02-01-02-10.wav,3,1,angry,5,2,1,2,10,female,03-01-05-02-01-02-10.wav,-371.62064,43.29596,-24.856642,-3.555483,-12.670344,-12.135927,-7.685782,-11.729778,-14.028131,-5.0646863,-7.5344768,-8.662998,-7.6264763,0.0056535,0.0067641106,0.0047299876,0.0045325845,0.0060931486,0.006787315,0.0052312496,0.003300904,0.003517398,0.005502661,0.0065207705,0.0053276,0.003875673,03-01-05-02-01-02-10.wav
396,/Users/upendrasuryajonnalagadda/mindseye/Audio_Speech_Actors_01-24/Actor_10/03-01-05-01-02-02-10.wav,3,1,angry,5,1,2,2,10,female,03-01-05-01-02-02-10.wav,-505.67227,64.34391,-13.255367,9.259449,-3.5119991,-5.2564683,-9.266663,-20.238007,-0.6286122,-3.1473975,-5.6927505,-0.82090306,-2.1785002,-0.097692735,0.14879782,0.037756573,-0.14446095,0.1434846,0.10561554,0.009564852,-0.09360157,-0.0722504,0.05708979,0.04966397,0.07361191,0.02114054,03-01-05-01-02-02-10.wav
397,/Users/upendrasuryajonnalagadda/mindseye/Audio_Speech_Actors_01-24/Actor_10/03-01-06-01-02-01-10.wav,3,1,fearful,6,1,2,1,10,female,03-01-06-01-02-01-10.wav,-590.92255,51.387817,4.4047914,5.548818,4.5104613,-3.2006562,-8.905848,-17.970787,-5.3685827,3.6348734,-4.2752423,-4.186919,-0.25882706,-0.27830616,-0.23507054,-0.09588469,0.01346534,0.096750125,0.15169796,0.166021,0.15997125,0.060535956,-0.08809644,-0.13282485,-0.0627989,-0.08771722,03-01-06-01-02-01-10.wav
398,/Users/upendrasuryajonnalagadda/mindseye/Audio_Speech_Actors_01-24/Actor_10/03-01-08-01-01-02-10.wav,3,1,surprised,8,1,1,2,10,female,03-01-08-01-01-02-10.wav,-561.5467,56.164726,3.4010215,8.411776,1.9494778,-2.3823402,-6.5012007,-9.792822,-4.353765,2.289361,-4.0997496,-2.9154825,0.9570976,0.36253887,-0.06845264,-0.09750636,-0.0052891294,-0.03655588,0.020429078,-0.09067955,-0.08006458,-0.067293525,-0.0014518297,0.07300364,0.045079257,-0.01265038,03-01-08-01-01-02-10.wav
399,/Users/upendrasuryajonnalagadda/mindseye/Audio_Speech_Actors_01-24/Actor_10/03-01-08-02-02-02-10.wav,3,1,surprised,8,2,2,2,10,female,03-01-08-02-02-02-10.wav,-429.13376,40.78348,-6.922619,-2.155332,-3.651916,-8.73779,-8.689832,-11.481401,-9.146136,-0.1374212,-8.545829,-8.276807,-3.3285735,-0.0073353346,-0.010340482,-0.010248083,-0.010112983,-0.009958678,-0.009809431,-0.0096842535,-0.009592599,-0.009531476,-0.009486906,-0.009437018,-0.00935787,-0.00922942,03-01-08-02-02-02-10.wav
400,/Users/upendrasuryajonnalagadda/mindseye/Audio_Speech_Actors_01-24/Actor_10/03-01-01-01-02-01-10.wav,3,1,neutral,1,1,2,1,10,female,03-01-01-01-02-01-10.wav,-541.2133,51.384304,-1.9913619,3.9068868,4.130061,-7.7187157,-11.512618,-16.831387,-5.490235,0.85395503,-6.8502645,-4.9116507,-0.76192534,-0.054351047,0.042497553,-0.06564082,0.014325444,-0.04928815,-0.0041900068,-0.05172343,-0.006564217,-0.04967048,-0.006996285,-0.039189663,-0.009489373,-0.020857094,03-01-01-01-02-01-10.wav
401,/Users/upendrasuryajonnalagadda/mindseye/Audio_Speech_Actors_01-24/Actor_10/03-01-02-01-02-02-10.wav,3,1,calm,2,1,2,2,10,female,03-01-02-01-02-02-10.wav,-540.318,51.24066,-0.45942888,9.355515,0.6460611,-13.385455,-6.10537,-16.446203,-4.8880715,-1.4344692,-6.1798043,-5.489253,-0.6686822,0.13334998,0.16447854,0.06283004,-0.029232586,-0.0905424,-0.08204164,-0.079575315,-0.03748555,-0.045079973,-0.032196928,-0.0064391135,-0.01981194,-0.04483055,03-01-02-01-02-02-10.wav
402,/Users/upendrasuryajonnalagadda/mindseye/Audio_Speech_Actors_01-24/Actor_10/03-01-02-02-01-02-10.wav,3,1,calm,2,2,1,2,10,female,03-01-02-02-01-02-10.wav,-557.5518,58.500435,-3.0272665,1.1773485,3.2105725,-5.0002337,-10.85074,-18.220446,-7.0350113,0.7429859,0.45142445,-2.971861,-3.12524,-0.46829242,-0.23769294,0.24620916,0.098140374,-0.06111634,0.04706006,0.19293869,0.23664382,0.0103253815,-0.14349097,-0.049895816,-0.0028199912,-0.04479698,03-01-02-02-01-02-10.wav
403,/Users/upendrasuryajonnalagadda/mindseye/Audio_Speech_Actors_01-24/Actor_10/03-01-03-01-01-01-10.wav,3,1,happy,3,1,1,1,10,female,03-01-03-01-01-01-10.wav,-504.37604,46.859726,-13.033638,3.9919806,3.5750582,-8.070892,-4.563449,-14.073465,-6.542047,-1.6981945,-5.5625825,-4.476897,-2.7842555,0.005342395,0.0074824654,0.0074792826,0.0073946137,0.007270715,0.0071869274,0.0069662435,0.0068313647,0.006580656,0.006335391,0.0060918443,0.0057363636,0.005467535,03-01-03-01-01-01-10.wav
404,/Users/upendrasuryajonnalagadda/mindseye/Audio_Speech_Actors_01-24/Actor_10/03-01-03-02-02-01-10.wav,3,1,happy,3,2,2,1,10,female,03-01-03-02-02-01-10.wav,-350.38382,22.168152,-24.089972,-1.5148798,-6.0608683,-16.068365,-11.252088,-16.567402,-16.30282,-2.4123824,-12.346526,-11.863238,0.91207516,0.0027206137,0.0038468733,0.0038444863,0.0038405915,0.0038352162,0.0038282264,0.0038198861,0.0038101007,0.003798941,0.0037864423,0.0037727356,0.0037578738,0.003741895,03-01-03-02-02-01-10.wav
405,/Users/upendrasuryajonnalagadda/mindseye/Audio_Speech_Actors_01-24/Actor_10/03-01-02-01-01-01-10.wav,3,1,calm,2,1,1,1,10,female,03-01-02-01-01-01-10.wav,-531.4193,56.910778,-8.852538,16.15716,-2.426144,-10.458886,-7.0494075,-18.909319,-8.690505,-5.553043,5.6829715,-6.2082157,-2.1878777,-0.86815715,0.06497772,0.32757342,-0.11137575,0.22135861,0.04826057,-0.012906248,0.110758685,0.12829901,-0.00043421905,-0.08582025,0.0006042332,0.046922337,03-01-02-01-01-01-10.wav
406,/Users/upendrasuryajonnalagadda/mindseye/Audio_Speech_Actors_01-24/Actor_10/03-01-01-01-01-02-10.wav,3,1,neutral,1,1,1,2,10,female,03-01-01-01-01-02-10.wav,-549.5522,56.109127,2.035173,9.34057,-0.39742914,-8.137466,-9.939144,-12.575841,-4.9851933,-0.5168189,-4.8387814,-3.720804,0.98026305,-0.5219535,0.027910255,0.17197983,-0.11217503,0.163099,0.08438817,0.07970419,0.051710013,0.012183442,-0.060758993,-0.014760891,-0.0050151376,-0.03631831,03-01-01-01-01-02-10.wav
407,/Users/upendrasuryajonnalagadda/mindseye/Audio_Speech_Actors_01-24/Actor_10/03-01-02-02-02-01-10.wav,3,1,calm,2,2,2,1,10,female,03-01-02-02-02-01-10.wav,-566.224,55.894604,-1.0943718,10.9949665,3.1297874,-7.535833,-4.542888,-15.795641,-4.497348,-2.0027027,-4.680026,-6.2147326,-1.8966697,0.007935501,0.01117569,0.011038978,0.010823727,0.010547021,0.010229134,0.009891044,0.009551491,0.009224566,0.008918076,0.008633497,0.008366131,0.0081067085,03-01-02-02-02-01-10.wav
408,/Users/upendrasuryajonnalagadda/mindseye/Audio_Speech_Actors_01-24/Actor_10/03-01-03-01-02-02-10.wav,3,1,happy,3,1,2,2,10,female,03-01-03-01-02-02-10.wav,-510.3927,52.358643,-11.021526,5.8815145,-3.4479122,-13.537929,-9.505345,-19.779882,-8.268833,0.5983479,-11.007748,-4.7907686,-0.9370418,0.4572612,0.19441563,-0.018591829,0.035662796,-0.13672432,-0.103638224,-0.044093583,-0.13920495,-0.07232043,0.011010368,0.039357398,0.027196633,0.03850908,03-01-03-01-02-02-10.wav
409,/Users/upendrasuryajonnalagadda/mindseye/Audio_Speech_Actors_01-24/Actor_10/03-01-03-02-01-02-10.wav,3,1,happy,3,2,1,2,10,female,03-01-03-02-01-02-10.wav,-389.27267,32.408558,-26.381165,-1.0842646,0.145434,-17.258318,-12.371322,-18.894285,-14.545598,0.38169023,-12.051966,-11.026863,0.36496577,0.0006693657,0.0009457923,0.00094319024,0.00093890814,0.00093288167,0.00092517777,0.00091572944,0.0009046643,0.0008918939,0.00087749405,0.00086141424,0.00084375544,0.00082455884,03-01-03-02-01-02-10.wav
410,/Users/upendrasuryajonnalagadda/mindseye/Audio_Speech_Actors_01-24/Actor_10/03-01-07-02-01-01-10.wav,3,1,disgust,7,2,1,1,10,female,03-01-07-02-01-01-10.wav,-450.70886,54.345684,-21.362358,3.0029736,-2.5676873,-10.298941,-12.558613,-20.105515,-5.133086,-2.5564392,-12.484488,-5.089608,-4.757099,0.099156596,0.081085466,-0.015105975,-0.019384922,0.03770343,0.010074577,-0.087681234,-0.10027104,-0.021123243,0.024419364,0.007875839,-0.0033491957,0.02608897,03-01-07-02-01-01-10.wav
411,/Users/upendrasuryajonnalagadda/mindseye/Audio_Speech_Actors_01-24/Actor_10/03-01-04-02-01-02-10.wav,3,1,sad,4,2,1,2,10,female,03-01-04-02-01-02-10.wav,-547.8121,62.277164,-11.830584,14.239296,9.86028,-10.6945095,-12.24324,-25.7019,-4.605693,2.7516627,-5.7539473,-2.8512251,2.5861728,0.17848285,0.019140566,-0.021153538,0.05665291,-0.12786122,-0.054147784,0.110056505,0.11254571,0.06857388,-0.066366754,0.011855609,-0.01989084,-0.06540187,03-01-04-02-01-02-10.wav
412,/Users/upendrasuryajonnalagadda/mindseye/Audio_Speech_Actors_01-24/Actor_10/03-01-04-01-02-02-10.wav,3,1,sad,4,1,2,2,10,female,03-01-04-01-02-02-10.wav,-617.0359,68.70589,13.196307,7.48718,3.8583448,-0.4561507,-5.692604,-13.71404,-0.23038454,0.05297326,-7.0742517,-2.8741682,1.6059853,-0.06664174,-0.008974633,-0.032379583,-0.045191392,-0.015754769,-0.047771446,-0.002002146,-0.040583797,-0.023066312,0.0122652985,0.0021922705,0.0042829397,0.0032958083,03-01-04-01-02-02-10.wav
413,/Users/upendrasuryajonnalagadda/mindseye/Audio_Speech_Actors_01-24/Actor_10/03-01-07-01-02-01-10.wav,3,1,disgust,7,1,2,1,10,female,03-01-07-01-02-01-10.wav,-580.0727,65.95309,3.9161818,5.080708,4.9359107,-2.4230032,-5.0631156,-14.62768,-0.8978871,4.732359,-4.4346128,0.15753886,0.06341375,0.08407008,0.090428635,0.0037012957,-0.04983872,-0.011145355,0.008563492,-0.028014977,-0.06589796,-0.063496575,0.009477975,0.06472388,0.025697155,-0.016324198,03-01-07-01-02-01-10.wav
414,/Users/upendrasuryajonnalagadda/mindseye/Audio_Speech_Actors_01-24/Actor_10/03-01-05-02-02-01-10.wav,3,1,angry,5,2,2,1,10,female,03-01-05-02-02-01-10.wav,-393.29196,37.42764,-14.803538,-2.0039258,-10.825532,-11.668421,-8.092074,-12.388587,-13.540403,-5.169626,-7.4497437,-7.137653,-6.389458,-0.021207707,-0.028378343,-0.023886224,-0.017405739,-0.010034101,-0.0028293976,0.0032419902,0.007305168,0.008707669,0.0072629666,0.0033851212,-0.002055996,-0.008071356,03-01-05-02-02-01-10.wav
415,/Users/upendrasuryajonnalagadda/mindseye/Audio_Speech_Actors_01-24/Actor_10/03-01-06-02-02-02-10.wav,3,1,fearful,6,2,2,2,10,female,03-01-06-02-02-02-10.wav,-534.7181,48.85495,-8.730752,6.322406,-2.7332969,-10.209533,-7.318885,-17.622158,-6.549259,-2.5092049,-8.734786,-5.0028377,0.7443526,0.06485424,0.06841915,0.025300717,0.004772826,0.007205536,-0.0022312552,-0.035067722,-0.05820054,-0.041153032,-0.001011877,0.020960882,0.015639847,0.013500157,03-01-06-02-02-02-10.wav
416,/Users/upendrasuryajonnalagadda/mindseye/Audio_Speech_Actors_01-24/Actor_10/03-01-06-01-01-02-10.wav,3,1,fearful,6,1,1,2,10,female,03-01-06-01-01-02-10.wav,-608.37274,55.73641,3.1065104,8.106891,3.4878757,2.0326881,-5.4258604,-12.726156,1.0863324,4.8144736,-3.2712345,0.03148667,0.6650291,0.08125636,0.057610333,-0.035218805,-0.043812387,0.017437622,0.0309359,-0.04018891,-0.098364554,-0.06164896,0.01745021,0.03532255,-0.013530033,-0.040070355,03-01-06-01-01-02-10.wav
417,/Users/upendrasuryajonnalagadda/mindseye/Audio_Speech_Actors_01-24/Actor_10/03-01-05-01-01-01-10.wav,3,1,angry,5,1,1,1,10,female,03-01-05-01-01-01-10.wav,-518.1155,67.98113,-9.445531,10.802843,-2.0825214,-9.911334,-10.25027,-20.9847,-7.0064316,-2.3927772,-3.7619307,-4.3951077,3.599194,0.050101377,0.11642524,0.10081346,-0.021791425,-0.02635817,0.0011002524,-0.048645664,-0.042749874,-0.041053344,-0.025303407,0.03909305,0.021071736,-0.048923437,03-01-05-01-01-01-10.wav
418,/Users/upendrasuryajonnalagadda/mindseye/Audio_Speech_Actors_01-24/Actor_10/03-01-08-01-02-01-10.wav,3,1,surprised,8,1,2,1,10,female,03-01-08-01-02-01-10.wav,-492.20914,45.14953,-4.0253487,2.2186325,-3.309884,-5.713071,-7.9491863,-9.225386,-6.007238,-0.4461085,-10.958221,-6.483559,-2.491687,0.00795761,0.011226983,0.011146097,0.011011945,0.0108255455,0.010588488,0.010302512,0.009969724,0.0095930165,0.00917513,0.008719312,0.008229085,0.0077081327,03-01-08-01-02-01-10.wav
419,/Users/upendrasuryajonnalagadda/mindseye/Audio_Speech_Actors_01-24/Actor_10/03-01-08-02-01-01-10.wav,3,1,surprised,8,2,1,1,10,female,03-01-08-02-01-01-10.wav,-475.99533,45.401077,-10.204731,1.4581827,-1.1011555,-7.6377034,-6.3073554,-12.698923,-10.170321,-1.4320084,-6.317785,-6.768,-0.85706365,0.000242928,0.00014116906,-0.000105321014,0.00012376293,0.0006511764,0.00074368913,7.525264e-05,-0.0008670479,-0.0015079549,-0.0019654406,-0.0027551083,-0.0038850796,-0.0047109365,03-01-08-02-01-01-10.wav
420,/Users/upendrasuryajonnalagadda/mindseye/Audio_Speech_Actors_01-24/Actor_17/03-01-07-02-02-01-17.wav,3,1,disgust,7,2,2,1,17,male,03-01-07-02-02-01-17.wav,-530.5419,34.004772,3.5500555,9.185852,4.4407277,8.999503,-3.9507961,-5.2554193,-7.5055513,8.199636,-1.7384976,-1.0004791,3.836135,-0.60564005,0.20279892,0.023280736,-0.13711552,0.015075565,0.035537053,0.07110256,0.04052743,0.14636794,-0.039570745,0.08433566,0.010428478,0.04124221,03-01-07-02-02-01-17.wav
421,/Users/upendrasuryajonnalagadda/mindseye/Audio_Speech_Actors_01-24/Actor_17/03-01-04-02-02-02-17.wav,3,1,sad,4,2,2,2,17,male,03-01-04-02-02-02-17.wav,-539.16754,53.853718,-13.574288,10.628253,7.74055,2.7703204,-1.2468541,-13.059281,-10.986108,6.833075,0.77933353,-5.329584,6.852956,-0.3609617,-0.08280073,0.15639096,-0.04763451,-0.016118731,-0.04941357,0.030237155,0.122695625,-0.015568808,-0.056063738,-0.032856088,0.038591247,0.03177055,03-01-04-02-02-02-17.wav
422,/Users/upendrasuryajonnalagadda/mindseye/Audio_Speech_Actors_01-24/Actor_17/03-01-04-01-01-02-17.wav,3,1,sad,4,1,1,2,17,male,03-01-04-01-01-02-17.wav,-594.5893,67.6659,0.5864589,11.003987,11.4811735,4.8641343,8.608369,-4.438407,-5.4650455,4.6163144,2.4595273,0.683611,6.8485994,-0.015194318,-0.009560642,0.008592771,0.008072354,-0.010813795,-0.027869541,-0.023201002,-0.001372331,0.009491106,-0.0013798467,-0.013372206,-0.007729101,0.012039198,03-01-04-01-01-02-17.wav
423,/Users/upendrasuryajonnalagadda/mindseye/Audio_Speech_Actors_01-24/Actor_17/03-01-07-01-01-01-17.wav,3,1,disgust,7,1,1,1,17,male,03-01-07-01-01-01-17.wav,-602.2244,52.795216,4.488655,15.993023,7.9604845,4.2464266,3.8747706,0.2871281,-2.4634445,4.8021703,-0.24239735,0.31987575,3.4918513,-0.005275864,-0.0074836086,-0.0075499895,-0.0076585794,-0.0078064217,-0.007989197,-0.008201059,-0.00843487,-0.008682001,-0.008932516,-0.009175243,-0.009397986,-0.00958804,03-01-07-01-01-01-17.wav
424,/Users/upendrasuryajonnalagadda/mindseye/Audio_Speech_Actors_01-24/Actor_17/03-01-05-02-01-01-17.wav,3,1,angry,5,2,1,1,17,male,03-01-05-02-01-01-17.wav,-446.66174,44.11984,-12.628798,11.272433,6.6586237,-2.3296175,2.868333,-1.3336437,-7.8111663,2.7443476,-4.4506087,-3.4525635,3.9227824,-0.00722822,-0.010276643,-0.010345876,-0.010259035,-0.009979065,-0.009649631,-0.009424216,-0.009284224,-0.0090656215,-0.008662442,-0.008159385,-0.007733512,-0.007442951,03-01-05-02-01-01-17.wav
425,/Users/upendrasuryajonnalagadda/mindseye/Audio_Speech_Actors_01-24/Actor_17/03-01-06-02-01-02-17.wav,3,1,fearful,6,2,1,2,17,male,03-01-06-02-01-02-17.wav,-439.9635,31.649323,-7.5788064,6.162613,3.954988,1.0610715,-1.4179009,-1.2168574,-4.004846,1.5954586,1.4388154,-2.8479774,2.4386725,-0.0020465732,-0.0028870387,-0.0028657855,-0.002830541,-0.002781329,-0.0027184042,-0.0026419268,-0.0025521982,-0.0024495095,-0.002334254,-0.0022068645,-0.0020677436,-0.0019174111,03-01-06-02-01-02-17.wav
426,/Users/upendrasuryajonnalagadda/mindseye/Audio_Speech_Actors_01-24/Actor_17/03-01-06-01-02-02-17.wav,3,1,fearful,6,1,2,2,17,male,03-01-06-01-02-02-17.wav,-433.25504,31.592743,-4.991961,7.805425,2.4692154,3.434323,1.3787805,-1.6571409,-5.621179,3.5171003,0.32468623,-2.7346523,3.2106917,0.001610434,0.0022790509,0.0022849308,0.0022947805,0.002308475,0.002326042,0.0023473508,0.0023723773,0.0024009023,0.00243306,0.0024685033,0.0025071795,0.0025489163,03-01-06-01-02-02-17.wav
427,/Users/upendrasuryajonnalagadda/mindseye/Audio_Speech_Actors_01-24/Actor_17/03-01-05-01-02-01-17.wav,3,1,angry,5,1,2,1,17,male,03-01-05-01-02-01-17.wav,-568.7948,56.275955,-2.8641253,16.210632,10.341205,-0.20120278,9.284495,-5.183988,-5.9393716,5.027119,-2.776834,-0.06047694,7.169597,-0.16154754,-0.12580623,0.035611812,0.08725134,0.052948143,-0.002249351,-0.008859182,0.054382704,0.070697196,0.00045415072,-0.046007548,-0.04739381,-0.03434057,03-01-05-01-02-01-17.wav
428,/Users/upendrasuryajonnalagadda/mindseye/Audio_Speech_Actors_01-24/Actor_17/03-01-08-01-01-01-17.wav,3,1,surprised,8,1,1,1,17,male,03-01-08-01-01-01-17.wav,-560.2413,43.53539,-1.8488518,7.772685,5.6617327,3.2767026,1.0169655,-4.465504,-5.1483173,-0.09680363,-1.4298104,-5.039868,1.6746947,0.029302064,0.0413331,0.041017696,0.04049689,0.03977781,0.038870294,0.03778643,0.036540546,0.035148736,0.033628255,0.031997863,0.030276442,0.028483443,03-01-08-01-01-01-17.wav
429,/Users/upendrasuryajonnalagadda/mindseye/Audio_Speech_Actors_01-24/Actor_17/03-01-08-02-02-01-17.wav,3,1,surprised,8,2,2,1,17,male,03-01-08-02-02-01-17.wav,-451.5745,33.759045,5.180044,9.241871,-1.3843293,2.4383843,0.67528605,0.96156526,-4.223878,0.7987751,-0.40419397,-3.6614516,-1.4511117,-0.029748904,-0.040127132,-0.03481825,-0.027438382,-0.019465247,-0.012109917,-0.0062670317,-0.0027060276,-0.0021200916,-0.0048434334,-0.010452629,-0.017671874,-0.024780318,03-01-08-02-02-01-17.wav
430,/Users/upendrasuryajonnalagadda/mindseye/Audio_Speech_Actors_01-24/Actor_17/03-01-02-01-02-01-17.wav,3,1,calm,2,1,2,1,17,male,03-01-02-01-02-01-17.wav,-640.57367,67.599525,16.379454,20.830206,12.9886465,9.699613,9.876498,-2.170708,-1.774353,5.5753813,-2.8774197,1.750091,3.5975115,0.052739494,0.08524839,0.10029974,0.09180078,0.059934493,0.035554867,0.040049605,0.056217857,0.05054148,0.017972946,-0.009342075,-0.0027253523,0.024004115,03-01-02-01-02-01-17.wav
431,/Users/upendrasuryajonnalagadda/mindseye/Audio_Speech_Actors_01-24/Actor_17/03-01-01-01-02-02-17.wav,3,1,neutral,1,1,2,2,17,male,03-01-01-01-02-02-17.wav,-626.3087,68.77038,6.123121,16.59997,12.538299,6.208741,12.122707,-5.6712246,-6.6812954,6.1465163,0.07691162,0.6434047,5.7245355,-0.15110739,-0.061014403,0.10942267,0.053399708,-0.057004675,-0.09726985,-0.027350994,0.093254775,0.05780731,-0.06053901,-0.045680415,-0.0016035398,-0.016501097,03-01-01-01-02-02-17.wav
432,/Users/upendrasuryajonnalagadda/mindseye/Audio_Speech_Actors_01-24/Actor_17/03-01-02-02-01-01-17.wav,3,1,calm,2,2,1,1,17,male,03-01-02-02-01-01-17.wav,-636.56213,68.05811,10.323645,23.259857,19.192451,10.536607,10.374525,-5.9565,-0.8782889,7.085209,-0.2147929,-1.2171487,3.679022,0.010718066,-0.011686314,-0.03234146,-0.007156715,0.0042823744,-0.014724269,-0.026531374,-0.023417605,-0.014191565,-0.010723776,-0.024805583,-0.038113184,-0.02453077,03-01-02-02-01-01-17.wav
433,/Users/upendrasuryajonnalagadda/mindseye/Audio_Speech_Actors_01-24/Actor_17/03-01-03-01-01-02-17.wav,3,1,happy,3,1,1,2,17,male,03-01-03-01-01-02-17.wav,-579.5533,56.864445,-1.7325172,14.813868,11.037873,6.269977,2.2304752,-7.3029976,-5.016215,6.15389,0.46992293,-4.959186,4.7066965,-0.23686986,-0.08768493,0.17070012,0.07557429,-0.05252616,-0.07566694,0.0063959695,0.10038004,0.00093402114,-0.11990262,-0.047894247,0.066484004,0.03332501,03-01-03-01-01-02-17.wav
434,/Users/upendrasuryajonnalagadda/mindseye/Audio_Speech_Actors_01-24/Actor_17/03-01-03-02-02-02-17.wav,3,1,happy,3,2,2,2,17,male,03-01-03-02-02-02-17.wav,-493.38986,36.77482,-2.4481893,2.3409157,-0.34594783,3.6381967,-3.7313406,-7.8429112,-7.3500376,-1.3226566,-3.6178231,-5.669362,-0.6605527,-0.086867355,-0.019631037,0.05251471,0.0013843193,-0.044843454,-0.07082276,-0.012972052,0.022146074,-0.012660027,-0.027809631,-0.027496396,-0.005919073,-0.0078000384,03-01-03-02-02-02-17.wav
435,/Users/upendrasuryajonnalagadda/mindseye/Audio_Speech_Actors_01-24/Actor_17/03-01-01-01-01-01-17.wav,3,1,neutral,1,1,1,1,17,male,03-01-01-01-01-01-17.wav,-643.41547,74.270744,10.128962,19.266329,17.357733,7.3468747,10.001107,-5.4697943,-4.187753,6.5542226,-0.9718298,0.6891036,5.4083524,-0.09415224,-0.11922436,-0.08564231,-0.049658533,-0.023795139,-0.009920695,-0.004172443,-0.0032395627,-0.004771238,-0.005523676,-0.0030271462,0.0015904185,0.005332556,03-01-01-01-01-01-17.wav
436,/Users/upendrasuryajonnalagadda/mindseye/Audio_Speech_Actors_01-24/Actor_17/03-01-02-01-01-02-17.wav,3,1,calm,2,1,1,2,17,male,03-01-02-01-01-02-17.wav,-648.04004,65.04307,14.119349,19.11056,15.406819,8.217192,7.7473087,-0.95566714,-3.080929,5.4349427,0.098231494,0.04331721,6.1806064,-0.016967574,-0.023332184,-0.021410154,-0.018423505,-0.014659446,-0.010456571,-0.0061636595,-0.0021086799,0.0014205135,0.0041867425,0.0060113645,0.0067857467,0.0064846673,03-01-02-01-01-02-17.wav
437,/Users/upendrasuryajonnalagadda/mindseye/Audio_Speech_Actors_01-24/Actor_17/03-01-02-02-02-02-17.wav,3,1,calm,2,2,2,2,17,male,03-01-02-02-02-02-17.wav,-682.3891,79.002045,17.37911,21.396477,13.306619,13.511757,13.087048,-1.7722529,-3.514656,7.4084263,-0.14039682,1.6077638,6.9407234,-0.13398792,0.004774605,0.17486776,0.08633014,0.028747577,-0.027739294,-0.072633296,0.023152607,0.074165784,-0.0017504848,-0.059514888,-0.045626175,-0.020723967,03-01-02-02-02-02-17.wav
438,/Users/upendrasuryajonnalagadda/mindseye/Audio_Speech_Actors_01-24/Actor_17/03-01-03-01-02-01-17.wav,3,1,happy,3,1,2,1,17,male,03-01-03-01-02-01-17.wav,-577.4067,53.992435,-0.9469041,13.104203,9.927899,1.5296686,4.818401,-7.331412,-7.351755,2.7587748,-1.0207431,-3.0734956,5.6586614,0.013039754,0.018112538,0.018051224,0.01783577,0.016221955,0.014960327,0.014714381,0.013590826,0.011665293,0.010220312,0.009342753,0.008483073,0.007178246,03-01-03-01-02-01-17.wav
439,/Users/upendrasuryajonnalagadda/mindseye/Audio_Speech_Actors_01-24/Actor_17/03-01-03-02-01-01-17.wav,3,1,happy,3,2,1,1,17,male,03-01-03-02-01-01-17.wav,-499.1761,41.350513,0.9967068,5.921628,-1.0114537,-0.22103256,-3.1113482,-3.8604653,-5.553369,-0.20316271,0.64005744,-3.0265372,-0.5295208,0.14705056,0.20705442,0.16387868,0.035344876,-0.12726443,-0.21255131,-0.15757361,-0.01662408,0.087460786,0.09155746,0.036810644,-0.0060337996,-0.007751687,03-01-03-02-01-01-17.wav
440,/Users/upendrasuryajonnalagadda/mindseye/Audio_Speech_Actors_01-24/Actor_17/03-01-04-02-01-01-17.wav,3,1,sad,4,2,1,1,17,male,03-01-04-02-01-01-17.wav,-541.98645,58.271225,-9.036556,8.323259,11.543167,6.1027365,2.2123795,-9.480306,-7.110378,9.1999445,4.1514883,-0.7134835,6.4728413,0.0056791487,0.009702958,0.033950906,0.08405247,0.07756691,0.03310465,0.033857543,0.02024511,0.026125023,0.057612874,0.011394105,-0.011094142,0.027424224,03-01-04-02-01-01-17.wav
441,/Users/upendrasuryajonnalagadda/mindseye/Audio_Speech_Actors_01-24/Actor_17/03-01-07-02-01-02-17.wav,3,1,disgust,7,2,1,2,17,male,03-01-07-02-01-02-17.wav,-544.763,44.693695,6.442477,8.703506,6.180235,4.227541,-4.390126,-2.514524,-4.325866,4.4793158,-4.9997444,-1.5314559,2.6212523,-0.013308377,-0.0056939865,0.012387975,0.0067415237,-0.011342042,-0.00952585,0.011738003,0.019892141,0.004352681,-0.0061972644,0.00790507,0.02450566,0.01723916,03-01-07-02-01-02-17.wav
442,/Users/upendrasuryajonnalagadda/mindseye/Audio_Speech_Actors_01-24/Actor_17/03-01-07-01-02-02-17.wav,3,1,disgust,7,1,2,2,17,male,03-01-07-01-02-02-17.wav,-606.3514,60.87057,6.2075515,15.446459,8.91234,11.426212,10.660781,-4.252827,-4.748149,9.308038,-1.7442439,-0.6766982,5.930463,0.033728797,0.0415176,0.029062852,0.021565551,0.022582907,0.024572507,0.018707799,0.0060317437,-0.0034301328,-0.0024855153,0.004650773,0.007275218,0.0007544764,03-01-07-01-02-02-17.wav
443,/Users/upendrasuryajonnalagadda/mindseye/Audio_Speech_Actors_01-24/Actor_17/03-01-04-01-02-01-17.wav,3,1,sad,4,1,2,1,17,male,03-01-04-01-02-01-17.wav,-633.9332,72.08551,3.6037407,19.79301,11.057418,5.7668023,12.411337,-4.7705545,-6.4159546,4.799714,-3.0498452,-1.1222653,6.8557043,-0.26426658,-0.022931483,0.18238898,-0.05333825,-0.05434169,-0.009267386,-0.0076269764,0.088799976,0.011013799,-0.06162835,0.022133172,-0.0052285627,-0.032606136,03-01-04-01-02-01-17.wav
444,/Users/upendrasuryajonnalagadda/mindseye/Audio_Speech_Actors_01-24/Actor_17/03-01-06-02-02-01-17.wav,3,1,fearful,6,2,2,1,17,male,03-01-06-02-02-01-17.wav,-453.9747,33.316418,-6.158022,4.653771,3.092502,3.2903783,-1.6199058,-2.574498,-6.7018275,2.154419,1.6111243,-3.4074476,1.989142,-0.06367483,-0.02253819,0.06666911,0.05001509,-0.018433098,-0.031340834,0.034557763,0.08995464,0.045439355,-0.026254216,-0.018151883,0.023436911,0.026228,03-01-06-02-02-01-17.wav
445,/Users/upendrasuryajonnalagadda/mindseye/Audio_Speech_Actors_01-24/Actor_17/03-01-05-02-02-02-17.wav,3,1,angry,5,2,2,2,17,male,03-01-05-02-02-02-17.wav,-438.70746,42.740883,-18.446583,13.064196,5.8443236,-2.8793333,1.2530917,-6.118626,-12.818413,3.1956334,-4.280478,-5.834002,4.8926754,-0.11284154,-0.01455179,0.081810325,-0.038473174,-0.060524233,-0.006318569,-0.009454437,-0.0074134627,-0.004785026,0.0035659256,0.0072958875,-0.012829548,0.0067126607,03-01-05-02-02-02-17.wav
446,/Users/upendrasuryajonnalagadda/mindseye/Audio_Speech_Actors_01-24/Actor_17/03-01-05-01-01-02-17.wav,3,1,angry,5,1,1,2,17,male,03-01-05-01-01-02-17.wav,-594.48914,65.46622,4.326873,15.879797,11.388667,5.0765076,7.6904745,-1.9026371,0.55219054,7.15906,-1.3409593,1.4464381,5.230456,-0.095109366,-0.026057243,0.1419653,0.17664707,0.11743276,0.02371248,-0.04222077,-0.049483143,0.036962707,0.015824068,-0.055556346,-0.057378493,-0.009958625,03-01-05-01-01-02-17.wav
447,/Users/upendrasuryajonnalagadda/mindseye/Audio_Speech_Actors_01-24/Actor_17/03-01-06-01-01-01-17.wav,3,1,fearful,6,1,1,1,17,male,03-01-06-01-01-01-17.wav,-556.2728,56.37991,-2.377074,9.249948,14.1540985,11.603291,4.296411,-8.402614,-7.5673804,5.585204,3.995218,-2.2150671,3.9914556,0.067194216,0.0020645142,-0.07892316,-0.037311155,0.010034071,0.027651653,-0.028066838,-0.08366281,-0.046606794,-0.010120887,-0.025134658,-0.042985667,-0.032653984,03-01-06-01-01-01-17.wav
448,/Users/upendrasuryajonnalagadda/mindseye/Audio_Speech_Actors_01-24/Actor_17/03-01-08-01-02-02-17.wav,3,1,surprised,8,1,2,2,17,male,03-01-08-01-02-02-17.wav,-567.5041,54.492767,3.1281898,11.667905,3.9791687,9.5031185,5.1726265,-6.3126535,-6.5232997,5.2628307,1.7869259,-1.7644805,2.212773,0.051759657,-0.079436645,0.077921614,0.020664856,0.03362983,-0.06560551,0.026575262,0.018514544,0.085640974,-0.012918575,-0.028328633,-0.051586956,0.020065127,03-01-08-01-02-02-17.wav
449,/Users/upendrasuryajonnalagadda/mindseye/Audio_Speech_Actors_01-24/Actor_17/03-01-08-02-01-02-17.wav,3,1,surprised,8,2,1,2,17,male,03-01-08-02-01-02-17.wav,-484.9677,39.593258,2.3516064,10.072573,4.4900174,6.7035904,2.7526236,-1.6916199,-2.5209148,2.7781165,2.1745906,-1.3063802,2.6740136,-0.11136075,-0.12102998,-0.048652217,-0.00037616753,0.012812944,0.018320624,0.02765659,0.029687464,0.019821115,0.00351979,-0.017799066,-0.041378923,-0.0557297,03-01-08-02-01-02-17.wav
450,/Users/upendrasuryajonnalagadda/mindseye/Audio_Speech_Actors_01-24/Actor_17/03-01-03-02-02-01-17.wav,3,1,happy,3,2,2,1,17,male,03-01-03-02-02-01-17.wav,-485.4603,38.73135,-5.7136254,4.8874784,-0.5471612,5.1731634,-4.663788,-9.0268345,-7.2447753,-0.02736678,-0.9045577,-6.4002786,1.0298612,-0.0013632448,-0.0019230813,-0.001908711,-0.0018849195,-0.0018517749,-0.0018094815,-0.0017582555,-0.0016983518,-0.0016301315,-0.0015539501,-0.0014702571,-0.0013795106,-0.0012822325,03-01-03-02-02-01-17.wav
451,/Users/upendrasuryajonnalagadda/mindseye/Audio_Speech_Actors_01-24/Actor_17/03-01-03-01-01-01-17.wav,3,1,happy,3,1,1,1,17,male,03-01-03-01-01-01-17.wav,-610.1369,61.73306,5.957527,14.201258,11.472875,7.9942775,3.7723665,-5.5965853,-3.750156,2.536601,-0.45057598,-1.196938,3.949305,-0.08785766,-0.05114334,0.053915817,0.03978311,-0.0483109,-0.06487776,0.013830643,0.06760878,0.015876302,-0.06144099,-0.05942378,-0.009498317,0.004201762,03-01-03-01-01-01-17.wav
452,/Users/upendrasuryajonnalagadda/mindseye/Audio_Speech_Actors_01-24/Actor_17/03-01-02-02-01-02-17.wav,3,1,calm,2,2,1,2,17,male,03-01-02-02-01-02-17.wav,-676.67456,72.603165,15.167756,23.859001,14.977871,7.9097133,12.061755,0.571332,1.4427136,3.8794208,0.3087118,1.3725486,5.326201,-0.006798769,-0.009038045,-0.007499108,-0.0054771136,-0.0035150112,-0.0020254208,-0.0012189731,-0.0011313634,-0.001655921,-0.0025443542,-0.0034383505,-0.0040181815,-0.004239877,03-01-02-02-01-02-17.wav
453,/Users/upendrasuryajonnalagadda/mindseye/Audio_Speech_Actors_01-24/Actor_17/03-01-01-01-02-01-17.wav,3,1,neutral,1,1,2,1,17,male,03-01-01-01-02-01-17.wav,-635.13477,70.68799,8.320676,17.101683,13.083545,5.285191,10.842829,-4.5352573,-6.748482,4.712247,-1.4344003,-0.6627826,6.0088053,-0.06635673,-0.05556882,0.0002645783,-0.008975427,-0.059263065,-0.0623392,-0.0076760487,0.025594497,-0.0014616353,-0.030629257,-0.0073350566,0.033605613,0.032506417,03-01-01-01-02-01-17.wav
454,/Users/upendrasuryajonnalagadda/mindseye/Audio_Speech_Actors_01-24/Actor_17/03-01-02-01-02-02-17.wav,3,1,calm,2,1,2,2,17,male,03-01-02-01-02-02-17.wav,-630.00195,68.62683,13.304627,16.321669,12.313069,7.254149,8.636882,-6.404462,-4.800525,7.0254655,-2.579278,-0.9963804,4.4791245,-0.24394666,-0.087542385,0.1513644,0.07501683,0.020962065,-0.014979334,0.009968378,0.10265004,0.040734988,-0.0887781,-0.075353585,0.0008612791,6.269915e-05,03-01-02-01-02-02-17.wav
455,/Users/upendrasuryajonnalagadda/mindseye/Audio_Speech_Actors_01-24/Actor_17/03-01-05-01-02-02-17.wav,3,1,angry,5,1,2,2,17,male,03-01-05-01-02-02-17.wav,-616.10614,57.966923,5.3546352,18.125034,13.297171,5.6371384,8.387172,-6.558273,-2.407176,5.8679104,-3.2523603,-0.06225197,7.1696715,-0.31507325,-0.046310175,0.2367169,-0.023462234,-0.078054264,-0.016228857,0.012931898,0.08638467,0.025501363,0.015505837,0.06838121,0.010354584,0.048773255,03-01-05-01-02-02-17.wav
456,/Users/upendrasuryajonnalagadda/mindseye/Audio_Speech_Actors_01-24/Actor_17/03-01-06-01-02-01-17.wav,3,1,fearful,6,1,2,1,17,male,03-01-06-01-02-01-17.wav,-509.456,61.376415,-8.839116,10.134284,11.146511,6.242722,2.201151,-10.7745,-11.233102,7.8054743,2.9656296,-2.422545,8.100012,-0.8763426,-0.34855065,0.111698896,0.008296356,0.083535515,-0.014445336,0.041984297,0.20184638,0.052316055,0.0029957653,0.0091052465,-0.015646366,-0.056376327,03-01-06-01-02-01-17.wav
457,/Users/upendrasuryajonnalagadda/mindseye/Audio_Speech_Actors_01-24/Actor_17/03-01-06-02-01-01-17.wav,3,1,fearful,6,2,1,1,17,male,03-01-06-02-01-01-17.wav,-398.91257,30.023468,-4.879326,7.091316,3.7345703,3.4802976,0.8237066,-2.6026344,-3.2756734,1.4539975,1.173415,-2.4282217,-0.14666963,0.14121112,0.010553503,-0.045760013,0.01645505,-0.00443469,0.023249257,-0.019477963,-0.05382687,-0.0023104667,0.0043636085,0.010661478,-0.014697695,-0.0021799624,03-01-06-02-01-01-17.wav
458,/Users/upendrasuryajonnalagadda/mindseye/Audio_Speech_Actors_01-24/Actor_17/03-01-05-02-01-02-17.wav,3,1,angry,5,2,1,2,17,male,03-01-05-02-01-02-17.wav,-388.09854,40.811184,-15.649464,9.209648,3.6600568,-7.2018924,1.4131638,-4.551252,-10.416011,4.4034433,-3.6672924,-3.9561958,4.3246593,0.004740271,0.010009529,0.024665074,0.020859808,-0.0031772875,0.007570089,0.026212132,0.012755767,0.00020989128,0.0044790646,0.015601472,0.015296569,6.893703e-05,03-01-05-02-01-02-17.wav
459,/Users/upendrasuryajonnalagadda/mindseye/Audio_Speech_Actors_01-24/Actor_17/03-01-07-01-01-02-17.wav,3,1,disgust,7,1,1,2,17,male,03-01-07-01-01-02-17.wav,-614.9007,59.88457,11.601456,17.549051,11.184233,5.7949724,5.1088867,1.7587547,-2.2189984,4.16399,-0.14656012,-0.032818414,4.6236978,0.009618568,0.0144346235,0.016120905,0.017097354,0.016709637,0.015887046,0.01610424,0.017753452,0.019680055,0.020379812,0.01956712,0.018432233,0.018319165,03-01-07-01-01-02-17.wav
460,/Users/upendrasuryajonnalagadda/mindseye/Audio_Speech_Actors_01-24/Actor_17/03-01-04-01-01-01-17.wav,3,1,sad,4,1,1,1,17,male,03-01-04-01-01-01-17.wav,-608.63434,67.91341,-2.6763542,12.063808,11.49799,4.7372723,9.130805,-6.4666495,-7.8018966,5.048292,4.362212,0.8087415,5.8125114,0.043175846,0.058129363,0.053025007,0.052279618,0.05681955,0.05973882,0.053954598,0.04108661,0.029944312,0.025692586,0.023742868,0.016862893,0.005944342,03-01-04-01-01-01-17.wav
461,/Users/upendrasuryajonnalagadda/mindseye/Audio_Speech_Actors_01-24/Actor_17/03-01-04-02-02-01-17.wav,3,1,sad,4,2,2,1,17,male,03-01-04-02-02-01-17.wav,-532.9795,57.797268,-14.447856,13.213606,7.329324,4.155716,1.2125368,-12.97953,-10.216127,5.6420403,3.3270385,-3.5230174,7.1566067,0.02154541,0.016503945,-0.010969003,-0.012391653,0.022551242,0.04324232,0.021822056,-0.0060248864,-0.004923087,0.020722609,0.032885186,0.0064266277,-0.020594975,03-01-04-02-02-01-17.wav
462,/Users/upendrasuryajonnalagadda/mindseye/Audio_Speech_Actors_01-24/Actor_17/03-01-07-02-02-02-17.wav,3,1,disgust,7,2,2,2,17,male,03-01-07-02-02-02-17.wav,-542.7193,38.76492,10.153911,9.869172,4.729287,6.4907994,-2.1681495,-5.41093,-5.7098694,5.5095983,-2.989245,-2.404049,2.8111851,-0.2504872,-0.062357496,0.18958114,0.067033984,-0.004665346,-0.026035275,0.037938684,0.15911123,0.06564552,-0.046919975,-0.0035717643,-0.0052400245,-0.026967255,03-01-07-02-02-02-17.wav
463,/Users/upendrasuryajonnalagadda/mindseye/Audio_Speech_Actors_01-24/Actor_17/03-01-08-02-02-02-17.wav,3,1,surprised,8,2,2,2,17,male,03-01-08-02-02-02-17.wav,-468.19852,32.91342,5.056079,7.3331466,-0.65768015,3.7178867,-0.5832411,1.4114873,-4.433888,0.11838198,0.5967652,-3.2516274,-0.85536134,-0.016925488,-0.023894615,-0.023769718,-0.023562625,-0.023274584,-0.022907568,-0.02246398,-0.021946777,-0.021359324,-0.020705529,-0.019989612,-0.019216219,-0.018390343,03-01-08-02-02-02-17.wav
464,/Users/upendrasuryajonnalagadda/mindseye/Audio_Speech_Actors_01-24/Actor_17/03-01-08-01-01-02-17.wav,3,1,surprised,8,1,1,2,17,male,03-01-08-01-01-02-17.wav,-561.74585,45.268932,6.7633142,13.041379,5.400476,7.017509,5.5638437,-0.5118653,-1.8083425,3.1117315,1.1664808,-0.26284012,3.6458304,-0.026044128,-0.036685918,-0.03625362,-0.035548873,-0.034594458,-0.033420306,-0.03206204,-0.030559164,-0.02895269,-0.027283717,-0.02559083,-0.023909163,-0.022268804,03-01-08-01-01-02-17.wav
465,/Users/upendrasuryajonnalagadda/mindseye/Audio_Speech_Actors_01-24/Actor_17/03-01-06-01-01-02-17.wav,3,1,fearful,6,1,1,2,17,male,03-01-06-01-01-02-17.wav,-527.9911,58.093357,-2.4987073,9.931731,9.660175,6.1495433,3.5511718,-5.9949427,-7.525609,5.764008,3.7954252,-2.133995,6.033367,0.06680823,0.026958946,-0.048276838,-0.04274502,-0.030785352,-0.022831962,-0.031644616,-0.055519912,-0.026036566,0.0013253042,-0.026840614,-0.018148985,0.019219354,03-01-06-01-01-02-17.wav
466,/Users/upendrasuryajonnalagadda/mindseye/Audio_Speech_Actors_01-24/Actor_17/03-01-05-01-01-01-17.wav,3,1,angry,5,1,1,1,17,male,03-01-05-01-01-01-17.wav,-641.7649,54.49306,7.0726757,15.5961275,14.794381,6.824033,6.8121657,1.3340626,1.8020953,4.620854,1.4182926,2.933359,6.208747,0.03950704,0.054996133,0.05244005,0.04840286,0.04319426,0.037202194,0.030853488,0.024572646,0.018743314,0.013676148,0.009587453,0.0065890136,0.004690094,03-01-05-01-01-01-17.wav
467,/Users/upendrasuryajonnalagadda/mindseye/Audio_Speech_Actors_01-24/Actor_17/03-01-05-02-02-01-17.wav,3,1,angry,5,2,2,1,17,male,03-01-05-02-02-01-17.wav,-466.1172,47.087505,-9.3294735,8.377161,6.12285,-3.6829884,2.4693828,-0.44208783,-11.773795,2.1289046,-3.5406961,-3.952903,4.077891,-0.013287975,-0.018794138,-0.018747585,-0.018558478,-0.018203104,-0.017759664,-0.01732203,-0.016895974,-0.016400015,-0.01576894,-0.015039979,-0.014318308,-0.013664128,03-01-05-02-02-01-17.wav
468,/Users/upendrasuryajonnalagadda/mindseye/Audio_Speech_Actors_01-24/Actor_17/03-01-06-02-02-02-17.wav,3,1,fearful,6,2,2,2,17,male,03-01-06-02-02-02-17.wav,-425.13553,28.831585,-8.427588,5.738923,3.1494358,4.5526934,-2.9508152,-2.479055,-5.478449,-0.37850988,2.8324845,-3.10255,2.6218688,0.024143633,0.0341659,0.034019288,0.03357708,0.033282317,0.033475723,0.033599645,0.032879222,0.03165701,0.031116623,0.03149572,0.031528026,0.030241432,03-01-06-02-02-02-17.wav
469,/Users/upendrasuryajonnalagadda/mindseye/Audio_Speech_Actors_01-24/Actor_17/03-01-04-01-02-02-17.wav,3,1,sad,4,1,2,2,17,male,03-01-04-01-02-02-17.wav,-590.1187,64.28956,-2.4364867,14.269321,7.102041,4.4800534,7.944392,-4.0307727,-7.172329,4.212894,0.73665607,-1.4158323,6.247197,0.043475028,0.04695907,0.026360793,0.020212883,0.024495993,0.03877492,0.04112696,0.012291676,-0.011486726,-0.0015403002,0.020927282,0.0343209,0.023797499,03-01-04-01-02-02-17.wav
470,/Users/upendrasuryajonnalagadda/mindseye/Audio_Speech_Actors_01-24/Actor_17/03-01-07-01-02-01-17.wav,3,1,disgust,7,1,2,1,17,male,03-01-07-01-02-01-17.wav,-582.4461,48.863873,5.6797347,13.83985,9.732798,5.5043063,4.643978,-3.567576,-3.9662294,5.644174,-1.9080122,-1.7453903,4.316178,-0.092165664,-0.050682463,0.06732066,0.057860807,-0.04613351,-0.089551665,-0.011856841,0.078752525,0.056431968,-0.032895733,-0.051436584,0.012567504,0.06214128,03-01-07-01-02-01-17.wav
471,/Users/upendrasuryajonnalagadda/mindseye/Audio_Speech_Actors_01-24/Actor_17/03-01-07-02-01-01-17.wav,3,1,disgust,7,2,1,1,17,male,03-01-07-02-01-01-17.wav,-543.04376,39.17172,7.284026,9.059318,4.559974,4.443625,-3.0651312,-1.1601752,-2.8612046,4.8887725,-4.1968455,0.512867,2.8401182,0.01584885,0.022298457,0.0219542,0.021388741,0.020614263,0.019647332,0.018508313,0.017221058,0.01581199,0.014309547,0.012743206,0.011142968,0.00953823,03-01-07-02-01-01-17.wav
472,/Users/upendrasuryajonnalagadda/mindseye/Audio_Speech_Actors_01-24/Actor_17/03-01-04-02-01-02-17.wav,3,1,sad,4,2,1,2,17,male,03-01-04-02-01-02-17.wav,-557.65906,55.78794,-8.522721,12.111011,9.804062,1.1556833,3.0540059,-6.903962,-8.128246,5.9532204,1.1419591,-1.4098365,5.4075284,-0.012169266,-0.0038957596,0.010614539,0.0035144507,-0.008338237,-0.008728075,0.0024410635,0.010248005,-0.0009581089,-0.012828263,-0.005237824,0.002884984,-0.0021033108,03-01-04-02-01-02-17.wav
473,/Users/upendrasuryajonnalagadda/mindseye/Audio_Speech_Actors_01-24/Actor_17/03-01-08-02-01-01-17.wav,3,1,surprised,8,2,1,1,17,male,03-01-08-02-01-01-17.wav,-505.7452,36.266914,4.1524763,12.930088,3.9361627,4.2173977,3.9895647,1.9202368,-0.5649818,1.4699268,1.3139526,-1.8042704,-0.8754874,0.00029679842,0.00046424617,0.00059566624,0.00081114675,0.0011056042,0.0014720493,0.0019020442,0.002385875,0.002912886,0.003472029,0.0040518567,0.004641095,0.005229003,03-01-08-02-01-01-17.wav
474,/Users/upendrasuryajonnalagadda/mindseye/Audio_Speech_Actors_01-24/Actor_17/03-01-08-01-02-01-17.wav,3,1,surprised,8,1,2,1,17,male,03-01-08-01-02-01-17.wav,-553.6738,39.75291,5.814754,11.754298,1.9084468,8.718876,1.6656218,-6.803348,-5.881535,2.2232704,-1.8675016,-5.3559804,0.03556075,0.0064484063,0.009059122,0.008879785,0.008584794,0.008179658,0.007671967,0.0070712273,0.0063885204,0.0056362413,0.004827885,0.0039775795,0.0030999086,0.0022094985,03-01-08-01-02-01-17.wav
475,/Users/upendrasuryajonnalagadda/mindseye/Audio_Speech_Actors_01-24/Actor_17/03-01-03-02-01-02-17.wav,3,1,happy,3,2,1,2,17,male,03-01-03-02-01-02-17.wav,-417.975,33.882317,-4.2771435,3.581803,0.16259904,1.3603492,-2.0349865,-5.9920883,-6.419454,-1.2584411,-1.7545139,-4.137938,-1.4698563,-0.04151494,-0.01384248,0.04347972,0.029508773,-0.021941558,-0.047046866,-0.015778424,0.036144644,0.030269833,-0.02208705,-0.034820475,-0.004245544,0.016885282,03-01-03-02-01-02-17.wav
476,/Users/upendrasuryajonnalagadda/mindseye/Audio_Speech_Actors_01-24/Actor_17/03-01-03-01-02-02-17.wav,3,1,happy,3,1,2,2,17,male,03-01-03-01-02-02-17.wav,-550.58545,63.863407,-4.448419,13.594885,4.8513756,6.507198,1.8665656,-15.731583,-7.7440457,2.7967021,-0.71663845,-4.8513756,5.0106673,-0.74327177,-0.12100863,0.30477607,-0.103490576,0.017592661,-0.07749598,0.13946594,0.25360703,0.11060159,-0.020352544,-0.0846873,0.08633277,0.0468864,03-01-03-01-02-02-17.wav
477,/Users/upendrasuryajonnalagadda/mindseye/Audio_Speech_Actors_01-24/Actor_17/03-01-02-02-02-01-17.wav,3,1,calm,2,2,2,1,17,male,03-01-02-02-02-01-17.wav,-635.0464,63.893936,15.26643,24.416681,16.114742,9.3831625,5.3948913,-4.7208424,-1.5480435,6.7038665,-3.2020702,-1.1742727,6.5548615,-0.036871854,-0.04999395,-0.04408762,-0.035779953,-0.026559347,-0.0174581,-0.008930562,-0.0012281142,0.005109201,0.009155152,0.010060483,0.0077119963,0.0029899844,03-01-02-02-02-01-17.wav
478,/Users/upendrasuryajonnalagadda/mindseye/Audio_Speech_Actors_01-24/Actor_17/03-01-02-01-01-01-17.wav,3,1,calm,2,1,1,1,17,male,03-01-02-01-01-01-17.wav,-647.11743,63.513783,6.040067,15.049635,12.956362,8.22026,6.2446733,-2.690975,-2.2044024,4.0563188,0.67914516,-0.0062355646,5.6387033,-0.03203679,-0.043605577,-0.038988963,-0.032671276,-0.026021862,-0.020125015,-0.015692176,-0.013182242,-0.012820857,-0.014428347,-0.017286338,-0.020321738,-0.022589656,03-01-02-01-01-01-17.wav
479,/Users/upendrasuryajonnalagadda/mindseye/Audio_Speech_Actors_01-24/Actor_17/03-01-01-01-01-02-17.wav,3,1,neutral,1,1,1,2,17,male,03-01-01-01-01-02-17.wav,-646.3001,68.106094,6.5149803,18.003637,14.267371,4.8580866,10.486649,-0.8842272,-3.3458776,4.516688,1.6733109,0.2256111,5.887637,-0.014019088,-0.01869823,-0.015636122,-0.011494952,-0.0073723067,-0.0042482084,-0.0026851837,-0.002696612,-0.003818935,-0.0053461595,-0.006624083,-0.00728777,-0.0073520993,03-01-01-01-01-02-17.wav
480,/Users/upendrasuryajonnalagadda/mindseye/Audio_Speech_Actors_01-24/Actor_04/03-01-03-02-02-02-04.wav,3,1,happy,3,2,2,2,4,female,03-01-03-02-02-02-04.wav,-463.18295,24.793516,-25.707607,0.52359486,-9.254231,-13.261864,-11.202356,-17.998287,-5.2644296,-5.4458246,-9.750963,-11.561937,-6.168905,-0.060378373,-0.026096765,0.009757621,-0.016904281,0.020287074,0.0362528,-0.01171758,-0.01717283,0.0065951203,0.012394911,0.005598712,-0.021163167,-0.037318904,03-01-03-02-02-02-04.wav
481,/Users/upendrasuryajonnalagadda/mindseye/Audio_Speech_Actors_01-24/Actor_04/03-01-03-01-01-02-04.wav,3,1,happy,3,1,1,2,4,female,03-01-03-01-01-02-04.wav,-598.9671,39.636375,-20.287094,5.7025824,-6.8105197,-11.35649,-5.1394043,-15.260247,-8.590344,-2.932332,-7.2160583,-7.563582,-6.929523,0.00055569917,0.0006200753,0.00027934555,7.994658e-05,0.00019494849,0.00048329472,0.0006189533,0.00039760116,-6.852742e-05,-0.00045219122,-0.00051277137,-0.0003115087,-0.0001384012,03-01-03-01-01-02-04.wav
482,/Users/upendrasuryajonnalagadda/mindseye/Audio_Speech_Actors_01-24/Actor_04/03-01-02-02-01-01-04.wav,3,1,calm,2,2,1,1,4,female,03-01-02-02-01-01-04.wav,-663.02606,49.320267,-10.904673,2.585473,-8.794809,-4.5529037,-10.804564,-13.400597,-9.38186,-4.2847996,-3.7200217,-10.603786,-5.372889,0.07745361,0.09029743,0.048489947,0.012276422,-0.008020645,-0.020319043,-0.030043524,-0.033914704,-0.03155346,-0.028926458,-0.028056001,-0.023525788,-0.012087533,03-01-02-02-01-01-04.wav
483,/Users/upendrasuryajonnalagadda/mindseye/Audio_Speech_Actors_01-24/Actor_04/03-01-01-01-02-02-04.wav,3,1,neutral,1,1,2,2,4,female,03-01-01-01-02-02-04.wav,-726.7585,46.6224,-3.2128232,2.1592414,-5.93375,-4.6862373,-8.642963,-14.1078415,-9.158596,-5.6859665,-5.028535,-8.541236,-6.1935973,0.13144575,0.15069273,0.08220237,0.03135214,0.00848875,0.00085703307,-0.001877812,-0.0058387485,-0.016105311,-0.025057867,-0.02759993,-0.023185028,-0.01651747,03-01-01-01-02-02-04.wav
484,/Users/upendrasuryajonnalagadda/mindseye/Audio_Speech_Actors_01-24/Actor_04/03-01-02-01-02-01-04.wav,3,1,calm,2,1,2,1,4,female,03-01-02-01-02-01-04.wav,-649.0007,51.3759,-6.0624514,6.623452,-8.53977,-4.0042944,-8.75922,-13.475446,-8.887058,-4.508001,-3.0425632,-7.0127597,-2.2210002,0.08212611,0.12368495,0.11319158,0.07985016,0.058751173,0.04524255,0.031058002,0.023700314,0.018261138,0.01313133,0.007872011,-0.0027956082,-0.0047755786,03-01-02-01-02-01-04.wav
485,/Users/upendrasuryajonnalagadda/mindseye/Audio_Speech_Actors_01-24/Actor_04/03-01-05-01-02-01-04.wav,3,1,angry,5,1,2,1,4,female,03-01-05-01-02-01-04.wav,-558.1368,28.355152,-11.212071,-0.30566195,-10.303314,-10.182581,-7.7437744,-16.63668,-9.197367,-6.4138184,-4.8877254,-7.786608,-8.337311,0.007029012,0.0098097995,0.00942571,0.008802974,0.007966537,0.006948242,0.0057849884,0.0045161946,0.0031817437,0.0018200683,0.0004669825,-0.0008448029,-0.0020863088,03-01-05-01-02-01-04.wav
486,/Users/upendrasuryajonnalagadda/mindseye/Audio_Speech_Actors_01-24/Actor_04/03-01-06-01-02-02-04.wav,3,1,fearful,6,1,2,2,4,female,03-01-06-01-02-02-04.wav,-552.1154,26.722322,-11.747662,-1.1329128,-6.9620004,-7.84423,-5.9756184,-15.200843,-11.389807,-4.245503,-7.252174,-7.878588,-6.944064,0.039195355,0.05378296,0.049076512,0.04197141,0.033421554,0.024492417,0.016165923,0.009178492,0.0039239246,0.00043993632,-0.0015278689,-0.0024041939,-0.0026423263,03-01-06-01-02-02-04.wav
487,/Users/upendrasuryajonnalagadda/mindseye/Audio_Speech_Actors_01-24/Actor_04/03-01-06-02-01-02-04.wav,3,1,fearful,6,2,1,2,4,female,03-01-06-02-01-02-04.wav,-445.38785,16.975613,-17.705778,-2.5899854,-10.445666,-5.972775,-5.137366,-13.530623,-10.611827,-5.4091887,-6.0235505,0.008023632,5.2528005,0.0,2.5950321e-08,0.0,0.0,0.0,0.0,0.0,1.29751605e-08,-1.29751605e-08,-1.29751605e-08,-6.4875803e-09,1.29751605e-08,0.0,03-01-06-02-01-02-04.wav
488,/Users/upendrasuryajonnalagadda/mindseye/Audio_Speech_Actors_01-24/Actor_04/03-01-05-02-01-01-04.wav,3,1,angry,5,2,1,1,4,female,03-01-05-02-01-01-04.wav,-414.1331,17.078741,-18.997747,0.13165069,-15.076841,-5.8485146,-2.7221534,-16.15158,-3.6624568,-7.548866,-3.0178204,-4.9005747,-2.0164182,-0.0014644694,-0.0019194129,-0.0014892297,-0.00085024454,-0.000105547755,0.0006246508,0.0012230318,0.0015940754,0.0016795667,0.0014678627,0.0009956711,0.00034183665,-0.00038586365,03-01-05-02-01-01-04.wav
489,/Users/upendrasuryajonnalagadda/mindseye/Audio_Speech_Actors_01-24/Actor_04/03-01-07-01-01-01-04.wav,3,1,disgust,7,1,1,1,4,female,03-01-07-01-01-01-04.wav,-611.3766,45.335247,-4.4751697,1.8758899,-4.229502,-4.015012,-4.0428815,-7.677704,-10.80253,-2.9307017,-3.4347336,-6.704493,-4.07548,0.0001045543,0.00032711594,0.0011184287,0.0022640117,0.0029854632,0.0033909357,0.0036705062,0.0034788628,0.003091688,0.0027615926,0.0019013247,0.0004640839,-0.0011148509,03-01-07-01-01-01-04.wav
490,/Users/upendrasuryajonnalagadda/mindseye/Audio_Speech_Actors_01-24/Actor_04/03-01-04-01-01-02-04.wav,3,1,sad,4,1,1,2,4,female,03-01-04-01-01-02-04.wav,-583.75903,30.812733,-9.237397,0.46807748,-7.2963576,-8.624813,-4.9801617,-14.939533,-8.910186,-4.0143685,-4.7838635,-6.3318644,-8.213782,-0.004357993,-0.0060133385,-0.0055749207,-0.004880073,-0.0039807535,-0.00294638,-0.0018587761,-0.0008044859,0.00013405936,0.0008885066,0.001412442,0.0016866865,0.0017198316,03-01-04-01-01-02-04.wav
491,/Users/upendrasuryajonnalagadda/mindseye/Audio_Speech_Actors_01-24/Actor_04/03-01-04-02-02-02-04.wav,3,1,sad,4,2,2,2,4,female,03-01-04-02-02-02-04.wav,-474.2247,10.371182,-25.052898,-2.335564,-9.799411,-17.97335,-9.226477,-17.656708,-9.360544,-6.716874,-8.166136,-6.3468003,-0.45799208,-0.00045458085,-0.00063981017,-0.00063174195,-0.00061884685,-0.0006015169,-0.0005805829,-0.0005569634,-0.0005317173,-0.00050585694,-0.00048037103,-0.0004563595,-0.0004345537,-0.00041569668,03-01-04-02-02-02-04.wav
492,/Users/upendrasuryajonnalagadda/mindseye/Audio_Speech_Actors_01-24/Actor_04/03-01-07-02-02-01-04.wav,3,1,disgust,7,2,2,1,4,female,03-01-07-02-02-01-04.wav,-553.03973,29.512745,-11.008969,-2.796222,-6.4368005,-9.781474,-9.809281,-17.477476,-14.033826,-3.4900398,-7.868993,-10.347182,-5.0843406,-0.0040202797,-0.0054318206,-0.0046938364,-0.0035454985,-0.0021003163,-0.0005001365,0.0010996608,0.0025460478,0.0037040482,0.0044697286,0.0047801584,0.004618476,0.0040141693,03-01-07-02-02-01-04.wav
493,/Users/upendrasuryajonnalagadda/mindseye/Audio_Speech_Actors_01-24/Actor_04/03-01-08-02-02-01-04.wav,3,1,surprised,8,2,2,1,4,female,03-01-08-02-02-01-04.wav,-496.95483,27.006504,-14.196354,-3.086637,-10.475182,-10.80361,-9.8571,-14.995303,-5.006221,-4.3577785,-6.1834817,-3.5786514,-1.8976927,0.0,-2.5431316e-08,-2.5431316e-08,1.2715658e-08,0.0,0.0,-2.5431316e-08,1.2715658e-08,-6.357829e-09,0.0,6.357829e-09,-6.357829e-09,0.0,03-01-08-02-02-01-04.wav
494,/Users/upendrasuryajonnalagadda/mindseye/Audio_Speech_Actors_01-24/Actor_04/03-01-08-01-01-01-04.wav,3,1,surprised,8,1,1,1,4,female,03-01-08-01-01-01-04.wav,-609.34863,38.87973,-12.866604,1.0386297,-8.010664,-9.956301,-7.2982535,-14.28893,-9.076167,-5.3666053,-6.486024,-8.550782,-6.676304,0.00402723,0.0055202483,0.005014474,0.004224069,0.003222016,0.0020984174,0.0009505953,-0.00012747901,-0.0010554586,-0.0017743758,-0.00225279,-0.0024881703,-0.0025056566,03-01-08-01-01-01-04.wav
495,/Users/upendrasuryajonnalagadda/mindseye/Audio_Speech_Actors_01-24/Actor_04/03-01-06-01-01-01-04.wav,3,1,fearful,6,1,1,1,4,female,03-01-06-01-01-01-04.wav,-556.4647,26.454718,-14.584363,0.0054334095,-8.514774,-6.4391947,-5.733729,-16.837591,-10.86787,-2.7984521,-6.635927,-7.3337173,-5.5277143,0.008341116,0.010397478,0.006819665,0.0024079385,-0.0017526533,-0.005254338,-0.007929725,-0.009306007,-0.008768335,-0.0062968447,-0.0028397087,0.00025680516,0.0022401877,03-01-06-01-01-01-04.wav
496,/Users/upendrasuryajonnalagadda/mindseye/Audio_Speech_Actors_01-24/Actor_04/03-01-05-01-01-02-04.wav,3,1,angry,5,1,1,2,4,female,03-01-05-01-01-02-04.wav,-538.26654,28.846996,-12.098068,2.4300659,-11.566413,-7.382821,-4.111086,-13.692854,-6.6502805,-3.651649,-3.5020978,-6.0251465,-4.433503,-0.0003697322,-0.00051630463,-0.0004983804,-0.00046907327,-0.00042903118,-0.0003791467,-0.0003206852,-0.00025493672,-0.00018354562,-0.00010816868,-3.0535917e-05,4.7475864e-05,0.00012403574,03-01-05-01-01-02-04.wav
497,/Users/upendrasuryajonnalagadda/mindseye/Audio_Speech_Actors_01-24/Actor_04/03-01-05-02-02-02-04.wav,3,1,angry,5,2,2,2,4,female,03-01-05-02-02-02-04.wav,-465.65955,12.01359,-19.443047,-7.2162995,-19.932617,-9.410554,-8.407402,-19.104116,-5.6628056,-9.245563,-3.6615982,-4.956833,-3.1268282,0.0052350517,-0.0042521176,-0.0023936767,0.006715005,-0.0051946067,-0.00039514288,0.0049668048,-0.0048877993,0.0009518704,0.0029356393,-0.003619981,0.00126818,0.0014341308,03-01-05-02-02-02-04.wav
498,/Users/upendrasuryajonnalagadda/mindseye/Audio_Speech_Actors_01-24/Actor_04/03-01-06-02-02-01-04.wav,3,1,fearful,6,2,2,1,4,female,03-01-06-02-02-01-04.wav,-434.03998,17.54592,-17.301336,-6.3568764,-15.193073,-8.273635,-10.430404,-15.404466,-8.748728,-7.2922745,-8.275878,-6.2063437,0.7617644,0.0,-1.2226594e-08,4.8906376e-08,3.0566485e-09,1.2226594e-08,-2.4453188e-08,-2.4453188e-08,2.4453188e-08,6.113297e-09,-2.4453188e-08,-6.113297e-09,-3.6679783e-08,0.0,03-01-06-02-02-01-04.wav
499,/Users/upendrasuryajonnalagadda/mindseye/Audio_Speech_Actors_01-24/Actor_04/03-01-04-01-02-01-04.wav,3,1,sad,4,1,2,1,4,female,03-01-04-01-02-01-04.wav,-587.75366,29.174334,-9.301201,1.7135642,-6.03707,-12.69398,-6.61461,-16.797312,-9.780381,-6.466271,-7.6239057,-6.910489,-7.9059434,0.065704145,0.085814185,0.067798205,0.046291478,0.027560689,0.013129881,0.00058572245,-0.012521654,-0.025468653,-0.03455084,-0.036140416,-0.029741678,-0.018551808,03-01-04-01-02-01-04.wav
500,/Users/upendrasuryajonnalagadda/mindseye/Audio_Speech_Actors_01-24/Actor_04/03-01-07-01-02-02-04.wav,3,1,disgust,7,1,2,2,4,female,03-01-07-01-02-02-04.wav,-559.72186,26.708374,-7.2052703,1.354545,0.11719411,-8.937725,-5.7326756,-10.572844,-3.631262,-1.2715577,-4.98619,-3.571005,-1.7439244,-9.266923e-05,-0.00013039752,-0.00012821105,-0.00012458242,-0.000119302334,-0.00011225444,-0.000103374805,-9.248315e-05,-7.93992e-05,-6.4128784e-05,-4.6619556e-05,-2.702271e-05,-5.477812e-06,03-01-07-01-02-02-04.wav
501,/Users/upendrasuryajonnalagadda/mindseye/Audio_Speech_Actors_01-24/Actor_04/03-01-07-02-01-02-04.wav,3,1,disgust,7,2,1,2,4,female,03-01-07-02-01-02-04.wav,-517.4884,25.390278,-9.163463,0.8634013,-7.7482047,-5.5317945,-5.484214,-9.325698,-10.822277,-4.059269,-4.5936627,-4.942143,-5.360818,0.0,-2.1923547e-08,-3.288532e-08,0.0,0.0,0.0,-1.644266e-08,-5.480887e-09,1.0961774e-08,0.0,1.3702217e-09,5.480887e-09,-1.0961774e-08,03-01-07-02-01-02-04.wav
502,/Users/upendrasuryajonnalagadda/mindseye/Audio_Speech_Actors_01-24/Actor_04/03-01-04-02-01-01-04.wav,3,1,sad,4,2,1,1,4,female,03-01-04-02-01-01-04.wav,-542.54443,20.911835,-21.317019,-0.60955966,-7.505916,-15.848934,-9.21483,-17.795975,-8.568598,-1.789705,-5.9995832,-3.980407,-2.78756,-0.0014126375,-0.0007075664,0.0009892301,0.00026580523,-0.0015651295,-0.001291185,0.0007423605,0.0012294122,-0.0004878614,-0.0013316907,0.00026725372,0.0017233525,0.0007034158,03-01-04-02-01-01-04.wav
503,/Users/upendrasuryajonnalagadda/mindseye/Audio_Speech_Actors_01-24/Actor_04/03-01-08-02-01-02-04.wav,3,1,surprised,8,2,1,2,4,female,03-01-08-02-01-02-04.wav,-495.35617,22.472437,-16.769918,-4.4897895,-12.413191,-11.252778,-9.707645,-18.954952,-6.2976475,-1.4862951,-3.910358,-2.1672757,-0.77294266,-1.9816609e-07,-2.4770761e-08,2.4770761e-08,1.857807e-08,0.0,-6.1926904e-09,1.70299e-08,0.0,1.2385381e-08,1.2385381e-08,1.08372085e-08,3.0963452e-08,2.4770761e-08,03-01-08-02-01-02-04.wav
504,/Users/upendrasuryajonnalagadda/mindseye/Audio_Speech_Actors_01-24/Actor_04/03-01-08-01-02-02-04.wav,3,1,surprised,8,1,2,2,4,female,03-01-08-01-02-02-04.wav,-562.5901,34.550163,-13.847545,-3.5208905,-12.195261,-11.7945385,-8.195071,-19.833433,-9.118533,-4.220745,-9.021542,-10.332402,-7.7124104,-0.0011029339,-0.0015610816,-0.0015407793,-0.0014585457,-0.0013056506,-0.0011296113,-0.0010052496,-0.0009797884,-0.001042238,-0.0011467134,-0.0012630104,-0.0014050023,-0.001606794,03-01-08-01-02-02-04.wav
505,/Users/upendrasuryajonnalagadda/mindseye/Audio_Speech_Actors_01-24/Actor_04/03-01-03-02-01-01-04.wav,3,1,happy,3,2,1,1,4,female,03-01-03-02-01-01-04.wav,-498.47202,34.721436,-23.286215,2.3580852,-6.037968,-8.6032,-4.7190843,-16.445896,-7.56346,-0.086981855,-4.075589,-8.949427,-1.7021717,-0.02035358,-0.0062196925,0.025600182,0.03298981,0.03222389,0.03131147,0.02723329,0.023151478,0.014148964,0.0069605433,0.007911784,-0.0039741495,-0.022321787,03-01-03-02-01-01-04.wav
506,/Users/upendrasuryajonnalagadda/mindseye/Audio_Speech_Actors_01-24/Actor_04/03-01-03-01-02-01-04.wav,3,1,happy,3,1,2,1,4,female,03-01-03-01-02-01-04.wav,-620.30194,44.094635,-12.841683,8.851802,-4.1408367,-7.575772,-3.3067164,-12.536225,-7.0538363,-5.823918,-4.1522613,-6.5915527,-5.185892,0.024120811,0.033316202,0.030499704,0.025024792,0.017266057,0.009021203,0.0024875363,-0.0013513123,-0.0034057414,-0.0055333446,-0.008807915,-0.012605503,-0.015324201,03-01-03-01-02-01-04.wav
507,/Users/upendrasuryajonnalagadda/mindseye/Audio_Speech_Actors_01-24/Actor_04/03-01-02-02-02-02-04.wav,3,1,calm,2,2,2,2,4,female,03-01-02-02-02-02-04.wav,-667.6102,48.528717,-6.3047724,1.7821596,-9.877085,-6.140695,-15.069178,-14.632694,-9.023976,-5.252291,-8.135797,-11.808276,-4.5969076,0.11860832,0.11989565,0.04532678,0.030101618,0.037446566,0.012320047,-0.010123352,-0.0020333487,0.0015807536,-0.025335941,-0.05514474,-0.05094354,-0.023318646,03-01-02-02-02-02-04.wav
508,/Users/upendrasuryajonnalagadda/mindseye/Audio_Speech_Actors_01-24/Actor_04/03-01-02-01-01-02-04.wav,3,1,calm,2,1,1,2,4,female,03-01-02-01-01-02-04.wav,-659.7015,54.78945,-17.974659,4.5149517,-7.6019,-6.853135,-10.136917,-13.47278,-8.616735,-3.634037,-3.3530724,-9.022442,-4.807084,0.06793763,0.08493014,0.058966454,0.032813743,0.015062297,0.0050256266,-0.0012575943,-0.0066747013,-0.013083073,-0.02065488,-0.026542889,-0.02737627,-0.023587031,03-01-02-01-01-02-04.wav
509,/Users/upendrasuryajonnalagadda/mindseye/Audio_Speech_Actors_01-24/Actor_04/03-01-01-01-01-01-04.wav,3,1,neutral,1,1,1,1,4,female,03-01-01-01-01-01-04.wav,-695.8503,42.93426,-7.2745566,8.97773,-4.170578,-4.92489,-6.53796,-12.679187,-7.3114724,-3.6008549,-3.2500982,-7.0833125,-4.540171,0.05031623,0.061442822,0.036573716,0.010526897,-0.0030554659,-0.0051307613,-0.0070002796,-0.017220011,-0.0316199,-0.03782756,-0.032324314,-0.020811295,-0.008368952,03-01-01-01-01-01-04.wav
510,/Users/upendrasuryajonnalagadda/mindseye/Audio_Speech_Actors_01-24/Actor_04/03-01-07-02-02-02-04.wav,3,1,disgust,7,2,2,2,4,female,03-01-07-02-02-02-04.wav,-528.0298,28.220623,-9.753429,-5.6995435,-10.860774,-9.032713,-12.176502,-17.008005,-13.10613,-4.317123,-8.805315,-9.82459,-5.171969,0.56518036,0.07551319,-0.015199773,0.07748602,-0.029233562,0.067035764,-0.1843811,-0.12988494,-0.012934898,0.0075524724,-0.06776366,-0.062221102,-0.023813063,03-01-07-02-02-02-04.wav
511,/Users/upendrasuryajonnalagadda/mindseye/Audio_Speech_Actors_01-24/Actor_04/03-01-04-02-02-01-04.wav,3,1,sad,4,2,2,1,4,female,03-01-04-02-02-01-04.wav,-451.35953,4.6217623,-29.532095,-7.4787784,-13.878373,-19.614393,-13.992751,-20.348259,-9.624734,-4.336583,-6.3229413,0.93654513,7.387649,0.0,0.0,9.36122e-08,-1.1701525e-08,0.0,0.0,0.0,-2.340305e-08,-5.8507625e-09,1.1701525e-08,0.0,1.1701525e-08,0.0,03-01-04-02-02-01-04.wav
512,/Users/upendrasuryajonnalagadda/mindseye/Audio_Speech_Actors_01-24/Actor_04/03-01-04-01-01-01-04.wav,3,1,sad,4,1,1,1,4,female,03-01-04-01-01-01-04.wav,-691.12683,44.154297,-0.76953626,9.253673,-3.7831838,-5.292316,-4.1421084,-11.63506,-9.185786,-7.2622457,-3.666642,-7.3636684,-6.591632,0.050351914,0.07174045,0.05467927,0.038577218,0.019888956,0.017889984,0.022590853,0.0355357,0.026408613,0.011985001,-0.012601055,-0.02432813,-0.031928964,03-01-04-01-01-01-04.wav
513,/Users/upendrasuryajonnalagadda/mindseye/Audio_Speech_Actors_01-24/Actor_04/03-01-07-01-01-02-04.wav,3,1,disgust,7,1,1,2,4,female,03-01-07-01-01-02-04.wav,-594.86475,44.845543,-7.845333,3.4191215,-6.708541,-7.1398168,-12.0874195,-12.093907,-10.353761,-0.9920412,-7.0462656,-6.9894543,-4.2046924,0.008896867,0.011913683,0.009942534,0.0068250974,0.0029367865,-0.0011310464,-0.0047323494,-0.0073984587,-0.008975588,-0.009577949,-0.0094229905,-0.008699908,-0.007565137,03-01-07-01-01-02-04.wav
514,/Users/upendrasuryajonnalagadda/mindseye/Audio_Speech_Actors_01-24/Actor_04/03-01-05-02-01-02-04.wav,3,1,angry,5,2,1,2,4,female,03-01-05-02-01-02-04.wav,-433.97296,18.50037,-16.828972,-0.20778629,-15.573719,-7.006859,-5.1936984,-16.722635,-5.2655687,-4.7923284,-3.6874835,-2.6248202,-1.4055008,0.0,-2.28425e-08,1.142125e-08,2.28425e-08,0.0,0.0,5.710625e-09,0.0,0.0,1.142125e-08,1.142125e-08,0.0,1.142125e-08,03-01-05-02-01-02-04.wav
515,/Users/upendrasuryajonnalagadda/mindseye/Audio_Speech_Actors_01-24/Actor_04/03-01-06-02-01-01-04.wav,3,1,fearful,6,2,1,1,4,female,03-01-06-02-01-01-04.wav,-416.50098,6.6681943,-17.3809,0.767832,-5.946579,-3.814862,-6.422159,-17.368046,-6.747866,1.1414889,-2.3264804,-0.10881132,9.668005,-0.019941442,-0.014275966,0.007154128,0.008269579,-0.0024162068,0.0019447046,0.019606944,0.023753805,0.007776597,-0.005091151,-0.00095820427,0.004852867,-0.0025744382,03-01-06-02-01-01-04.wav
516,/Users/upendrasuryajonnalagadda/mindseye/Audio_Speech_Actors_01-24/Actor_04/03-01-06-01-02-01-04.wav,3,1,fearful,6,1,2,1,4,female,03-01-06-01-02-01-04.wav,-554.54443,27.38366,-13.845182,0.972135,-5.3332324,-9.02961,-7.556149,-16.879862,-8.84716,-3.0903883,-8.034658,-6.3768415,-7.830512,-0.012601115,-0.016084163,-0.011373189,-0.0049993643,0.0013943227,0.0063972217,0.009241968,0.009914042,0.008956986,0.007104848,0.0049379477,0.002715184,0.00042818705,03-01-06-01-02-01-04.wav
517,/Users/upendrasuryajonnalagadda/mindseye/Audio_Speech_Actors_01-24/Actor_04/03-01-05-01-02-02-04.wav,3,1,angry,5,1,2,2,4,female,03-01-05-01-02-02-04.wav,-572.8906,34.44174,-12.106582,2.0249743,-11.63511,-7.98282,-8.429833,-15.815235,-8.44146,-3.9047265,-3.7777076,-7.9589796,-4.949235,0.0033201608,0.004783891,0.0050190515,0.0053126886,0.0055414047,0.005573083,0.005296885,0.0046467516,0.0036152431,0.0022546283,0.00066596677,-0.001020242,-0.002666349,03-01-05-01-02-02-04.wav
518,/Users/upendrasuryajonnalagadda/mindseye/Audio_Speech_Actors_01-24/Actor_04/03-01-08-01-01-02-04.wav,3,1,surprised,8,1,1,2,4,female,03-01-08-01-01-02-04.wav,-584.3528,34.6282,-13.153768,0.9661785,-9.562156,-10.736145,-6.4449954,-16.658525,-8.532529,-5.1483226,-7.0458345,-8.758818,-7.1568646,0.0021423763,0.002951569,0.002725482,0.0023725033,0.001919402,0.0013911724,0.00081029866,0.00020011266,-0.00041007996,-0.0009844569,-0.0014860696,-0.0018853612,-0.0021664302,03-01-08-01-01-02-04.wav
519,/Users/upendrasuryajonnalagadda/mindseye/Audio_Speech_Actors_01-24/Actor_04/03-01-08-02-02-02-04.wav,3,1,surprised,8,2,2,2,4,female,03-01-08-02-02-02-04.wav,-485.34558,24.697906,-14.503859,-5.96371,-13.36788,-11.233029,-11.204813,-20.215559,-6.724523,-7.657445,-9.250828,-7.140695,-4.010658,1.994613e-07,0.0,2.4932662e-08,-1.2466331e-08,6.2331655e-09,-2.4932662e-08,0.0,0.0,-3.1165828e-09,0.0,6.2331655e-09,0.0,0.0,03-01-08-02-02-02-04.wav
520,/Users/upendrasuryajonnalagadda/mindseye/Audio_Speech_Actors_01-24/Actor_04/03-01-02-01-02-02-04.wav,3,1,calm,2,1,2,2,4,female,03-01-02-01-02-02-04.wav,-657.9029,54.73062,-12.274719,-0.35324383,-7.7728305,-5.127917,-12.276025,-20.516783,-8.849318,-4.2577004,-5.9824424,-8.259951,-6.7506413,0.4531369,0.35580093,-0.050188806,-0.08231277,0.039041568,0.010725164,-0.082144685,-0.0653047,0.03771134,0.063279994,-0.017590089,-0.061559584,-0.02270801,03-01-02-01-02-02-04.wav
521,/Users/upendrasuryajonnalagadda/mindseye/Audio_Speech_Actors_01-24/Actor_04/03-01-01-01-02-01-04.wav,3,1,neutral,1,1,2,1,4,female,03-01-01-01-02-01-04.wav,-719.3511,46.50712,-6.7230554,2.0493104,-5.955283,-4.5575995,-9.712335,-14.664018,-8.840659,-6.0597134,-5.4943438,-9.315281,-5.9593353,0.0983601,0.12019345,0.084032804,0.05980786,0.046261836,0.026784822,0.00064170785,-0.019053616,-0.028403621,-0.035900325,-0.04222451,-0.038350336,-0.02559239,03-01-01-01-02-01-04.wav
522,/Users/upendrasuryajonnalagadda/mindseye/Audio_Speech_Actors_01-24/Actor_04/03-01-02-02-01-02-04.wav,3,1,calm,2,2,1,2,4,female,03-01-02-02-01-02-04.wav,-638.6897,60.61547,-18.470163,3.4609892,-6.000628,-6.1871963,-14.307843,-21.161999,-9.90306,-3.9606235,-5.140092,-9.956864,-2.9783974,0.58000386,0.28466484,-0.112434864,-0.11203687,0.034561403,0.05112562,-0.040323436,-0.05373047,-0.020102909,0.01325177,0.0017356084,-0.0067760656,0.0088063795,03-01-02-02-01-02-04.wav
523,/Users/upendrasuryajonnalagadda/mindseye/Audio_Speech_Actors_01-24/Actor_04/03-01-03-01-01-01-04.wav,3,1,happy,3,1,1,1,4,female,03-01-03-01-01-01-04.wav,-650.4511,46.445557,-16.175936,6.3346853,-7.7138896,-8.613978,-7.7165422,-14.304403,-8.1412525,-4.4529977,-7.792504,-8.840263,-6.3597956,0.0396009,0.052749887,0.043748163,0.031112557,0.017746452,0.006377498,-0.0014499805,-0.0057953084,-0.007794336,-0.008568012,-0.008491473,-0.0074634743,-0.0058517708,03-01-03-01-01-01-04.wav
524,/Users/upendrasuryajonnalagadda/mindseye/Audio_Speech_Actors_01-24/Actor_04/03-01-03-02-02-01-04.wav,3,1,happy,3,2,2,1,4,female,03-01-03-02-02-01-04.wav,-520.53156,23.30079,-18.062801,1.0941865,-9.181804,-11.704225,-7.67495,-15.642747,-7.8233547,-5.098839,-7.404884,-6.0623636,-6.794501,0.0,-1.2226594e-08,1.8339891e-08,1.2226594e-08,-1.8339891e-08,-1.2226594e-08,-2.4453188e-08,0.0,0.0,1.2226594e-08,0.0,-6.113297e-09,6.113297e-09,03-01-03-02-02-01-04.wav
525,/Users/upendrasuryajonnalagadda/mindseye/Audio_Speech_Actors_01-24/Actor_04/03-01-01-01-01-02-04.wav,3,1,neutral,1,1,1,2,4,female,03-01-01-01-01-02-04.wav,-699.05884,43.971985,-7.463786,6.14891,-8.039637,-7.6064873,-8.504781,-14.781916,-10.882157,-5.3247323,-4.3787713,-8.113154,-5.3629065,0.034715626,0.044988606,0.03425969,0.020672916,0.009446654,0.004323097,0.0025722426,-0.001473048,-0.008800206,-0.01619147,-0.02048056,-0.021176351,-0.020375997,03-01-01-01-01-02-04.wav
526,/Users/upendrasuryajonnalagadda/mindseye/Audio_Speech_Actors_01-24/Actor_04/03-01-02-01-01-01-04.wav,3,1,calm,2,1,1,1,4,female,03-01-02-01-01-01-04.wav,-660.3489,51.6299,-10.654974,3.7262268,-10.333006,-7.455693,-9.549083,-14.666876,-10.906919,-4.8282495,-4.0853143,-9.065867,-4.6358156,0.04930152,0.06156791,0.043815922,0.029997198,0.020486169,0.00014171368,-0.029308965,-0.04487276,-0.041442733,-0.034986194,-0.02923146,-0.018288543,-0.006432568,03-01-02-01-01-01-04.wav
527,/Users/upendrasuryajonnalagadda/mindseye/Audio_Speech_Actors_01-24/Actor_04/03-01-02-02-02-01-04.wav,3,1,calm,2,2,2,1,4,female,03-01-02-02-02-01-04.wav,-613.9884,55.380436,-14.584273,4.475887,-9.213382,-4.576474,-12.888386,-19.76373,-5.66795,-3.938137,-4.870846,-8.4960785,-3.067795,0.026957814,0.034003608,0.023282876,0.0108010825,0.0026214414,0.0013065571,0.0031420894,0.002226946,-0.0021414815,-0.0041973763,0.0009067698,0.010115478,0.015138847,03-01-02-02-02-01-04.wav
528,/Users/upendrasuryajonnalagadda/mindseye/Audio_Speech_Actors_01-24/Actor_04/03-01-03-01-02-02-04.wav,3,1,happy,3,1,2,2,4,female,03-01-03-01-02-02-04.wav,-607.9138,43.23118,-15.182759,5.7042065,-3.8453712,-9.988029,-5.7680507,-14.328465,-5.538021,-3.9313366,-5.839097,-5.6219506,-4.76296,0.021009816,0.028699478,0.025843909,0.021627644,0.016669393,0.011553694,0.0067326333,0.0025198509,-0.0008651298,-0.0032709877,-0.0046475176,-0.005113096,-0.0049905586,03-01-03-01-02-02-04.wav
529,/Users/upendrasuryajonnalagadda/mindseye/Audio_Speech_Actors_01-24/Actor_04/03-01-03-02-01-02-04.wav,3,1,happy,3,2,1,2,4,female,03-01-03-02-01-02-04.wav,-499.70184,21.139517,-21.555294,2.1008766,-8.45818,-10.92014,-2.0158954,-13.438692,-4.9641995,-3.4350839,-6.676212,-6.928919,-6.1735225,1.9816609e-07,0.0,0.0,1.2385381e-08,2.4770761e-08,1.2385381e-08,0.0,-2.4770761e-08,0.0,-1.5481726e-09,1.2385381e-08,0.0,-1.2385381e-08,03-01-03-02-01-02-04.wav
530,/Users/upendrasuryajonnalagadda/mindseye/Audio_Speech_Actors_01-24/Actor_04/03-01-04-02-01-02-04.wav,3,1,sad,4,2,1,2,4,female,03-01-04-02-01-02-04.wav,-499.68155,17.458511,-14.90823,-2.7058265,-10.538855,-10.712952,-4.0934663,-12.201355,-7.9325395,-0.6316342,-1.8222833,0.68342423,1.6654308,-0.011001493,0.019245364,0.065823965,0.046351403,-0.010113903,-0.019115062,0.020298403,0.029562185,-0.017655531,-0.056387182,-0.038072307,-0.0016357328,-0.0027272042,03-01-04-02-01-02-04.wav
531,/Users/upendrasuryajonnalagadda/mindseye/Audio_Speech_Actors_01-24/Actor_04/03-01-07-02-01-01-04.wav,3,1,disgust,7,2,1,1,4,female,03-01-07-02-01-01-04.wav,-502.9451,24.970226,-7.889403,3.6815531,-6.554233,-5.8474984,-4.6020026,-12.381574,-7.8906016,-4.564123,-3.7703195,-5.502883,-3.9235165,0.00023690813,0.00033042335,0.00031772238,0.00029700357,0.00026872667,0.00023368053,0.00019265738,0.00014678868,9.712043e-05,4.5043194e-05,-8.205544e-06,-6.123361e-05,-0.00011273202,03-01-07-02-01-01-04.wav
532,/Users/upendrasuryajonnalagadda/mindseye/Audio_Speech_Actors_01-24/Actor_04/03-01-07-01-02-01-04.wav,3,1,disgust,7,1,2,1,4,female,03-01-07-01-02-01-04.wav,-587.2258,33.320942,-9.141921,-2.2073765,-3.9124014,-9.170167,-7.773768,-13.806401,-7.909743,-3.772444,-5.993184,-6.661029,-4.3904324,-0.0024371,-0.0032343953,-0.0026293795,-0.0017196094,-0.0006358726,0.0004710332,0.0014546635,0.0021959317,0.0026209368,0.0027092074,0.0024931035,0.0020470356,0.001470601,03-01-07-01-02-01-04.wav
533,/Users/upendrasuryajonnalagadda/mindseye/Audio_Speech_Actors_01-24/Actor_04/03-01-04-01-02-02-04.wav,3,1,sad,4,1,2,2,4,female,03-01-04-01-02-02-04.wav,-601.31134,20.895056,-9.512455,-2.490804,-8.214501,-15.522899,-6.5326576,-18.267887,-9.641227,-5.123626,-8.326988,-6.1638255,-6.9624543,0.004640096,0.0063616307,0.0057762656,0.0048509724,0.0036557515,0.0022779845,0.00081445056,-0.00063842774,-0.0019916408,-0.0031703822,-0.0041178004,-0.0047964207,-0.0051878486,03-01-04-01-02-02-04.wav
534,/Users/upendrasuryajonnalagadda/mindseye/Audio_Speech_Actors_01-24/Actor_04/03-01-06-02-02-02-04.wav,3,1,fearful,6,2,2,2,4,female,03-01-06-02-02-02-04.wav,-438.20703,15.033668,-17.468126,-8.893363,-11.907525,-10.659395,-8.692335,-14.220006,-7.606932,-5.5634675,-6.3371773,-4.7888594,0.55118877,0.0009048264,0.0012792302,0.001277874,0.0012754961,0.0012722758,0.0012680896,0.0012630116,0.0012570418,0.0012500874,0.0012423032,0.0012336087,0.001224041,0.0012136311,03-01-06-02-02-02-04.wav
535,/Users/upendrasuryajonnalagadda/mindseye/Audio_Speech_Actors_01-24/Actor_04/03-01-05-02-02-01-04.wav,3,1,angry,5,2,2,1,4,female,03-01-05-02-02-01-04.wav,-399.0657,11.352523,-17.753008,0.094037056,-13.359732,-11.505839,-7.0176506,-19.160471,-3.7646542,-4.9437814,-3.1658785,-7.6607866,-5.3175836,-0.001184845,-0.001666373,-0.0016389608,-0.0015964747,-0.0015430928,-0.0014841318,-0.0014250934,-0.0013710499,-0.0013262152,-0.0012930393,-0.0012723565,-0.0012628793,-0.0012616485,03-01-05-02-02-01-04.wav
536,/Users/upendrasuryajonnalagadda/mindseye/Audio_Speech_Actors_01-24/Actor_04/03-01-05-01-01-01-04.wav,3,1,angry,5,1,1,1,4,female,03-01-05-01-01-01-04.wav,-554.8937,34.205566,-10.455088,3.291901,-9.409958,-7.5281434,-7.36387,-13.51105,-8.225047,-5.0386534,-4.2980013,-8.199027,-3.7463443,0.0003097534,0.0004213333,0.00037219524,0.000294888,0.00019590855,8.34465e-05,-3.3447148e-05,-0.00014560223,-0.00024473667,-0.00032410622,-0.0003788799,-0.0004068613,-0.00040825008,03-01-05-01-01-01-04.wav
537,/Users/upendrasuryajonnalagadda/mindseye/Audio_Speech_Actors_01-24/Actor_04/03-01-06-01-01-02-04.wav,3,1,fearful,6,1,1,2,4,female,03-01-06-01-01-02-04.wav,-540.16656,26.451569,-19.33491,3.4997504,-9.038829,-9.210032,-5.81895,-14.695152,-9.383957,-3.6379137,-8.011439,-6.721807,-6.1835475,0.0073545184,0.009984098,0.008770398,0.0068684444,0.0044472287,0.0017197609,-0.0010773812,-0.003706537,-0.005951241,-0.0076357364,-0.008640316,-0.008910401,-0.008459214,03-01-06-01-01-02-04.wav
538,/Users/upendrasuryajonnalagadda/mindseye/Audio_Speech_Actors_01-24/Actor_04/03-01-08-01-02-01-04.wav,3,1,surprised,8,1,2,1,4,female,03-01-08-01-02-01-04.wav,-560.31885,36.45198,-8.997946,-2.892304,-9.292503,-12.401764,-9.327457,-17.534668,-8.068563,-5.4065266,-8.555841,-8.800331,-6.7815037,0.0032968703,0.004599699,0.0044136047,0.0041068373,0.003685189,0.0031571237,0.002534757,0.0018336059,0.0010730597,0.0002756058,-0.0005337053,-0.0013286384,-0.0020829157,03-01-08-01-02-01-04.wav
539,/Users/upendrasuryajonnalagadda/mindseye/Audio_Speech_Actors_01-24/Actor_04/03-01-08-02-01-01-04.wav,3,1,surprised,8,2,1,1,4,female,03-01-08-02-01-01-04.wav,-487.135,26.173935,-20.055986,-3.0713713,-13.245498,-11.544784,-5.0240664,-18.547415,-7.6098404,-2.2313178,-6.4483123,-3.9942243,-0.81132615,-0.007981402,-0.009504858,-0.0052992143,-0.00090984127,0.0024060183,0.0048430054,0.0066596936,0.0071280617,0.005402595,0.0021050712,-0.0007141611,-0.0014833055,-0.00060987775,03-01-08-02-01-01-04.wav
540,/Users/upendrasuryajonnalagadda/mindseye/Audio_Speech_Actors_01-24/Actor_03/03-01-04-02-02-02-03.wav,3,1,sad,4,2,2,2,3,male,03-01-04-02-02-02-03.wav,-471.6132,56.512657,-6.448634,8.021735,3.909885,0.78775084,-10.7165165,-10.060941,-12.068987,-11.433295,-2.5220733,-6.6461515,-5.86166,0.02507534,0.18776807,0.2438606,0.10438653,0.0807505,0.083786726,0.07054707,0.08077824,0.12002871,0.09989891,0.026368558,0.04793883,0.054810565,03-01-04-02-02-02-03.wav
541,/Users/upendrasuryajonnalagadda/mindseye/Audio_Speech_Actors_01-24/Actor_03/03-01-07-02-02-01-03.wav,3,1,disgust,7,2,2,1,3,male,03-01-07-02-02-01-03.wav,-498.98886,66.9362,-0.67501545,5.629608,-5.4688005,-6.4138412,-13.545594,-1.0937096,-7.636962,-11.604571,-3.2730515,-4.9393687,-7.277763,-0.19291228,0.37675425,0.27191144,0.0096206665,-0.024298415,0.017147444,0.027496545,0.019832209,0.05533161,0.05139067,0.03351184,-0.021748818,0.05799112,03-01-07-02-02-01-03.wav
542,/Users/upendrasuryajonnalagadda/mindseye/Audio_Speech_Actors_01-24/Actor_03/03-01-07-01-01-01-03.wav,3,1,disgust,7,1,1,1,3,male,03-01-07-01-01-01-03.wav,-536.8378,62.423958,-10.484186,9.94076,1.1762114,-5.7606134,-8.437291,-7.849988,-6.6615925,-0.8201095,0.06757188,-8.02755,-4.887729,-1.0541561,-0.14772612,0.55937177,-0.03524195,0.08536347,0.09516306,-0.004810059,-0.07979319,-0.1035224,-0.1065495,-0.08787036,-0.08185973,0.073351696,03-01-07-01-01-01-03.wav
543,/Users/upendrasuryajonnalagadda/mindseye/Audio_Speech_Actors_01-24/Actor_03/03-01-04-01-01-02-03.wav,3,1,sad,4,1,1,2,3,male,03-01-04-01-01-02-03.wav,-658.1883,73.13754,1.8630131,9.963762,8.041508,-0.51804155,-9.756904,-4.770103,-1.4486389,-6.017495,-1.4269167,-3.7584546,-3.4489346,0.46037906,0.44351217,0.15979226,0.10496288,0.116222516,0.099774554,0.052122787,0.033857316,0.049315818,0.0336114,0.006474608,0.025051812,0.054669566,03-01-04-01-01-02-03.wav
544,/Users/upendrasuryajonnalagadda/mindseye/Audio_Speech_Actors_01-24/Actor_03/03-01-06-02-01-02-03.wav,3,1,fearful,6,2,1,2,3,male,03-01-06-02-01-02-03.wav,-331.31696,49.681034,-23.181204,2.6234183,-4.455309,-0.58448935,-15.657839,-19.87083,-10.283837,-15.896378,0.9493603,-11.00864,-9.310279,-0.35930854,-0.3208961,-0.20950831,-0.14560153,-0.13021654,-0.1711927,-0.090010636,0.23207855,0.08329829,0.0024459998,0.18622033,0.15203427,0.019771824,03-01-06-02-01-02-03.wav
545,/Users/upendrasuryajonnalagadda/mindseye/Audio_Speech_Actors_01-24/Actor_03/03-01-05-02-01-01-03.wav,3,1,angry,5,2,1,1,3,male,03-01-05-02-01-01-03.wav,-335.92026,41.721554,-17.881405,9.845035,-11.201361,-2.876,-5.547161,-15.9960785,-4.744018,-7.3046436,-6.899954,-2.0706594,-4.988758,-0.02143635,0.02380616,0.11194067,0.12575006,0.049760967,0.00876751,0.035881907,0.10914208,0.08329846,-0.010747026,0.030289864,0.038906112,0.0056154225,03-01-05-02-01-01-03.wav
546,/Users/upendrasuryajonnalagadda/mindseye/Audio_Speech_Actors_01-24/Actor_03/03-01-05-01-02-01-03.wav,3,1,angry,5,1,2,1,3,male,03-01-05-01-02-01-03.wav,-525.7731,59.91976,-10.032407,13.193439,2.3252273,-3.652269,-11.94493,-15.479843,-7.177888,-6.706893,-6.7427316,-3.7050781,-1.4483484,0.41071412,0.29438865,0.0019902019,0.12781994,0.002072916,0.0048350473,-0.0036906032,-0.16126136,-0.046376653,0.043844294,-0.050143376,-0.03016195,0.024129739,03-01-05-01-02-01-03.wav
547,/Users/upendrasuryajonnalagadda/mindseye/Audio_Speech_Actors_01-24/Actor_03/03-01-06-01-02-02-03.wav,3,1,fearful,6,1,2,2,3,male,03-01-06-01-02-02-03.wav,-545.6987,61.054985,-11.624247,9.925201,3.9340086,-2.1470597,-15.215509,-14.115215,-6.5354223,-8.810174,1.4834558,-4.856945,-5.5262237,0.13480234,0.27860206,0.21062937,0.119235426,0.15449929,0.101857506,0.012899758,-0.07485858,-0.041374277,0.0010150411,0.0056198025,0.03714491,-0.027387798,03-01-06-01-02-02-03.wav
548,/Users/upendrasuryajonnalagadda/mindseye/Audio_Speech_Actors_01-24/Actor_03/03-01-08-01-01-01-03.wav,3,1,surprised,8,1,1,1,3,male,03-01-08-01-01-01-03.wav,-561.82446,57.360504,-15.214551,1.201025,-5.8383393,-3.551318,-14.903945,-14.010784,-6.61552,-10.389125,-1.1721426,-5.2350507,-4.0035267,0.5458516,0.40976694,-0.06880387,-0.1439323,-0.043477997,0.009952582,-0.025108038,-0.065176375,-0.067626365,-0.0074374606,0.00048092497,-0.014027116,0.022947475,03-01-08-01-01-01-03.wav
549,/Users/upendrasuryajonnalagadda/mindseye/Audio_Speech_Actors_01-24/Actor_03/03-01-08-02-02-01-03.wav,3,1,surprised,8,2,2,1,3,male,03-01-08-02-02-01-03.wav,-456.46182,47.07684,-12.145889,-4.6914663,-7.6568055,-1.122072,-16.796541,-11.8151455,-2.8555117,-11.926404,-0.5786515,-2.0695555,-6.227223,0.42951572,0.3818387,-0.03078284,-0.20190087,-0.082263514,0.043147534,0.012193465,-0.06151389,-0.050096676,0.010597368,0.036021795,0.0189036,-0.008743754,03-01-08-02-02-01-03.wav
550,/Users/upendrasuryajonnalagadda/mindseye/Audio_Speech_Actors_01-24/Actor_03/03-01-01-01-02-02-03.wav,3,1,neutral,1,1,2,2,3,male,03-01-01-01-02-02-03.wav,-615.3663,55.919556,3.1575997,11.845133,6.6712923,1.0603591,-15.418916,-7.8669305,-5.699743,-8.891807,-2.1577637,-2.9280405,-3.7435486,-0.10129619,-0.011390279,0.09926257,-0.005080897,-0.05362147,0.036867436,0.11773509,0.11427493,0.037451643,0.031021792,0.0956016,0.028550504,-0.07588902,03-01-01-01-02-02-03.wav
551,/Users/upendrasuryajonnalagadda/mindseye/Audio_Speech_Actors_01-24/Actor_03/03-01-02-01-02-01-03.wav,3,1,calm,2,1,2,1,3,male,03-01-02-01-02-01-03.wav,-634.46436,71.501274,-1.036452,9.681608,11.8833475,-1.9640005,-20.343641,1.6000546,-3.325276,-8.641359,6.285799,-7.7494793,-2.6065228,0.34655818,0.2913541,0.06675699,0.05147518,0.053291023,0.01360857,-0.0010116762,0.027643956,0.014650058,0.017159462,0.035110634,0.010339358,-0.03352073,03-01-02-01-02-01-03.wav
552,/Users/upendrasuryajonnalagadda/mindseye/Audio_Speech_Actors_01-24/Actor_03/03-01-02-02-01-01-03.wav,3,1,calm,2,2,1,1,3,male,03-01-02-02-01-01-03.wav,-550.4463,80.50827,-15.831251,4.9351,-0.59913266,-4.680715,-19.925549,-5.39538,-4.2145963,-11.457953,13.990682,-5.919239,-3.9411292,-0.106024206,0.069020666,0.20144421,0.01900873,0.1778983,0.22925644,0.18059006,0.052527566,-0.049746003,0.005376772,-0.088692404,-0.08365868,-0.08994804,03-01-02-02-01-01-03.wav
553,/Users/upendrasuryajonnalagadda/mindseye/Audio_Speech_Actors_01-24/Actor_03/03-01-03-01-01-02-03.wav,3,1,happy,3,1,1,2,3,male,03-01-03-01-01-02-03.wav,-518.686,60.042294,-13.127339,-1.508281,-3.8239796,-0.08243052,-13.794615,-11.445926,-9.528759,-11.950621,2.020476,-9.762902,-5.4783645,-1.3141593,-0.19301444,0.3122121,0.2022648,0.15944114,0.040154535,0.04388572,0.049043175,0.17766757,0.047159698,-0.08841087,0.09648833,-0.13786705,03-01-03-01-01-02-03.wav
554,/Users/upendrasuryajonnalagadda/mindseye/Audio_Speech_Actors_01-24/Actor_03/03-01-03-02-02-02-03.wav,3,1,happy,3,2,2,2,3,male,03-01-03-02-02-02-03.wav,-398.99393,46.39181,-11.255848,-5.967058,-3.2799873,1.2209752,-15.306035,-9.98651,-9.57162,-12.807641,2.0816507,-10.402266,-5.597724,-0.39267004,-0.06855595,0.2537242,0.065029375,0.035970367,0.051968586,0.0069696815,0.056138545,0.096486785,-0.0065844893,0.062441293,0.11001381,-0.064636804,03-01-03-02-02-02-03.wav
555,/Users/upendrasuryajonnalagadda/mindseye/Audio_Speech_Actors_01-24/Actor_03/03-01-02-01-01-02-03.wav,3,1,calm,2,1,1,2,3,male,03-01-02-01-01-02-03.wav,-630.1148,62.421486,0.31677735,10.669068,5.108355,-2.5885098,-12.761922,-5.075875,-1.966805,-6.291314,3.333067,-5.872121,-4.084897,0.186252,0.18986166,0.05840645,0.0035664577,0.029533902,0.052757688,0.036807872,0.01011629,-0.00035576493,-0.0031383883,-0.015998758,-0.02967839,-0.024327265,03-01-02-01-01-02-03.wav
556,/Users/upendrasuryajonnalagadda/mindseye/Audio_Speech_Actors_01-24/Actor_03/03-01-01-01-01-01-03.wav,3,1,neutral,1,1,1,1,3,male,03-01-01-01-01-01-03.wav,-614.73914,56.70819,-2.685534,10.650176,4.240807,-2.472097,-12.03572,-6.6545086,-3.1527145,-8.526167,-1.9532491,-2.6058385,-4.994535,0.07856679,0.105047494,0.08901512,0.068152085,0.04784501,0.031792607,0.021606771,0.017038146,0.016207464,0.016418368,0.015861038,0.014893953,0.015256414,03-01-01-01-01-01-03.wav
557,/Users/upendrasuryajonnalagadda/mindseye/Audio_Speech_Actors_01-24/Actor_03/03-01-02-02-02-02-03.wav,3,1,calm,2,2,2,2,3,male,03-01-02-02-02-02-03.wav,-528.44055,59.35176,-2.7180865,5.5292487,4.7113247,1.0055418,-16.69993,-6.22279,-0.6704865,-8.199927,10.962123,-8.585979,-2.997124,-0.71924764,-0.1877941,0.30993918,0.048202597,0.07284225,-0.015686743,0.018132005,0.10759857,0.105778046,-0.004042223,-0.02684575,0.10282276,-0.029645456,03-01-02-02-02-02-03.wav
558,/Users/upendrasuryajonnalagadda/mindseye/Audio_Speech_Actors_01-24/Actor_03/03-01-03-01-02-01-03.wav,3,1,happy,3,1,2,1,3,male,03-01-03-01-02-01-03.wav,-530.7912,47.391296,-6.545993,5.0635896,1.6119102,-1.8960193,-18.546787,-9.952934,-7.9847608,-12.89289,-1.8152341,-10.483725,-5.5571337,-0.055071697,-0.038921658,0.0028004425,-0.0019235926,-0.0011120095,0.009411528,0.017145347,0.02403786,0.016700858,0.013496526,0.023079095,0.011944929,-0.0046182154,03-01-03-01-02-01-03.wav
559,/Users/upendrasuryajonnalagadda/mindseye/Audio_Speech_Actors_01-24/Actor_03/03-01-03-02-01-01-03.wav,3,1,happy,3,2,1,1,3,male,03-01-03-02-01-01-03.wav,-431.03326,46.68249,-10.095125,-4.1877775,-8.119684,-1.1614602,-15.675408,-9.910149,-7.7577496,-13.338644,3.8568273,-9.011377,-6.5471973,0.008157546,0.00961072,0.005998632,0.0047519645,0.0072397366,0.010611309,0.011019594,0.007956872,0.004811328,0.005034108,0.0082574915,0.010735717,0.009582612,03-01-03-02-01-01-03.wav
560,/Users/upendrasuryajonnalagadda/mindseye/Audio_Speech_Actors_01-24/Actor_03/03-01-07-02-01-02-03.wav,3,1,disgust,7,2,1,2,3,male,03-01-07-02-01-02-03.wav,-515.93225,70.211266,-2.8552854,12.239088,-2.8794909,-5.545544,-10.55145,-2.7195656,-3.7161672,-5.4002805,2.3537357,-5.192398,-3.354845,-0.21710205,0.5724924,-0.092140265,-0.052905604,-0.13219352,0.071077615,-0.026113898,-0.09196166,-0.053908434,0.07687149,-0.032316,-0.071152404,0.0942209,03-01-07-02-01-02-03.wav
561,/Users/upendrasuryajonnalagadda/mindseye/Audio_Speech_Actors_01-24/Actor_03/03-01-04-02-01-01-03.wav,3,1,sad,4,2,1,1,3,male,03-01-04-02-01-01-03.wav,-521.34845,60.819168,-14.170773,-1.8657665,-1.6061896,-7.071462,-17.54004,-16.655193,-16.623266,-19.606728,-4.827207,-8.681573,-10.234792,0.0012356811,0.0013982387,0.0004059259,-0.0010763004,-0.0028316192,-0.0046283393,-0.0062699346,-0.0076362635,-0.008704847,-0.009548164,-0.010307195,-0.011148886,-0.012217176,03-01-04-02-01-01-03.wav
562,/Users/upendrasuryajonnalagadda/mindseye/Audio_Speech_Actors_01-24/Actor_03/03-01-04-01-02-01-03.wav,3,1,sad,4,1,2,1,3,male,03-01-04-01-02-01-03.wav,-594.85376,63.04407,-4.5436053,12.328486,5.895279,-2.075439,-13.32998,-8.391463,-4.76549,-8.371958,1.4007168,-4.7609396,-4.1459184,0.71808314,0.47230303,-0.04775622,0.045099482,0.052215256,0.044353567,-0.0006489692,-0.05591575,0.015867691,0.031107605,0.019736495,0.035788685,0.04623195,03-01-04-01-02-01-03.wav
563,/Users/upendrasuryajonnalagadda/mindseye/Audio_Speech_Actors_01-24/Actor_03/03-01-07-01-02-02-03.wav,3,1,disgust,7,1,2,2,3,male,03-01-07-01-02-02-03.wav,-507.78033,56.570194,-13.515379,8.34539,2.7710454,-6.1402392,-14.338822,-9.694249,-8.123479,-4.292723,1.5646621,-8.088813,-4.73569,1.0676165,0.590173,-0.19823584,-0.08842997,-0.08092029,-0.036102153,-0.059818655,-0.06584309,-0.0744069,0.037467476,0.029767523,-0.050980434,0.035068825,03-01-07-01-02-02-03.wav
564,/Users/upendrasuryajonnalagadda/mindseye/Audio_Speech_Actors_01-24/Actor_03/03-01-05-02-02-02-03.wav,3,1,angry,5,2,2,2,3,male,03-01-05-02-02-02-03.wav,-320.8727,41.644875,-13.084024,7.565796,-11.779684,-3.2854252,-5.001979,-13.224338,-9.751685,-5.742704,-3.948636,-3.2108226,-7.1931233,0.17980069,0.18278065,0.06465094,0.015972177,0.014964359,0.0060983086,-0.025619753,-0.06043974,-0.053618975,-0.010739268,0.0143299345,0.016108057,0.012317107,03-01-05-02-02-02-03.wav
565,/Users/upendrasuryajonnalagadda/mindseye/Audio_Speech_Actors_01-24/Actor_03/03-01-06-02-02-01-03.wav,3,1,fearful,6,2,2,1,3,male,03-01-06-02-02-01-03.wav,-390.57605,49.59278,-8.15285,7.9915113,1.7418259,5.7361073,-9.831394,-15.284448,-9.608901,-12.327661,1.6742678,-6.4549704,-10.241028,0.62028533,0.4901562,-0.12873134,-0.13226527,-0.1373132,0.100779586,-0.027686246,-0.06449517,0.058978833,-0.01250235,0.08773069,0.050068524,0.105568625,03-01-06-02-02-01-03.wav
566,/Users/upendrasuryajonnalagadda/mindseye/Audio_Speech_Actors_01-24/Actor_03/03-01-06-01-01-01-03.wav,3,1,fearful,6,1,1,1,3,male,03-01-06-01-01-01-03.wav,-576.8372,63.454533,-1.403622,11.388002,5.1191263,0.27204782,-12.445898,-15.958229,-1.3604248,-5.623588,-3.5474262,-5.9285493,-6.2242274,0.64599544,0.14146195,-0.16575515,0.014110996,-0.072334215,0.05530769,-0.028344989,-0.023273854,0.07570245,0.014427185,-0.03117986,0.040404107,0.02660635,03-01-06-01-01-01-03.wav
567,/Users/upendrasuryajonnalagadda/mindseye/Audio_Speech_Actors_01-24/Actor_03/03-01-05-01-01-02-03.wav,3,1,angry,5,1,1,2,3,male,03-01-05-01-01-02-03.wav,-508.97195,56.834633,-9.604199,13.843972,3.9395897,-3.5818381,-7.659627,-12.343734,-6.4251113,-7.641144,-8.225974,-4.226521,-3.6741266,0.13585906,0.13561364,0.08612451,0.08537419,0.038883686,-0.0009325011,-0.010463357,-0.029504502,-0.020556634,0.004910751,-0.006220335,-0.017770568,0.0059058,03-01-05-01-01-02-03.wav
568,/Users/upendrasuryajonnalagadda/mindseye/Audio_Speech_Actors_01-24/Actor_03/03-01-08-01-02-02-03.wav,3,1,surprised,8,1,2,2,3,male,03-01-08-01-02-02-03.wav,-530.7704,58.19291,-16.139074,7.618868,-1.1422868,-5.5189967,-11.781253,-8.105711,-3.0653458,-8.982016,2.6885688,-1.9511259,-5.460927,0.053679824,0.07324123,0.065865,0.0554277,0.04392476,0.033103015,0.024147665,0.017605757,0.013400164,0.010920134,0.009266585,0.0076119127,0.0054697744,03-01-08-01-02-02-03.wav
569,/Users/upendrasuryajonnalagadda/mindseye/Audio_Speech_Actors_01-24/Actor_03/03-01-08-02-01-02-03.wav,3,1,surprised,8,2,1,2,3,male,03-01-08-02-01-02-03.wav,-455.10663,43.15225,-9.550727,6.9142346,-2.3663487,-7.2898326,-7.5033226,-9.242959,-0.062824346,-8.669099,-1.7624551,0.59651715,-7.2920046,0.05873636,0.053691912,0.0009129842,-0.017804008,0.0015432896,0.012845578,-0.00952297,-0.0368844,-0.0311178,0.0025444888,0.02652279,0.021668447,0.005596014,03-01-08-02-01-02-03.wav
570,/Users/upendrasuryajonnalagadda/mindseye/Audio_Speech_Actors_01-24/Actor_03/03-01-03-02-02-01-03.wav,3,1,happy,3,2,2,1,3,male,03-01-03-02-02-01-03.wav,-349.295,41.83825,-5.317305,-3.2578373,-10.04233,-0.33228263,-12.243982,-14.550334,-11.553352,-17.775644,-3.0740623,-5.846981,-10.3643875,-0.039524868,-0.04663103,-0.025895743,-0.0079103075,-0.0005595138,0.0005448304,0.0049399585,0.015728317,0.026264511,0.02798221,0.019931484,0.009496838,0.0043294257,03-01-03-02-02-01-03.wav
571,/Users/upendrasuryajonnalagadda/mindseye/Audio_Speech_Actors_01-24/Actor_03/03-01-03-01-01-01-03.wav,3,1,happy,3,1,1,1,3,male,03-01-03-01-01-01-03.wav,-541.2651,62.418716,-10.422654,4.5837445,3.3849285,-0.81949997,-14.047444,-11.290459,-9.4122925,-9.156745,3.8089862,-7.4751067,-5.142444,-0.27415982,-0.22880886,0.045197375,0.1313039,0.029718867,-0.043670315,0.012838832,0.0988206,0.09234596,0.014103053,-0.01854934,0.025406731,0.06328451,03-01-03-01-01-01-03.wav
572,/Users/upendrasuryajonnalagadda/mindseye/Audio_Speech_Actors_01-24/Actor_03/03-01-02-02-01-02-03.wav,3,1,calm,2,2,1,2,3,male,03-01-02-02-01-02-03.wav,-522.8183,59.35227,-11.230974,7.0521793,5.5283375,-3.4559422,-13.628192,-10.241684,-4.705466,-7.292178,4.888458,-5.3081107,-2.8448331,-0.47920406,-0.16772562,0.18450059,0.047352504,0.016280258,-0.09596754,0.0666298,0.19412218,0.055062637,-0.0046640774,-0.01668846,0.036693525,-0.0011625318,03-01-02-02-01-02-03.wav
573,/Users/upendrasuryajonnalagadda/mindseye/Audio_Speech_Actors_01-24/Actor_03/03-01-02-01-02-02-03.wav,3,1,calm,2,1,2,2,3,male,03-01-02-01-02-02-03.wav,-550.0109,54.878986,-0.94665164,4.623076,5.761267,0.06480836,-16.534637,-4.1678014,-2.9913292,-9.533561,5.800439,-7.0580487,-5.0088296,0.12130258,0.15278266,0.11020898,0.07303956,0.05873117,0.05586684,0.042349838,0.021067414,0.017073426,0.034678195,0.046622455,0.035364296,0.016571704,03-01-02-01-02-02-03.wav
574,/Users/upendrasuryajonnalagadda/mindseye/Audio_Speech_Actors_01-24/Actor_03/03-01-01-01-02-01-03.wav,3,1,neutral,1,1,2,1,3,male,03-01-01-01-02-01-03.wav,-626.6999,59.548996,-0.16429684,12.612996,6.0182805,-0.54245687,-13.246388,-6.055283,-4.3443394,-8.161105,-0.008030822,-4.153292,-4.0673237,0.22360128,0.26158512,0.16025092,0.09222066,0.05945145,0.042235367,0.037468385,0.032881036,0.009391355,-0.016891921,-0.022045394,-0.012838793,0.0033839522,03-01-01-01-02-01-03.wav
575,/Users/upendrasuryajonnalagadda/mindseye/Audio_Speech_Actors_01-24/Actor_03/03-01-06-01-02-01-03.wav,3,1,fearful,6,1,2,1,3,male,03-01-06-01-02-01-03.wav,-525.81226,53.228985,-3.8095832,8.827339,1.3522005,-3.20281,-14.516859,-14.410171,-7.5156903,-9.818508,-2.8892102,-5.807409,-8.432908,0.36474386,0.095888756,-0.110898785,0.038656827,0.07519024,0.12756737,0.04872087,-0.03417165,0.019745314,0.0155445505,-0.0041046804,0.01648865,-0.004278559,03-01-06-01-02-01-03.wav
576,/Users/upendrasuryajonnalagadda/mindseye/Audio_Speech_Actors_01-24/Actor_03/03-01-05-01-02-02-03.wav,3,1,angry,5,1,2,2,3,male,03-01-05-01-02-02-03.wav,-484.61078,58.158073,-10.684373,6.499303,0.95555186,-4.4078264,-14.160774,-13.474799,-8.97241,-8.471829,-6.402417,-4.492767,-3.196228,0.6685462,0.5714052,0.10456973,-0.010830845,0.08225452,0.09892326,-0.02233287,-0.006351422,0.06589555,0.08394308,0.08982771,0.05437125,0.010618971,03-01-05-01-02-02-03.wav
577,/Users/upendrasuryajonnalagadda/mindseye/Audio_Speech_Actors_01-24/Actor_03/03-01-05-02-01-02-03.wav,3,1,angry,5,2,1,2,3,male,03-01-05-02-01-02-03.wav,-326.9845,40.236984,-12.970549,9.1982155,-4.684686,-3.7151306,-7.13816,-15.065137,-5.889697,-5.4472237,-6.7736535,-4.2028136,-4.3710537,0.0402718,0.047615774,0.048100945,0.061998077,0.047587063,0.028486924,0.038608328,0.052576892,0.028413396,-0.0024614308,0.0060240193,0.03145455,0.019713892,03-01-05-02-01-02-03.wav
578,/Users/upendrasuryajonnalagadda/mindseye/Audio_Speech_Actors_01-24/Actor_03/03-01-06-02-01-01-03.wav,3,1,fearful,6,2,1,1,3,male,03-01-06-02-01-01-03.wav,-371.45804,67.373146,-11.296154,13.83433,7.6265545,3.1329565,-6.3981986,-3.4004323,-7.1137066,-8.399636,9.624341,-7.2394676,-6.4261904,0.7859241,0.4457474,-0.10733277,0.10025295,0.16001673,0.08454314,-0.04352462,0.002920299,0.005302829,-0.038718898,0.0939077,-0.07473894,-0.18851092,03-01-06-02-01-01-03.wav
579,/Users/upendrasuryajonnalagadda/mindseye/Audio_Speech_Actors_01-24/Actor_03/03-01-04-01-01-01-03.wav,3,1,sad,4,1,1,1,3,male,03-01-04-01-01-01-03.wav,-657.15753,75.1743,-2.790306,9.624565,7.000044,1.4276267,-10.512824,-5.8087816,-4.077668,-7.4131093,0.9154127,-5.3146653,-3.8694634,0.8644319,0.5707865,-0.06364499,-0.04279518,0.025638947,0.080557026,0.014131705,-0.0534572,-0.04681119,-0.012781094,0.016909868,0.00606495,0.013595324,03-01-04-01-01-01-03.wav
580,/Users/upendrasuryajonnalagadda/mindseye/Audio_Speech_Actors_01-24/Actor_03/03-01-07-01-01-02-03.wav,3,1,disgust,7,1,1,2,3,male,03-01-07-01-01-02-03.wav,-579.4808,64.067055,-4.155061,10.677527,5.5743966,-5.3882747,-8.055248,-10.407084,-8.094343,-3.382186,-0.6511298,-6.7938533,-4.5110946,0.16528125,0.24986555,0.17510563,0.070676185,0.06390822,0.027673177,-0.0196318,-0.036490437,-0.041300073,-0.007977716,0.014712736,0.0004441239,-0.019261308,03-01-07-01-01-02-03.wav
581,/Users/upendrasuryajonnalagadda/mindseye/Audio_Speech_Actors_01-24/Actor_03/03-01-07-02-02-02-03.wav,3,1,disgust,7,2,2,2,3,male,03-01-07-02-02-02-03.wav,-444.42468,50.141106,-11.495376,4.0819964,-10.351025,-3.414377,-15.020253,-8.296696,-10.111552,-8.503111,-5.314575,-3.4285803,-6.472903,-0.5943837,-0.21491706,-0.07209223,-0.070639126,0.057749152,-0.048317112,-0.09650295,-0.1807148,-0.13030422,-0.07954566,0.037981775,-0.05771322,0.08678565,03-01-07-02-02-02-03.wav
582,/Users/upendrasuryajonnalagadda/mindseye/Audio_Speech_Actors_01-24/Actor_03/03-01-04-02-02-01-03.wav,3,1,sad,4,2,2,1,3,male,03-01-04-02-02-01-03.wav,-423.65936,52.213753,-10.568296,7.0564404,5.606815,-0.7459918,-12.402915,-15.223504,-13.148039,-11.943203,-2.7154238,-9.729539,-4.7718105,3.4248137,0.27145636,-0.3713373,0.14903481,0.11727913,-0.019400889,-0.05174502,-0.08625613,-0.12375912,-0.058294818,-0.017485797,-0.060721092,0.007310117,03-01-04-02-02-01-03.wav
583,/Users/upendrasuryajonnalagadda/mindseye/Audio_Speech_Actors_01-24/Actor_03/03-01-08-02-02-02-03.wav,3,1,surprised,8,2,2,2,3,male,03-01-08-02-02-02-03.wav,-541.56464,52.28913,-8.51623,2.478904,-2.971822,-5.0376043,-10.758559,-8.645349,-5.314709,-9.242915,-1.7049892,-4.4756618,-6.3672557,0.06424517,0.12780783,0.094476804,-0.0029617038,-0.02165718,0.012713119,0.027245576,0.018429354,-0.01130615,-0.029546227,0.021593994,0.056263883,0.016013963,03-01-08-02-02-02-03.wav
584,/Users/upendrasuryajonnalagadda/mindseye/Audio_Speech_Actors_01-24/Actor_03/03-01-08-01-01-02-03.wav,3,1,surprised,8,1,1,2,3,male,03-01-08-01-01-02-03.wav,-554.6222,51.87159,-5.901474,8.644476,4.35828,-2.0441952,-7.865849,-5.8762217,-0.3067374,-5.575982,0.5368902,-2.1821887,-5.5451803,0.17695972,0.1989049,0.095092274,0.030859124,0.039157424,0.07381243,0.079704836,0.053230364,0.02840664,0.027765954,0.042462036,0.050645895,0.04264385,03-01-08-01-01-02-03.wav
585,/Users/upendrasuryajonnalagadda/mindseye/Audio_Speech_Actors_01-24/Actor_03/03-01-05-01-01-01-03.wav,3,1,angry,5,1,1,1,3,male,03-01-05-01-01-01-03.wav,-612.0989,66.77941,3.215476,18.244734,6.5251684,-1.514119,-6.8244085,-11.262509,-6.1204023,-4.453385,-5.1576056,-4.032478,-2.544785,0.40920913,0.25001353,0.11438246,0.09622955,0.01176435,0.022586083,0.02136794,0.010498962,0.03820577,0.09658744,0.011368272,-0.05698549,-0.0139943175,03-01-05-01-01-01-03.wav
586,/Users/upendrasuryajonnalagadda/mindseye/Audio_Speech_Actors_01-24/Actor_03/03-01-06-01-01-02-03.wav,3,1,fearful,6,1,1,2,3,male,03-01-06-01-01-02-03.wav,-516.7293,64.92369,-7.3013797,10.047473,3.8955545,-5.6322036,-16.671911,-15.7434435,-4.9659605,-9.504448,-6.9772606,-7.265792,-9.426713,0.25856313,0.32000342,0.17061709,0.073796384,0.09165399,0.019568708,-0.0930649,-0.10608889,-0.059448104,-0.017344475,-0.042869348,-0.07608874,-0.054168798,03-01-06-01-01-02-03.wav
587,/Users/upendrasuryajonnalagadda/mindseye/Audio_Speech_Actors_01-24/Actor_03/03-01-06-02-02-02-03.wav,3,1,fearful,6,2,2,2,3,male,03-01-06-02-02-02-03.wav,-343.35638,53.41621,-25.460745,-4.0460134,-8.754489,-1.0529757,-21.27887,-14.935613,-13.343116,-19.336655,7.7319107,-6.493441,-10.40618,-0.63990366,-0.4858042,0.028609205,0.3842271,0.47024792,0.12685387,0.22032532,0.02610172,-0.050614685,0.20876956,0.08316577,0.020180209,0.16887309,03-01-06-02-02-02-03.wav
588,/Users/upendrasuryajonnalagadda/mindseye/Audio_Speech_Actors_01-24/Actor_03/03-01-05-02-02-01-03.wav,3,1,angry,5,2,2,1,3,male,03-01-05-02-02-01-03.wav,-349.29453,46.76302,-13.230844,6.2799573,-9.562723,-3.980129,-5.7187233,-15.92957,-8.441671,-5.8392353,-5.9205823,-2.7696197,-5.5665135,-0.19213867,-0.15112936,-0.016807806,-0.013904467,0.0036345934,0.026424376,0.05015906,0.08870576,0.023105204,-0.051097587,-0.014910601,-0.019559976,-0.05062493,03-01-05-02-02-01-03.wav
589,/Users/upendrasuryajonnalagadda/mindseye/Audio_Speech_Actors_01-24/Actor_03/03-01-07-01-02-01-03.wav,3,1,disgust,7,1,2,1,3,male,03-01-07-01-02-01-03.wav,-583.87317,50.527573,1.728025,13.597336,3.6458344,-3.8875225,-14.064738,-6.664171,-3.9679613,-2.5091279,-1.2038915,-9.75927,-4.32798,-0.898297,-0.3319073,0.31529504,0.04418664,0.1573161,0.27141735,0.24235511,0.100664824,0.020200338,-0.070347905,-0.033684205,0.099710174,0.07659462,03-01-07-01-02-01-03.wav
590,/Users/upendrasuryajonnalagadda/mindseye/Audio_Speech_Actors_01-24/Actor_03/03-01-04-01-02-02-03.wav,3,1,sad,4,1,2,2,3,male,03-01-04-01-02-02-03.wav,-606.0394,68.29272,2.3053534,13.427635,6.5910497,2.4684186,-15.653624,-6.7549834,-2.7994199,-8.68813,2.2280295,-2.6438475,-3.8785222,0.31770614,0.3551139,0.17474622,0.09180767,0.083978586,0.05768538,0.031423133,0.010338552,-0.0066562477,0.0025475072,0.031470604,0.04364572,0.03652171,03-01-04-01-02-02-03.wav
591,/Users/upendrasuryajonnalagadda/mindseye/Audio_Speech_Actors_01-24/Actor_03/03-01-04-02-01-02-03.wav,3,1,sad,4,2,1,2,3,male,03-01-04-02-01-02-03.wav,-475.92267,50.104103,-8.678971,5.3611736,-0.9363532,-3.215335,-14.808564,-14.4621725,-10.164003,-13.612405,-2.9581935,-10.306524,-10.030118,0.40699786,-0.14981095,-0.2422735,-0.09889835,-0.074815735,-0.06472551,0.022235755,-0.0023326874,0.032467835,0.0884919,0.051392585,0.03188592,0.048593927,03-01-04-02-01-02-03.wav
592,/Users/upendrasuryajonnalagadda/mindseye/Audio_Speech_Actors_01-24/Actor_03/03-01-07-02-01-01-03.wav,3,1,disgust,7,2,1,1,3,male,03-01-07-02-01-01-03.wav,-547.9046,67.89125,-7.307589,15.0856,4.713899,-9.615207,-11.615056,-5.792936,-3.9315417,-5.1159854,-1.0172251,-7.1979456,-5.300787,0.7049826,0.3860072,-0.1798273,-0.12433562,-0.08229953,-0.056995746,-0.111916944,-0.13705565,-0.044009704,0.00325301,0.028763982,-0.023826694,-0.05302234,03-01-07-02-01-01-03.wav
593,/Users/upendrasuryajonnalagadda/mindseye/Audio_Speech_Actors_01-24/Actor_03/03-01-08-02-01-01-03.wav,3,1,surprised,8,2,1,1,3,male,03-01-08-02-01-01-03.wav,-502.45056,58.196262,-14.18188,4.549209,-5.6254115,-9.735067,-9.498043,-12.199599,-5.074536,-12.91986,-3.202497,-0.47623193,-7.788298,0.7005087,0.5444514,-0.016814455,-0.09447277,-0.05893101,-0.067541055,-0.1299648,-0.15966614,-0.10264547,-0.08443993,-0.08660485,-0.01568099,0.06590309,03-01-08-02-01-01-03.wav
594,/Users/upendrasuryajonnalagadda/mindseye/Audio_Speech_Actors_01-24/Actor_03/03-01-08-01-02-01-03.wav,3,1,surprised,8,1,2,1,3,male,03-01-08-01-02-01-03.wav,-585.61774,54.735394,-7.5529485,6.39077,-3.836562,0.27960464,-11.890846,-10.357372,-5.632744,-9.938418,0.20334299,-1.2503791,-6.9644136,0.061552405,0.083217375,0.07287842,0.058790013,0.043978903,0.030902676,0.021183236,0.015324813,0.012479907,0.010847064,0.008653469,0.0049348916,-0.00039294147,03-01-08-01-02-01-03.wav
595,/Users/upendrasuryajonnalagadda/mindseye/Audio_Speech_Actors_01-24/Actor_03/03-01-03-02-01-02-03.wav,3,1,happy,3,2,1,2,3,male,03-01-03-02-01-02-03.wav,-396.15756,44.288467,-16.906322,-3.5465307,-12.570479,-1.2056885,-13.956591,-12.861632,-11.221938,-15.224036,3.2297616,-10.0211935,-6.9288206,-0.42651352,-0.23442177,0.15420318,0.1422273,0.009430383,-0.06538532,-0.08212442,0.07470931,0.18557753,0.087566115,-0.0095887035,0.009721867,-0.008600336,03-01-03-02-01-02-03.wav
596,/Users/upendrasuryajonnalagadda/mindseye/Audio_Speech_Actors_01-24/Actor_03/03-01-03-01-02-02-03.wav,3,1,happy,3,1,2,2,3,male,03-01-03-01-02-02-03.wav,-558.9614,52.89056,-3.8151052,2.379026,-1.7449114,3.4234202,-16.881487,-9.580489,-6.4145308,-11.025261,1.7924423,-8.781247,-4.270979,0.014455631,0.020584384,0.020718746,0.020307705,0.019169403,0.017679792,0.016338171,0.0151960105,0.01380436,0.01175139,0.009194033,0.00678478,0.0050706957,03-01-03-01-02-02-03.wav
597,/Users/upendrasuryajonnalagadda/mindseye/Audio_Speech_Actors_01-24/Actor_03/03-01-02-02-02-01-03.wav,3,1,calm,2,2,2,1,3,male,03-01-02-02-02-01-03.wav,-526.09064,61.79622,-3.5992322,7.174367,7.3661304,0.037976142,-14.940065,-3.08332,-2.7865028,-8.1439705,11.95095,-5.818412,-1.8384887,-0.2716963,-0.040514216,0.31370038,0.1955934,0.075421125,0.053042002,0.085364185,0.18986933,0.10458648,-0.03971053,0.044720117,0.08021511,-0.0104522575,03-01-02-02-02-01-03.wav
598,/Users/upendrasuryajonnalagadda/mindseye/Audio_Speech_Actors_01-24/Actor_03/03-01-01-01-01-02-03.wav,3,1,neutral,1,1,1,2,3,male,03-01-01-01-01-02-03.wav,-618.5003,67.16306,5.2897525,16.971664,10.753808,1.6424099,-7.73416,-3.596293,0.75317985,-4.4280972,0.44024658,0.39507508,-0.50945926,0.113604814,0.13447338,0.07263843,0.011097889,-0.023301307,-0.02888992,-0.022861708,-0.02323879,-0.035020176,-0.049177535,-0.053303503,-0.044175435,-0.03060044,03-01-01-01-01-02-03.wav
599,/Users/upendrasuryajonnalagadda/mindseye/Audio_Speech_Actors_01-24/Actor_03/03-01-02-01-01-01-03.wav,3,1,calm,2,1,1,1,3,male,03-01-02-01-01-01-03.wav,-635.1229,63.97642,6.700347,11.79303,7.1260514,0.1235039,-11.55465,-3.8118794,-1.6332912,-6.4070325,3.9669476,-5.095542,-2.7082245,0.16402996,0.19223416,0.11676915,0.07454364,0.06642963,0.058506634,0.049045656,0.041948933,0.030777724,0.015007651,0.007646044,0.01321852,0.010724733,03-01-02-01-01-01-03.wav
600,/Users/upendrasuryajonnalagadda/mindseye/Audio_Speech_Actors_01-24/Actor_02/03-01-06-01-02-02-02.wav,3,1,fearful,6,1,2,2,2,female,03-01-06-01-02-02-02.wav,-570.0003,29.231855,-28.57205,-1.171939,-8.968902,-10.66074,-13.617955,-19.157396,-4.766867,-3.6555245,-10.312673,-5.831186,-4.9526553,0.014302319,0.0044714413,-0.012493324,0.0009920767,0.016766258,0.0029547436,-0.014414408,-0.0036735772,0.011890009,0.0019985104,-0.012580836,-0.0037369728,0.009813961,03-01-06-01-02-02-02.wav
601,/Users/upendrasuryajonnalagadda/mindseye/Audio_Speech_Actors_01-24/Actor_02/03-01-05-01-02-01-02.wav,3,1,angry,5,1,2,1,2,female,03-01-05-01-02-01-02.wav,-573.29675,45.841038,-9.815438,4.2864203,-8.331691,-3.4894345,-5.228768,-11.024238,-5.6289387,-1.9968009,-5.772927,-2.414227,-7.066335,0.02889322,0.04098307,0.041085787,0.040507287,0.038493454,0.034564715,0.02878304,0.021803511,0.014689556,0.008566441,0.004252931,0.0020163872,0.0015387506,03-01-05-01-02-01-02.wav
602,/Users/upendrasuryajonnalagadda/mindseye/Audio_Speech_Actors_01-24/Actor_02/03-01-05-02-01-01-02.wav,3,1,angry,5,2,1,1,2,female,03-01-05-02-01-01-02.wav,-443.42944,29.981758,-23.440504,3.0224888,-14.731199,-7.9682097,-2.6709795,-13.843132,-2.4567146,-4.553097,-3.8110073,-3.1909873,-7.0461497,-0.002432919,-0.0034029807,-0.0032919708,-0.0031097063,-0.0028601426,-0.002548816,-0.0021825372,-0.0017694327,-0.0013184407,-0.00083953387,-0.00034315488,0.0001598787,0.0006585897,03-01-05-02-01-01-02.wav
603,/Users/upendrasuryajonnalagadda/mindseye/Audio_Speech_Actors_01-24/Actor_02/03-01-06-02-01-02-02.wav,3,1,fearful,6,2,1,2,2,female,03-01-06-02-01-02-02.wav,-494.52975,18.056477,-30.07168,-0.7237615,-13.800604,-13.927187,-7.8496547,-15.514229,-8.308817,-4.5681543,-10.636232,-3.09217,-4.921131,3.2266995e-05,4.2131753e-05,3.275294e-05,1.885481e-05,2.235364e-06,-1.4390156e-05,-2.869527e-05,-3.8620772e-05,-4.265415e-05,-4.0430932e-05,-3.2415814e-05,-1.9936046e-05,-5.0174203e-06,03-01-06-02-01-02-02.wav
604,/Users/upendrasuryajonnalagadda/mindseye/Audio_Speech_Actors_01-24/Actor_02/03-01-04-01-01-02-02.wav,3,1,sad,4,1,1,2,2,female,03-01-04-01-01-02-02.wav,-668.7458,55.410492,-9.870234,8.890352,-5.384463,-3.2466254,-4.714209,-9.191695,-6.5311093,-1.5827595,-5.251599,-3.7161434,-5.4978647,0.020194586,0.026191477,0.020165345,0.012801411,0.005922247,7.832416e-05,-0.0048704892,-0.008921559,-0.011784946,-0.0132228285,-0.013240799,-0.012017391,-0.009877141,03-01-04-01-01-02-02.wav
605,/Users/upendrasuryajonnalagadda/mindseye/Audio_Speech_Actors_01-24/Actor_02/03-01-07-01-01-01-02.wav,3,1,disgust,7,1,1,1,2,female,03-01-07-01-01-01-02.wav,-632.8413,51.21267,-12.331495,6.8383837,-8.293319,0.9601437,-9.003005,-12.055547,-3.9691167,-1.251287,-5.335915,-1.2540848,-5.6199727,0.4167369,0.27728137,-0.06884775,-0.018141476,0.08252692,0.05770478,-0.033594877,-0.07829837,-0.007667314,0.053293083,0.018007975,0.01648633,0.010397365,03-01-07-01-01-01-02.wav
606,/Users/upendrasuryajonnalagadda/mindseye/Audio_Speech_Actors_01-24/Actor_02/03-01-07-02-02-01-02.wav,3,1,disgust,7,2,2,1,2,female,03-01-07-02-02-01-02.wav,-549.81213,47.06897,-15.313465,-0.7237251,-11.3307085,-5.24344,-13.0134945,-15.76116,-5.324898,-2.7369673,-11.184812,-0.12918532,-9.21057,-0.003313715,-0.0046320404,-0.0044758306,-0.0042423955,-0.003966662,-0.0036889114,-0.0034472956,-0.0032708934,-0.0031754267,-0.003159738,-0.0032069918,-0.0032872926,-0.0033638463,03-01-07-02-02-01-02.wav
607,/Users/upendrasuryajonnalagadda/mindseye/Audio_Speech_Actors_01-24/Actor_02/03-01-04-02-02-02-02.wav,3,1,sad,4,2,2,2,2,female,03-01-04-02-02-02-02.wav,-660.486,44.381096,-6.904634,5.1159205,-5.344925,-7.172714,-12.497758,-13.778645,-8.88734,-2.739391,-9.832708,-3.8711176,-8.513406,0.005531551,0.007808565,0.0075152474,0.0066194353,0.0052083335,0.0034860095,0.0013796969,-0.0011561771,-0.0037514549,-0.0059107835,-0.0074627954,-0.008440688,-0.00876861,03-01-04-02-02-02-02.wav
608,/Users/upendrasuryajonnalagadda/mindseye/Audio_Speech_Actors_01-24/Actor_02/03-01-08-02-02-01-02.wav,3,1,surprised,8,2,2,1,2,female,03-01-08-02-02-01-02.wav,-536.0383,31.846027,-15.307126,-0.40857482,-11.525757,-12.0309725,-4.7934747,-11.9168005,-7.2935114,-5.8916774,-5.7092533,-1.6230545,-5.2399797,0.00092273025,0.0012941301,0.0012614328,0.0012087141,0.001138616,0.001054515,0.00096031156,0.0008604393,0.0007590418,0.0006603928,0.00056810555,0.0004851833,0.0004139065,03-01-08-02-02-01-02.wav
609,/Users/upendrasuryajonnalagadda/mindseye/Audio_Speech_Actors_01-24/Actor_02/03-01-08-01-01-01-02.wav,3,1,surprised,8,1,1,1,2,female,03-01-08-01-01-01-02.wav,-578.057,38.45091,-14.525625,10.058563,-7.2689314,-7.3384395,-3.0743463,-5.9540725,-3.0855608,-3.6333275,-4.09127,-4.7672715,-3.2583673,0.06463064,0.08457074,0.06746761,0.04794759,0.033216164,0.025829742,0.023586199,0.022772126,0.021649241,0.021296239,0.023519725,0.028101547,0.031999793,03-01-08-01-01-01-02.wav
610,/Users/upendrasuryajonnalagadda/mindseye/Audio_Speech_Actors_01-24/Actor_02/03-01-03-02-02-02-02.wav,3,1,happy,3,2,2,2,2,female,03-01-03-02-02-02-02.wav,-535.5788,36.26328,-22.62245,4.0168123,-8.62528,-12.712106,-9.14653,-14.396338,-6.273568,-5.957328,-10.965574,-1.8183457,-11.756156,0.00023262801,0.00032358684,0.00030714023,0.0002802546,0.00024390078,0.00019936933,0.00014800797,9.168979e-05,3.2287873e-05,-2.8233328e-05,-8.780656e-05,-0.00014438172,-0.00019606859,03-01-03-02-02-02-02.wav
611,/Users/upendrasuryajonnalagadda/mindseye/Audio_Speech_Actors_01-24/Actor_02/03-01-03-01-01-02-02.wav,3,1,happy,3,1,1,2,2,female,03-01-03-01-01-02-02.wav,-604.6987,45.07209,-17.890179,12.041527,-6.429033,-6.6027994,-4.548531,-12.551145,-3.5843365,-4.1316247,-6.3168316,-1.837649,-7.810061,0.034354784,0.047218226,0.043332435,0.0375293,0.030674528,0.02372551,0.017546514,0.012751984,0.009611284,0.008032298,0.0076237796,0.0078172805,0.008017516,03-01-03-01-01-02-02.wav
612,/Users/upendrasuryajonnalagadda/mindseye/Audio_Speech_Actors_01-24/Actor_02/03-01-02-02-01-01-02.wav,3,1,calm,2,2,1,1,2,female,03-01-02-02-01-01-02.wav,-644.26904,43.54719,-5.838417,7.798074,-6.138195,-5.0176806,-4.065014,-7.9815655,-6.299098,-2.2558682,-4.6757936,-6.6697474,-5.13491,-0.0007561199,-0.0010647906,-0.0010505122,-0.0010251839,-0.0009867173,-0.0009326881,-0.00086064043,-0.00076831784,-0.00065425254,-0.0005181407,-0.0003608139,-0.00018470381,6.3160946e-06,03-01-02-02-01-01-02.wav
613,/Users/upendrasuryajonnalagadda/mindseye/Audio_Speech_Actors_01-24/Actor_02/03-01-02-01-02-01-02.wav,3,1,calm,2,1,2,1,2,female,03-01-02-01-02-01-02.wav,-656.9886,45.86949,-5.477191,4.3142276,-4.462319,-3.5579822,-6.703659,-8.853257,-6.026569,-2.5972843,-6.3146353,-4.8533845,-7.0710216,-0.013453472,-0.015843173,-0.008243779,-0.00018868964,0.00532665,0.007355449,0.0068910667,0.005904301,0.0054520755,0.005094482,0.004226857,0.0026257355,-6.887712e-05,03-01-02-01-02-01-02.wav
614,/Users/upendrasuryajonnalagadda/mindseye/Audio_Speech_Actors_01-24/Actor_02/03-01-01-01-02-02-02.wav,3,1,neutral,1,1,2,2,2,female,03-01-01-01-02-02-02.wav,-638.03485,46.49924,-9.892578,4.896697,-6.4146495,-5.0707607,-6.2804704,-10.606287,-6.0774636,-3.2331312,-5.6609917,-3.273961,-8.5222,-0.018954936,-0.026248297,-0.024816219,-0.023012381,-0.021171551,-0.019302662,-0.017369967,-0.015675496,-0.014837925,-0.015268693,-0.016631922,-0.017913971,-0.01821785,03-01-01-01-02-02-02.wav
615,/Users/upendrasuryajonnalagadda/mindseye/Audio_Speech_Actors_01-24/Actor_02/03-01-03-02-01-01-02.wav,3,1,happy,3,2,1,1,2,female,03-01-03-02-01-01-02.wav,-485.5585,32.210358,-29.872738,6.866108,-11.342903,-14.860304,-6.8069296,-15.646825,-3.9503899,-7.934324,-9.38069,-2.2029274,-11.628489,1.9073487e-07,0.0,-2.3841858e-08,0.0,-1.7881394e-08,2.3841858e-08,0.0,0.0,0.0,0.0,-1.1920929e-08,2.9802323e-09,0.0,03-01-03-02-01-01-02.wav
616,/Users/upendrasuryajonnalagadda/mindseye/Audio_Speech_Actors_01-24/Actor_02/03-01-03-01-02-01-02.wav,3,1,happy,3,1,2,1,2,female,03-01-03-01-02-01-02.wav,-596.9097,42.28311,-20.867561,5.388656,-8.000669,-6.724699,-8.967098,-14.922028,-5.081355,-3.6502304,-8.352838,-2.4565265,-10.150616,-0.010662056,-0.01484624,-0.014170875,-0.013115655,-0.011773487,-0.010253766,-0.008666746,-0.00711035,-0.0056615723,-0.0043726377,-0.0032717932,-0.0023671864,-0.0016517757,03-01-03-01-02-01-02.wav
617,/Users/upendrasuryajonnalagadda/mindseye/Audio_Speech_Actors_01-24/Actor_02/03-01-02-02-02-02-02.wav,3,1,calm,2,2,2,2,2,female,03-01-02-02-02-02-02.wav,-657.25,47.33328,-4.9627705,3.1611538,-6.31841,-1.8223608,-7.8445582,-10.28582,-6.404777,-1.3007369,-6.015565,-8.7457285,-8.5443325,0.013513942,0.02144278,0.025477748,0.025999576,0.021227928,0.0134763345,0.0060504656,0.0010243001,-0.0014811694,-0.003140692,-0.0056477026,-0.008743534,-0.010907022,03-01-02-02-02-02-02.wav
618,/Users/upendrasuryajonnalagadda/mindseye/Audio_Speech_Actors_01-24/Actor_02/03-01-01-01-01-01-02.wav,3,1,neutral,1,1,1,1,2,female,03-01-01-01-01-01-02.wav,-650.7109,54.477303,-9.090126,8.411755,-4.3875356,-3.7657065,-5.3627515,-8.610381,-3.9715521,-0.89597356,-4.7214055,-1.9953885,-5.0567284,0.21890841,0.2729077,0.19363573,0.13004352,0.10811114,0.10632833,0.09404248,0.06813036,0.04689755,0.04070995,0.04102254,0.03543162,0.023130003,03-01-01-01-01-01-02.wav
619,/Users/upendrasuryajonnalagadda/mindseye/Audio_Speech_Actors_01-24/Actor_02/03-01-02-01-01-02-02.wav,3,1,calm,2,1,1,2,2,female,03-01-02-01-01-02-02.wav,-658.6478,47.966007,-8.495083,8.638967,-5.663686,-2.8697908,-4.674061,-9.24625,-3.0736217,-3.4952075,-3.9702728,-7.195894,-5.508158,0.011583096,0.015666675,0.01367322,0.0108005935,0.007577356,0.004510769,0.001967364,0.00011638685,-0.0010602929,-0.0017152191,-0.0020701734,-0.0023585854,-0.0027790014,03-01-02-01-01-02-02.wav
620,/Users/upendrasuryajonnalagadda/mindseye/Audio_Speech_Actors_01-24/Actor_02/03-01-05-01-01-02-02.wav,3,1,angry,5,1,1,2,2,female,03-01-05-01-01-02-02.wav,-532.0913,42.358128,-16.971235,7.453699,-8.148302,-4.6373696,-5.435113,-10.416671,-2.7042246,-0.8080573,-2.2053719,-1.9357876,-4.137694,0.019050071,0.023977555,0.015784018,0.0042674346,-0.007945486,-0.018168937,-0.024308067,-0.025321342,-0.021387843,-0.013755705,-0.0043426715,0.004781447,0.011881307,03-01-05-01-01-02-02.wav
621,/Users/upendrasuryajonnalagadda/mindseye/Audio_Speech_Actors_01-24/Actor_02/03-01-06-01-01-01-02.wav,3,1,fearful,6,1,1,1,2,female,03-01-06-01-01-01-02.wav,-568.15845,33.30165,-26.176714,4.782823,-12.257127,-9.782231,-8.575204,-15.386596,-6.1311216,-7.41416,-6.4468255,-5.3656745,-5.022464,0.0047846506,0.0067843786,0.0061664097,0.004174181,0.0015691527,-0.00033606312,-0.0015229905,-0.0028331173,-0.0041121705,-0.004274295,-0.0031908674,-0.0020610178,-0.0015813317,03-01-06-01-01-01-02.wav
622,/Users/upendrasuryajonnalagadda/mindseye/Audio_Speech_Actors_01-24/Actor_02/03-01-06-02-02-01-02.wav,3,1,fearful,6,2,2,1,2,female,03-01-06-02-02-01-02.wav,-492.15945,15.558997,-27.027588,-4.9528427,-11.933763,-12.674922,-8.616406,-13.488604,-6.962662,-5.696054,-10.570782,-4.4703984,-7.3906784,0.0,6.113297e-09,-2.4453188e-08,0.0,0.0,-2.4453188e-08,0.0,0.0,0.0,0.0,-6.113297e-09,-6.113297e-09,-6.113297e-09,03-01-06-02-02-01-02.wav
623,/Users/upendrasuryajonnalagadda/mindseye/Audio_Speech_Actors_01-24/Actor_02/03-01-05-02-02-02-02.wav,3,1,angry,5,2,2,2,2,female,03-01-05-02-02-02-02.wav,-416.28802,23.78608,-30.841583,-2.1526594,-19.170498,-11.236555,-3.3947017,-17.052801,-6.16667,-6.7994413,-8.149092,-4.606157,-11.811432,1.7640218e-07,4.4100545e-08,0.0,0.0,0.0,0.0,1.1025136e-08,0.0,1.1025136e-08,0.0,2.2050273e-08,-9.646994e-09,0.0,03-01-05-02-02-02-02.wav
624,/Users/upendrasuryajonnalagadda/mindseye/Audio_Speech_Actors_01-24/Actor_02/03-01-07-01-02-02-02.wav,3,1,disgust,7,1,2,2,2,female,03-01-07-01-02-02-02.wav,-629.4979,49.499107,-14.41869,5.444786,-7.956003,-5.201761,-9.801169,-15.274471,-4.044487,-0.23157308,-10.309918,-1.9046052,-9.48154,0.023197403,0.030932507,0.02596676,0.019488461,0.013127099,0.0077717793,0.0033663325,-0.0006464533,-0.004622678,-0.008302125,-0.010970955,-0.012040268,-0.011575813,03-01-07-01-02-02-02.wav
625,/Users/upendrasuryajonnalagadda/mindseye/Audio_Speech_Actors_01-24/Actor_02/03-01-04-01-02-01-02.wav,3,1,sad,4,1,2,1,2,female,03-01-04-01-02-01-02.wav,-655.2373,43.462273,-5.0028157,4.3878736,-4.9407687,-4.590479,-9.25633,-11.396569,-4.461121,-2.9189162,-6.4066687,-3.5330727,-6.676325,0.0027758675,0.003824554,0.0035320898,0.0030753538,0.002497251,0.0018524028,0.0012016475,0.0006060393,0.00012038805,-0.00021301885,-0.0003692852,-0.0003444001,-0.00015631966,03-01-04-01-02-01-02.wav
626,/Users/upendrasuryajonnalagadda/mindseye/Audio_Speech_Actors_01-24/Actor_02/03-01-04-02-01-01-02.wav,3,1,sad,4,2,1,1,2,female,03-01-04-02-01-01-02.wav,-660.48944,47.49846,-9.866229,6.0961437,-9.001065,-6.4437575,-10.155412,-13.963022,-9.411344,-3.980598,-7.930611,-2.4514315,-7.0683475,0.010111934,0.0135611305,0.011460891,0.00832878,0.0046338146,0.00088815513,-0.002447666,-0.0050367867,-0.006700196,-0.0074128453,-0.0072706174,-0.0064461217,-0.005147176,03-01-04-02-01-01-02.wav
627,/Users/upendrasuryajonnalagadda/mindseye/Audio_Speech_Actors_01-24/Actor_02/03-01-07-02-01-02-02.wav,3,1,disgust,7,2,1,2,2,female,03-01-07-02-01-02-02.wav,-574.17163,45.985577,-12.048971,5.8375087,-11.664725,-2.1122408,-5.376717,-11.543213,-5.6000924,0.08080066,-5.48741,-2.7520907,-6.636899,-0.011214272,-0.015634207,-0.014979848,-0.013953107,-0.012639265,-0.01113882,-0.009553014,-0.0079702465,-0.006456162,-0.0050487956,-0.0037592137,-0.0025774408,-0.00148193,03-01-07-02-01-02-02.wav
628,/Users/upendrasuryajonnalagadda/mindseye/Audio_Speech_Actors_01-24/Actor_02/03-01-08-02-01-02-02.wav,3,1,surprised,8,2,1,2,2,female,03-01-08-02-01-02-02.wav,-538.60986,35.79179,-22.749153,3.7383611,-11.058676,-8.571916,-3.436534,-8.093793,-5.611844,-3.854676,-5.85382,-2.7402108,-1.5029957,-0.018622275,-0.026416358,-0.02665411,-0.027033005,-0.027528564,-0.028110106,-0.028743353,-0.029393038,-0.030025704,-0.030611306,-0.031124044,-0.031542644,-0.03184977,03-01-08-02-01-02-02.wav
629,/Users/upendrasuryajonnalagadda/mindseye/Audio_Speech_Actors_01-24/Actor_02/03-01-08-01-02-02-02.wav,3,1,surprised,8,1,2,2,2,female,03-01-08-01-02-02-02.wav,-586.8292,39.775547,-17.666685,5.283215,-7.9178476,-10.404181,-7.9424667,-11.435494,-6.3265853,-4.952376,-7.996312,-4.6996894,-5.68084,-0.0012853285,-0.001744314,-0.001542484,-0.001269646,-0.0010037017,-0.0008244733,-0.00079231634,-0.0009322073,-0.0012257519,-0.0016137292,-0.0020072663,-0.0023063803,-0.002420014,03-01-08-01-02-02-02.wav
630,/Users/upendrasuryajonnalagadda/mindseye/Audio_Speech_Actors_01-24/Actor_02/03-01-01-01-02-01-02.wav,3,1,neutral,1,1,2,1,2,female,03-01-01-01-02-01-02.wav,-622.5787,51.31145,-10.439538,4.7658195,-4.8091683,-3.2195776,-5.7218094,-9.39364,-5.2450943,-1.9874331,-5.0378,-2.8686624,-6.420317,0.012750918,0.017641313,0.016524788,0.014842893,0.012811714,0.010621709,0.008378412,0.0061325002,0.0039846855,0.0021360433,0.00077637867,-0.00012703908,-0.00091780914,03-01-01-01-02-01-02.wav
631,/Users/upendrasuryajonnalagadda/mindseye/Audio_Speech_Actors_01-24/Actor_02/03-01-02-01-02-02-02.wav,3,1,calm,2,1,2,2,2,female,03-01-02-01-02-02-02.wav,-649.47095,48.736828,-11.061043,1.3402735,-6.321965,-5.146925,-7.923726,-11.958522,-6.557235,-4.027462,-7.2229714,-6.0610905,-9.744023,0.012299826,0.021240013,0.025631133,0.019830681,0.005551402,-0.005011747,-0.005082574,-0.00025892258,0.0006314433,-0.0041595395,-0.009862279,-0.011962076,-0.010003018,03-01-02-01-02-02-02.wav
632,/Users/upendrasuryajonnalagadda/mindseye/Audio_Speech_Actors_01-24/Actor_02/03-01-02-02-01-02-02.wav,3,1,calm,2,2,1,2,2,female,03-01-02-02-01-02-02.wav,-654.7285,46.224503,-8.82529,7.3819704,-7.8286033,-2.7550023,-5.1400166,-9.549978,-4.894292,-3.7259572,-2.7659786,-7.619688,-5.9758005,0.005111168,0.006645992,0.0050797737,0.0029979465,0.00095957174,-0.0005959478,-0.0014734049,-0.0017175126,-0.0015104776,-0.0010510944,-0.00049002416,5.80974e-05,0.00046364465,03-01-02-02-01-02-02.wav
633,/Users/upendrasuryajonnalagadda/mindseye/Audio_Speech_Actors_01-24/Actor_02/03-01-03-01-01-01-02.wav,3,1,happy,3,1,1,1,2,female,03-01-03-01-01-01-02.wav,-584.8095,43.18487,-21.301863,8.527552,-6.8743467,-6.1610537,-4.6324816,-12.898247,-4.476372,-3.3672578,-5.523036,-2.7173183,-8.498697,0.008452587,0.011748827,0.011143098,0.010165591,0.008862667,0.0072947037,0.005533316,0.003656534,0.001744521,-0.00012451869,-0.001878607,-0.003455217,-0.004803878,03-01-03-01-01-01-02.wav
634,/Users/upendrasuryajonnalagadda/mindseye/Audio_Speech_Actors_01-24/Actor_02/03-01-03-02-02-01-02.wav,3,1,happy,3,2,2,1,2,female,03-01-03-02-02-01-02.wav,-534.45734,38.031597,-22.947289,4.5904765,-6.45614,-11.968885,-11.765814,-14.9696865,-4.1226363,-3.6655285,-11.60772,-2.2014947,-10.770111,-0.015964126,-0.021300292,-0.0182266,-0.014471364,-0.010047371,-0.004585934,0.0011166453,0.0055489778,0.008261299,0.009969676,0.010890293,0.010263288,0.007897806,03-01-03-02-02-01-02.wav
635,/Users/upendrasuryajonnalagadda/mindseye/Audio_Speech_Actors_01-24/Actor_02/03-01-04-02-02-01-02.wav,3,1,sad,4,2,2,1,2,female,03-01-04-02-02-01-02.wav,-662.6597,43.95871,-6.3106313,4.213039,-6.3076406,-4.728421,-11.087014,-14.509219,-10.578534,-4.6570067,-8.425255,-3.9502358,-9.419881,-0.0141506195,-0.018660117,-0.014846062,-0.009242272,-0.0028061331,0.0034193515,0.008510714,0.011826312,0.013093734,0.012412047,0.010180866,0.0069831787,0.0034555674,03-01-04-02-02-01-02.wav
636,/Users/upendrasuryajonnalagadda/mindseye/Audio_Speech_Actors_01-24/Actor_02/03-01-07-02-02-02-02.wav,3,1,disgust,7,2,2,2,2,female,03-01-07-02-02-02-02.wav,-558.0113,46.11991,-15.717797,0.96815825,-10.4024515,-5.388002,-11.228688,-13.685904,-5.9222684,-0.8050866,-8.620477,0.92104954,-9.203617,0.008291135,0.01146801,0.010716504,0.00952035,0.007959273,0.0061352006,0.004163435,0.0021634377,0.00024940228,-0.001478165,-0.002940008,-0.004082017,-0.004877781,03-01-07-02-02-02-02.wav
637,/Users/upendrasuryajonnalagadda/mindseye/Audio_Speech_Actors_01-24/Actor_02/03-01-07-01-01-02-02.wav,3,1,disgust,7,1,1,2,2,female,03-01-07-01-01-02-02.wav,-644.4018,57.697067,-13.365279,9.040557,-9.70386,-0.13237758,-8.262967,-13.345395,-6.544706,0.045262624,-6.3503103,-2.7915792,-7.690271,0.20001008,0.22939582,0.06446216,0.016487218,0.06944697,0.04830698,-0.0055719544,-0.066775896,-0.019007009,0.04700574,0.02533007,-0.011205689,-0.0025122333,03-01-07-01-01-02-02.wav
638,/Users/upendrasuryajonnalagadda/mindseye/Audio_Speech_Actors_01-24/Actor_02/03-01-04-01-01-01-02.wav,3,1,sad,4,1,1,1,2,female,03-01-04-01-01-01-02.wav,-676.1185,52.612183,-9.784049,7.197896,-6.0254583,-4.5275683,-6.722465,-10.6761875,-6.112196,-3.997292,-4.9271154,-5.5118394,-4.9986033,0.08482361,0.097370975,0.056720402,0.03847795,0.04140884,0.037082948,0.01904834,0.007574231,0.011862651,0.015138213,0.004641626,-0.008042216,-0.010947044,03-01-04-01-01-01-02.wav
639,/Users/upendrasuryajonnalagadda/mindseye/Audio_Speech_Actors_01-24/Actor_02/03-01-06-02-01-01-02.wav,3,1,fearful,6,2,1,1,2,female,03-01-06-02-01-01-02.wav,-517.50433,20.993107,-31.983929,-0.500514,-15.073192,-12.852131,-8.589692,-15.689876,-6.7601185,-2.9079192,-10.193745,-5.264623,-6.4210153,0.0,3.4890522e-08,-2.3260348e-08,5.815087e-09,-2.3260348e-08,-1.1630174e-08,-5.815087e-09,-1.7445261e-08,0.0,2.3260348e-08,1.4537718e-09,0.0,1.4537719e-08,03-01-06-02-01-01-02.wav
640,/Users/upendrasuryajonnalagadda/mindseye/Audio_Speech_Actors_01-24/Actor_02/03-01-05-02-01-02-02.wav,3,1,angry,5,2,1,2,2,female,03-01-05-02-01-02-02.wav,-467.90463,33.208317,-24.262503,2.993979,-14.986861,-7.198016,0.19980639,-12.791636,-4.086005,-4.7434196,-3.6555762,-1.9970082,-8.259773,0.00013106683,0.00018460488,0.00018319367,0.00018114851,0.00017836466,0.00017486418,0.00017082346,0.00016621496,0.00016126467,0.00015604298,0.00015070324,0.0001453554,0.00014013586,03-01-05-02-01-02-02.wav
641,/Users/upendrasuryajonnalagadda/mindseye/Audio_Speech_Actors_01-24/Actor_02/03-01-05-01-02-02-02.wav,3,1,angry,5,1,2,2,2,female,03-01-05-01-02-02-02.wav,-562.36847,41.37459,-15.704152,3.7824314,-11.244979,-6.9277453,-5.2569118,-12.749825,-5.8923283,-2.6502147,-5.279857,-2.45454,-8.410737,0.004903468,0.006853057,0.0066123824,0.006219073,0.005684562,0.005023933,0.0042559053,0.003401419,0.0024833446,0.0015257742,0.0005528985,-0.00041123424,-0.0013433316,03-01-05-01-02-02-02.wav
642,/Users/upendrasuryajonnalagadda/mindseye/Audio_Speech_Actors_01-24/Actor_02/03-01-06-01-02-01-02.wav,3,1,fearful,6,1,2,1,2,female,03-01-06-01-02-01-02.wav,-566.02734,31.305124,-24.584507,2.3227859,-9.488271,-8.973363,-10.463872,-16.33096,-5.3060017,-3.561721,-9.028213,-3.659047,-6.8744125,0.015283933,-0.010526477,-0.010926601,0.018762397,-0.007184922,-0.010984145,0.0124393795,-0.00095904846,-0.01260683,0.007152593,0.0049244384,-0.014609969,0.005412372,03-01-06-01-02-01-02.wav
643,/Users/upendrasuryajonnalagadda/mindseye/Audio_Speech_Actors_01-24/Actor_02/03-01-08-01-01-02-02.wav,3,1,surprised,8,1,1,2,2,female,03-01-08-01-01-02-02.wav,-603.9681,40.32789,-17.770468,4.89106,-7.06115,-6.619169,-3.3937283,-7.9255204,-5.984702,-4.916089,-6.8119974,-3.1876774,-5.3296022,0.0014161752,0.001944997,0.001773186,0.0014959909,0.0011276794,0.00068858714,0.00020618064,-0.00028581402,-0.0007481918,-0.0011390923,-0.0014184192,-0.0015534981,-0.0015252493,03-01-08-01-01-02-02.wav
644,/Users/upendrasuryajonnalagadda/mindseye/Audio_Speech_Actors_01-24/Actor_02/03-01-08-02-02-02-02.wav,3,1,surprised,8,2,2,2,2,female,03-01-08-02-02-02-02.wav,-517.1415,34.13823,-20.868233,-4.628409,-12.921586,-10.614436,-8.854368,-13.673905,-6.969843,-5.766284,-8.782566,-5.2931848,-8.421561,0.00011797649,0.00016481121,0.00015649272,0.00014288833,0.00012453592,0.00010206641,7.6352095e-05,4.8241964e-05,1.8805993e-05,-1.0943994e-05,-4.00078e-05,-6.7344525e-05,-9.205283e-05,03-01-08-02-02-02-02.wav
645,/Users/upendrasuryajonnalagadda/mindseye/Audio_Speech_Actors_01-24/Actor_02/03-01-07-02-01-01-02.wav,3,1,disgust,7,2,1,1,2,female,03-01-07-02-01-01-02.wav,-575.2467,44.437412,-16.959576,4.7619786,-13.912287,-4.035464,-7.8188396,-14.425544,-6.4001293,-1.0881766,-8.5031395,-3.433012,-7.31481,0.00023220638,0.00032022147,0.0002972054,0.00026096046,0.00021460337,0.00016162382,0.00010590047,5.0829774e-05,-6.9794044e-07,-4.6863235e-05,-8.673974e-05,-0.00012036542,-0.00014845353,03-01-07-02-01-01-02.wav
646,/Users/upendrasuryajonnalagadda/mindseye/Audio_Speech_Actors_01-24/Actor_02/03-01-04-02-01-02-02.wav,3,1,sad,4,2,1,2,2,female,03-01-04-02-01-02-02.wav,-678.107,53.82852,-5.6136465,8.015999,-4.9451227,-4.4980345,-10.079592,-11.96143,-9.157069,-3.4231353,-6.89302,-3.242536,-6.7743273,0.04742544,0.063810855,0.055056673,0.043112725,0.03012312,0.017366584,0.0055836863,-0.0045230915,-0.012230657,-0.016938098,-0.018249061,-0.016262587,-0.01210689,03-01-04-02-01-02-02.wav
647,/Users/upendrasuryajonnalagadda/mindseye/Audio_Speech_Actors_01-24/Actor_02/03-01-04-01-02-02-02.wav,3,1,sad,4,1,2,2,2,female,03-01-04-01-02-02-02.wav,-677.3318,44.626945,-5.7730775,6.7751923,-3.2082846,-3.8464124,-7.036621,-9.984122,-5.6840854,-0.6310411,-6.12343,-3.478182,-6.1703653,0.002845811,0.003912241,0.0035825565,0.0030567544,0.002369578,0.0015673257,0.00070520706,-0.00015619196,-0.0009559444,-0.0016382897,-0.0021583699,-0.0024872748,-0.0026157005,03-01-04-01-02-02-02.wav
648,/Users/upendrasuryajonnalagadda/mindseye/Audio_Speech_Actors_01-24/Actor_02/03-01-07-01-02-01-02.wav,3,1,disgust,7,1,2,1,2,female,03-01-07-01-02-01-02.wav,-617.7082,51.448154,-8.872244,4.0578613,-5.377126,-2.726735,-8.020704,-13.039913,-5.7139177,-0.2933007,-8.882758,-1.9249988,-8.139462,-0.0056537925,-0.0076566227,-0.0067343567,-0.005483022,-0.0042359303,-0.003308279,-0.0029209503,-0.0031562622,-0.003947572,-0.005092701,-0.0062901047,-0.007195738,-0.0074994094,03-01-07-01-02-01-02.wav
649,/Users/upendrasuryajonnalagadda/mindseye/Audio_Speech_Actors_01-24/Actor_02/03-01-05-02-02-01-02.wav,3,1,angry,5,2,2,1,2,female,03-01-05-02-02-01-02.wav,-422.59006,25.627525,-30.711185,-4.462033,-18.37143,-12.682887,-4.151892,-18.2899,-7.312849,-7.3090878,-8.170981,-4.6276407,-11.359121,0.0,-1.6537705e-08,0.0,2.2050273e-08,1.1025136e-08,4.4100545e-08,-1.1025136e-08,0.0,-1.1025136e-08,-2.2050273e-08,2.2050273e-08,1.37814204e-08,0.0,03-01-05-02-02-01-02.wav
650,/Users/upendrasuryajonnalagadda/mindseye/Audio_Speech_Actors_01-24/Actor_02/03-01-06-02-02-02-02.wav,3,1,fearful,6,2,2,2,2,female,03-01-06-02-02-02-02.wav,-484.41245,20.069895,-26.202555,-3.4934545,-11.7355585,-10.517629,-11.534222,-16.212563,-5.5053864,-2.9321692,-10.344188,-3.262916,-5.5982776,0.00095328304,-0.0016070879,0.0030345428,0.002192485,-0.0013339581,0.0040769824,0.0027486729,0.0056898044,0.0044423984,0.0030675791,0.007632023,0.00452159,0.0039682756,03-01-06-02-02-02-02.wav
651,/Users/upendrasuryajonnalagadda/mindseye/Audio_Speech_Actors_01-24/Actor_02/03-01-06-01-01-02-02.wav,3,1,fearful,6,1,1,2,2,female,03-01-06-01-01-02-02.wav,-569.3612,33.500244,-25.722399,1.9065832,-11.115143,-8.923905,-7.3086634,-16.626795,-6.7482605,-5.9886703,-7.158735,-5.2317185,-5.9866915,-0.0032625375,-0.0032210262,-0.00103293,-0.00081562257,-0.0017233547,-0.00086257176,0.0018065886,0.0032573487,0.0021835705,0.000969561,0.001719694,0.002903574,0.0020158424,03-01-06-01-01-02-02.wav
652,/Users/upendrasuryajonnalagadda/mindseye/Audio_Speech_Actors_01-24/Actor_02/03-01-05-01-01-01-02.wav,3,1,angry,5,1,1,1,2,female,03-01-05-01-01-01-02.wav,-562.57446,43.781868,-10.402452,6.048465,-6.3162794,-4.709944,-3.6898515,-10.246,-4.4205613,-2.2729366,-2.9810674,-2.349607,-4.839126,0.010839307,0.015199673,0.014814797,0.014188334,0.013342216,0.012306339,0.011117947,0.009819956,0.008459745,0.0070868586,0.0057503833,0.0044968054,0.0033670475,03-01-05-01-01-01-02.wav
653,/Users/upendrasuryajonnalagadda/mindseye/Audio_Speech_Actors_01-24/Actor_02/03-01-08-01-02-01-02.wav,3,1,surprised,8,1,2,1,2,female,03-01-08-01-02-01-02.wav,-599.4859,40.099976,-13.991028,3.4786909,-8.02378,-6.8684616,-4.1735325,-10.127123,-4.433278,-3.7810802,-8.020547,-3.5000026,-8.291982,0.011131287,0.015377949,0.014315862,0.0126361605,0.010463555,0.007952177,0.005268843,0.002576388,1.8401024e-05,-0.0022916917,-0.0042763734,-0.0058949604,-0.007139609,03-01-08-01-02-01-02.wav
654,/Users/upendrasuryajonnalagadda/mindseye/Audio_Speech_Actors_01-24/Actor_02/03-01-08-02-01-01-02.wav,3,1,surprised,8,2,1,1,2,female,03-01-08-02-01-01-02.wav,-530.01263,33.292168,-18.1938,5.5853605,-9.724308,-6.4725814,-3.9477248,-9.3031845,-5.139335,-4.2057023,-4.9706597,-3.4273872,-2.2422042,0.00017912491,0.00029335258,0.0004127929,0.00060600374,0.0008642896,0.0011760878,0.0015275967,0.0019034392,0.002287231,0.002662789,0.0030142653,0.003327423,0.0035900152,03-01-08-02-01-01-02.wav
655,/Users/upendrasuryajonnalagadda/mindseye/Audio_Speech_Actors_01-24/Actor_02/03-01-02-01-01-01-02.wav,3,1,calm,2,1,1,1,2,female,03-01-02-01-01-01-02.wav,-663.2903,52.128677,-3.5836394,11.846415,-4.697628,-1.7755138,-3.4381077,-7.5618987,-3.002199,-2.1637714,-3.221825,-4.277386,-4.551405,0.045070052,0.061382387,0.05459919,0.044302914,0.032059312,0.019815912,0.00932694,0.0015925183,-0.0033031716,-0.0058804792,-0.006782819,-0.006503174,-0.0054302677,03-01-02-01-01-01-02.wav
656,/Users/upendrasuryajonnalagadda/mindseye/Audio_Speech_Actors_01-24/Actor_02/03-01-01-01-01-02-02.wav,3,1,neutral,1,1,1,2,2,female,03-01-01-01-01-02-02.wav,-646.0169,49.11971,-10.800371,11.480022,-5.822234,-3.0823717,-5.2919683,-7.318948,-2.789875,-1.9523804,-3.2981865,-2.3206327,-5.506026,0.08007637,0.10700201,0.09232233,0.07650275,0.06248183,0.048781633,0.035425074,0.025787897,0.021851221,0.021087574,0.020163793,0.019343706,0.020477338,03-01-01-01-01-02-02.wav
657,/Users/upendrasuryajonnalagadda/mindseye/Audio_Speech_Actors_01-24/Actor_02/03-01-02-02-02-01-02.wav,3,1,calm,2,2,2,1,2,female,03-01-02-02-02-01-02.wav,-651.52234,41.243298,-6.728539,0.96304786,-7.4115562,-2.5402,-8.835062,-11.491201,-8.204979,-2.8714755,-7.191459,-8.530297,-8.152104,0.020143498,0.026934046,0.022610663,0.016360784,0.0091799125,0.001938405,-0.004659297,-0.009969496,-0.013382497,-0.014489017,-0.013320863,-0.010427847,-0.0066817007,03-01-02-02-02-01-02.wav
658,/Users/upendrasuryajonnalagadda/mindseye/Audio_Speech_Actors_01-24/Actor_02/03-01-03-01-02-02-02.wav,3,1,happy,3,1,2,2,2,female,03-01-03-01-02-02-02.wav,-593.0543,46.503895,-15.529931,8.504859,-6.1982727,-6.0787473,-8.619365,-12.890373,-3.1055381,-2.1581805,-7.117529,-1.977037,-8.486348,0.015876912,0.02164682,0.019543737,0.016676482,0.013242647,0.009293645,0.005208033,0.0015331055,-0.0015365293,-0.0041009653,-0.006036344,-0.006998373,-0.0070125037,03-01-03-01-02-02-02.wav
659,/Users/upendrasuryajonnalagadda/mindseye/Audio_Speech_Actors_01-24/Actor_02/03-01-03-02-01-02-02.wav,3,1,happy,3,2,1,2,2,female,03-01-03-02-01-02-02.wav,-483.8502,35.787163,-30.680637,6.0185223,-9.470605,-15.612418,-8.272376,-14.029022,-5.0692515,-5.901593,-9.294798,-0.64742035,-10.770745,3.838689e-07,0.0,0.0,1.1995903e-08,0.0,-5.9979515e-09,-5.9979515e-09,-2.3991806e-08,0.0,0.0,0.0,0.0,-1.1995903e-08,03-01-03-02-01-02-02.wav
660,/Users/upendrasuryajonnalagadda/mindseye/Audio_Speech_Actors_01-24/Actor_05/03-01-02-01-02-01-05.wav,3,1,calm,2,1,2,1,5,male,03-01-02-01-02-01-05.wav,-747.1589,71.5142,13.281766,20.926575,4.225773,5.020921,0.27736294,-2.9737008,-0.4845636,6.272963,3.8595622,3.5259335,-0.46601084,-0.22974724,-0.18888167,0.015840655,-0.11001374,-0.08998843,0.03579461,0.092078194,0.082811944,-0.004882653,0.023065059,0.08350362,0.035359304,0.021967052,03-01-02-01-02-01-05.wav
661,/Users/upendrasuryajonnalagadda/mindseye/Audio_Speech_Actors_01-24/Actor_05/03-01-01-01-02-02-05.wav,3,1,neutral,1,1,2,2,5,male,03-01-01-01-02-02-05.wav,-719.1148,69.37248,9.14582,17.470062,9.558501,1.2618637,3.4300098,-6.9391966,-2.357276,3.4550147,1.8219116,4.073016,0.64530045,0.022885054,0.028903227,0.017735604,0.004040327,-0.0005944325,0.00412156,0.008339105,0.009836686,0.011652306,0.013636112,0.011924682,0.007130383,0.0073760105,03-01-01-01-02-02-05.wav
662,/Users/upendrasuryajonnalagadda/mindseye/Audio_Speech_Actors_01-24/Actor_05/03-01-02-02-01-01-05.wav,3,1,calm,2,2,1,1,5,male,03-01-02-02-01-01-05.wav,-728.2159,68.302605,8.868506,21.326395,6.684216,3.9150279,-0.17241167,1.2478188,2.497499,4.483353,5.46235,4.2996025,-1.6944053,-0.06116616,0.0044092527,0.0093546985,-0.0135498345,0.0016136542,-0.010927135,-0.016612187,-0.0179653,0.011253531,-0.01911934,-0.030752104,-0.015623353,-0.008237199,03-01-02-02-01-01-05.wav
663,/Users/upendrasuryajonnalagadda/mindseye/Audio_Speech_Actors_01-24/Actor_05/03-01-03-01-01-02-05.wav,3,1,happy,3,1,1,2,5,male,03-01-03-01-01-02-05.wav,-655.9602,62.273277,-0.5966088,14.280577,10.207513,0.40063018,-0.36432505,0.46730205,-5.173547,0.35380843,4.0530562,-1.198087,-1.6482736,-0.025665937,-0.036257934,-0.036138643,-0.035940114,-0.035663985,-0.035311807,-0.034885425,-0.034387503,-0.03382082,-0.033188682,-0.032494627,-0.03174261,-0.030936807,03-01-03-01-01-02-05.wav
664,/Users/upendrasuryajonnalagadda/mindseye/Audio_Speech_Actors_01-24/Actor_05/03-01-03-02-02-02-05.wav,3,1,happy,3,2,2,2,5,male,03-01-03-02-02-02-05.wav,-563.365,43.99182,-0.28653184,5.5650644,0.9160999,-0.7706401,-5.6607447,-4.331174,-9.8182335,-8.509374,2.0153708,-5.1909037,-4.9647474,0.010287538,0.014540231,0.014515818,0.014475193,0.014418473,0.01434572,0.014257262,0.014153176,0.0140337525,0.013899329,0.013750183,0.013586745,0.013409297,03-01-03-02-02-02-05.wav
665,/Users/upendrasuryajonnalagadda/mindseye/Audio_Speech_Actors_01-24/Actor_05/03-01-07-02-02-01-05.wav,3,1,disgust,7,2,2,1,5,male,03-01-07-02-02-01-05.wav,-583.20056,53.184452,5.3181205,5.544196,-1.4292186,-6.6437025,-9.05115,-10.883603,-5.799885,-4.7457104,-3.1362422,-0.9322625,-1.2552809,0.0019486469,0.0027513918,0.0027365892,0.00271183,0.0026773058,0.0026330636,0.0025792536,0.0025160625,0.00244353,0.002362044,0.0022716885,0.002172755,0.0020654902,03-01-07-02-02-01-05.wav
666,/Users/upendrasuryajonnalagadda/mindseye/Audio_Speech_Actors_01-24/Actor_05/03-01-04-02-02-02-05.wav,3,1,sad,4,2,2,2,5,male,03-01-04-02-02-02-05.wav,-748.1096,67.098816,4.52372,17.891768,11.065868,2.8260744,-0.60551006,-2.1759784,-3.9314818,1.5262462,4.347285,0.73753005,-2.622081,-0.024408003,-0.033238467,-0.023525378,-0.013740764,-0.01748496,-0.022266371,-0.016724082,-0.012861111,-0.014357623,-0.012267856,-0.009069457,-0.0033077353,0.0026316221,03-01-04-02-02-02-05.wav
667,/Users/upendrasuryajonnalagadda/mindseye/Audio_Speech_Actors_01-24/Actor_05/03-01-04-01-01-02-05.wav,3,1,sad,4,1,1,2,5,male,03-01-04-01-01-02-05.wav,-752.4602,75.41076,8.608349,22.109093,10.721552,2.3472936,1.0529572,-4.0762005,-0.3549337,6.6348853,1.8237785,2.5988574,-2.6520991,0.13238584,0.0003923064,-0.10814256,-0.03264087,-0.051329643,0.018965095,0.032625504,0.04848414,0.0067760125,-0.018628448,-0.011671777,-0.001385379,-0.0034122346,03-01-04-01-01-02-05.wav
668,/Users/upendrasuryajonnalagadda/mindseye/Audio_Speech_Actors_01-24/Actor_05/03-01-07-01-01-01-05.wav,3,1,disgust,7,1,1,1,5,male,03-01-07-01-01-01-05.wav,-727.1078,55.841908,11.068944,19.20832,5.81829,0.3981599,1.9675095,-0.49851614,1.75727,3.9008648,7.26851,3.4459176,0.5199958,-0.07339918,-0.06377101,-0.06262759,-0.06087039,-0.048237316,-0.07682894,-0.039884746,-0.040606007,-0.045724202,-0.036869165,-0.065969095,-0.033912517,-0.030538538,03-01-07-01-01-01-05.wav
669,/Users/upendrasuryajonnalagadda/mindseye/Audio_Speech_Actors_01-24/Actor_05/03-01-05-02-01-01-05.wav,3,1,angry,5,2,1,1,5,male,03-01-05-02-01-01-05.wav,-384.0643,34.256424,-17.813843,1.6445551,-1.4034642,-10.599476,-11.906976,-2.3656282,-9.861037,-5.02252,0.3058625,-3.8414166,-3.6871645,-0.00061741006,-0.0008732802,-0.00087309856,-0.0008727353,-0.00087231357,-0.00087171025,-0.00087097066,-0.0008701402,-0.00086916063,-0.0008680253,-0.0008667829,-0.00086540834,-0.00086391217,03-01-05-02-01-01-05.wav
670,/Users/upendrasuryajonnalagadda/mindseye/Audio_Speech_Actors_01-24/Actor_05/03-01-06-02-01-02-05.wav,3,1,fearful,6,2,1,2,5,male,03-01-06-02-01-02-05.wav,-450.13962,44.73647,-20.347181,2.2637043,-4.635675,-7.946278,-16.357342,-13.356622,-10.222762,-8.800164,1.3598043,-5.6383224,-6.432015,-0.043471497,-0.0072080437,0.0434734,-0.008182914,-0.0709095,-0.058075234,-0.0024706898,0.006940538,-0.039630715,-0.03593711,0.035845615,0.06506233,0.030568829,03-01-06-02-01-02-05.wav
671,/Users/upendrasuryajonnalagadda/mindseye/Audio_Speech_Actors_01-24/Actor_05/03-01-06-01-02-02-05.wav,3,1,fearful,6,1,2,2,5,male,03-01-06-01-02-02-05.wav,-616.3586,53.23849,0.57082605,10.068679,2.8886933,-6.5185227,-4.004351,-4.163701,-4.641317,-2.8542097,-0.8178859,-0.90721244,-2.817745,-0.0032057224,-0.008391244,-0.015539557,-0.017918235,-0.013232037,-0.0073478743,-0.006992369,-0.011704552,-0.014737982,-0.01163107,-0.0058434852,-0.004504598,-0.009461783,03-01-06-01-02-02-05.wav
672,/Users/upendrasuryajonnalagadda/mindseye/Audio_Speech_Actors_01-24/Actor_05/03-01-05-01-02-01-05.wav,3,1,angry,5,1,2,1,5,male,03-01-05-01-02-01-05.wav,-617.4165,75.535324,6.9188824,9.33725,8.847602,-7.298743,-0.06887856,-6.846484,-6.012776,1.350758,2.3913128,0.727179,3.0961466,-0.00565026,-0.009113225,-0.010578296,-0.009756544,-0.00764241,-0.0074908407,-0.009630582,-0.010585156,-0.008274577,-0.005525448,-0.006177122,-0.009216563,-0.009857503,03-01-05-01-02-01-05.wav
673,/Users/upendrasuryajonnalagadda/mindseye/Audio_Speech_Actors_01-24/Actor_05/03-01-08-01-01-01-05.wav,3,1,surprised,8,1,1,1,5,male,03-01-08-01-01-01-05.wav,-635.0853,56.02686,4.4191833,11.626023,4.162892,-3.817115,-3.4184043,-2.3580184,-3.27739,-2.5335505,0.5281944,-1.8654732,-2.051578,-0.006422718,-0.0092278235,-0.0096515985,-0.010321727,-0.011185308,-0.012172367,-0.013201525,-0.014188245,-0.015055719,-0.015746057,-0.016230077,-0.016512495,-0.016631639,03-01-08-01-01-01-05.wav
674,/Users/upendrasuryajonnalagadda/mindseye/Audio_Speech_Actors_01-24/Actor_05/03-01-08-02-02-01-05.wav,3,1,surprised,8,2,2,1,5,male,03-01-08-02-02-01-05.wav,-574.37366,44.21567,-2.3618045,4.267144,-2.5085664,-5.8653407,-6.619645,-7.5177255,-8.779401,-5.3003,2.437307,-4.0625935,-3.962775,0.0017157021,0.002430154,0.0024422219,0.002462465,0.0024906134,0.0025266132,0.0025704103,0.0026217645,0.0026804905,0.002746402,0.0028192413,0.002898744,0.0029846048,03-01-08-02-02-01-05.wav
675,/Users/upendrasuryajonnalagadda/mindseye/Audio_Speech_Actors_01-24/Actor_05/03-01-04-02-01-01-05.wav,3,1,sad,4,2,1,1,5,male,03-01-04-02-01-01-05.wav,-744.00616,71.92842,13.545238,21.100002,9.0789995,2.077486,-0.55019844,-1.5731437,-0.37176993,0.94681257,1.2274368,0.7844961,-2.2259653,0.21961705,0.0611306,0.011380663,0.05110677,0.05234787,0.057197884,0.042536955,0.02089269,0.0033703598,0.02133251,0.0013082791,0.00872286,0.03166298,03-01-04-02-01-01-05.wav
676,/Users/upendrasuryajonnalagadda/mindseye/Audio_Speech_Actors_01-24/Actor_05/03-01-07-02-01-02-05.wav,3,1,disgust,7,2,1,2,5,male,03-01-07-02-01-02-05.wav,-587.7437,48.639202,2.4192517,12.627031,-2.2152588,-9.256491,-4.349899,-3.937451,-3.5015364,-4.7774534,-2.9900174,1.3187532,-4.4078283,-0.0017826599,-0.0025200476,-0.0025188401,-0.0025167635,-0.002513908,-0.0025104545,-0.0025065157,-0.002502162,-0.002497597,-0.0024929384,-0.002488413,-0.0024842087,-0.0024805125,03-01-07-02-01-02-05.wav
677,/Users/upendrasuryajonnalagadda/mindseye/Audio_Speech_Actors_01-24/Actor_05/03-01-07-01-02-02-05.wav,3,1,disgust,7,1,2,2,5,male,03-01-07-01-02-02-05.wav,-662.7597,48.831715,11.08488,11.569359,2.1431713,-0.37114757,1.7620169,-5.2868752,-2.5022635,0.7257917,3.885441,0.738054,-0.52172995,-0.009232041,-0.012531351,-0.011648899,-0.0115160495,-0.012112766,-0.012320536,-0.011486669,-0.010338185,-0.009970919,-0.010323673,-0.0102688335,-0.009191359,-0.007853395,03-01-07-01-02-02-05.wav
678,/Users/upendrasuryajonnalagadda/mindseye/Audio_Speech_Actors_01-24/Actor_05/03-01-04-01-02-01-05.wav,3,1,sad,4,1,2,1,5,male,03-01-04-01-02-01-05.wav,-776.24286,65.79871,14.874017,18.302795,12.032691,5.593629,2.0665553,-4.644863,-2.8962896,6.472925,3.1345165,1.0254151,-2.3782694,0.11940162,-0.014862744,0.07564166,0.08757361,0.009677545,-0.033669405,-0.011140653,0.05933881,0.02899807,-0.016388979,-0.011218071,0.018945964,0.032176495,03-01-04-01-02-01-05.wav
679,/Users/upendrasuryajonnalagadda/mindseye/Audio_Speech_Actors_01-24/Actor_05/03-01-06-02-02-01-05.wav,3,1,fearful,6,2,2,1,5,male,03-01-06-02-02-01-05.wav,-488.75458,32.81452,-9.543589,4.327936,-0.40669906,-8.066126,-9.619814,-4.9463735,-12.629444,-8.612479,-0.3396756,-4.635647,-6.7591786,-0.030314418,-0.042811323,-0.04263055,-0.04233172,-0.041918762,-0.0413967,-0.04077211,-0.040052712,-0.03924697,-0.038364355,-0.037415046,-0.036409568,-0.035358686,03-01-06-02-02-01-05.wav
680,/Users/upendrasuryajonnalagadda/mindseye/Audio_Speech_Actors_01-24/Actor_05/03-01-05-02-02-02-05.wav,3,1,angry,5,2,2,2,5,male,03-01-05-02-02-02-05.wav,-343.56802,30.301905,-15.451941,-4.3693323,-2.1417978,-9.978175,-12.471821,-0.41930088,-13.28294,-9.884019,4.1306806,-2.813177,-3.861857,-0.00013431621,-0.00019024892,-0.00019017298,-0.00019006061,-0.00018995734,-0.00018982978,-0.00018966578,-0.00018950785,-0.00018925272,-0.0001890219,-0.000188755,-0.00018846913,-0.00018811681,03-01-05-02-02-02-05.wav
681,/Users/upendrasuryajonnalagadda/mindseye/Audio_Speech_Actors_01-24/Actor_05/03-01-05-01-01-02-05.wav,3,1,angry,5,1,1,2,5,male,03-01-05-01-01-02-05.wav,-548.7486,53.61569,-3.3639624,14.486694,7.047398,-9.573702,-3.58178,0.48442128,-3.1737957,-2.167703,2.028064,-0.6557022,-0.91456187,0.0042168223,0.0059615346,0.005953882,0.005941112,0.005923254,0.0059003714,0.005872575,0.005839781,0.005802124,0.005759914,0.0057129785,0.00566152,0.005605651,03-01-05-01-01-02-05.wav
682,/Users/upendrasuryajonnalagadda/mindseye/Audio_Speech_Actors_01-24/Actor_05/03-01-06-01-01-01-05.wav,3,1,fearful,6,1,1,1,5,male,03-01-06-01-01-01-05.wav,-662.5266,54.09209,3.15205,10.8401,3.36141,-5.168105,-4.502857,-1.4114487,-0.65726584,-1.0231436,-0.8773807,0.646962,-3.6756268,-0.03437132,-0.043862905,-0.032416064,-0.019195696,-0.0068215765,0.002813213,0.0056770165,-0.00072273787,-0.011663326,-0.018375536,-0.017985456,-0.016070144,-0.017560411,03-01-06-01-01-01-05.wav
683,/Users/upendrasuryajonnalagadda/mindseye/Audio_Speech_Actors_01-24/Actor_05/03-01-08-01-02-02-05.wav,3,1,surprised,8,1,2,2,5,male,03-01-08-01-02-02-05.wav,-614.5782,59.530006,5.031352,12.225226,4.5023003,-2.9535573,-3.7873187,-8.036038,-6.4970827,-3.3329704,-1.4819343,-4.37284,-4.524285,0.002628517,0.0037034512,0.0036605715,0.0035911263,0.0034974813,0.0033825277,0.0032492399,0.0030998588,0.002936089,0.002758658,0.0025676712,0.0023626983,0.0021432876,03-01-08-01-02-02-05.wav
684,/Users/upendrasuryajonnalagadda/mindseye/Audio_Speech_Actors_01-24/Actor_05/03-01-08-02-01-02-05.wav,3,1,surprised,8,2,1,2,5,male,03-01-08-02-01-02-05.wav,-572.9952,51.11542,3.419715,5.7354903,-4.7603154,-5.5818825,-4.2945766,-3.3319345,-7.037661,-5.8749614,2.892445,-4.1093335,-4.952768,-0.004712121,-0.006638306,-0.0065647275,-0.006447431,-0.0062940563,-0.00611376,-0.0059163435,-0.0057110274,-0.0055053895,-0.00530438,-0.005110019,-0.004921067,-0.0047332686,03-01-08-02-01-02-05.wav
685,/Users/upendrasuryajonnalagadda/mindseye/Audio_Speech_Actors_01-24/Actor_05/03-01-01-01-01-01-05.wav,3,1,neutral,1,1,1,1,5,male,03-01-01-01-01-01-05.wav,-713.4335,68.36094,7.989171,15.139791,11.715775,0.43098253,1.0025576,-2.7731187,-0.12734608,1.8932492,2.404442,1.557769,-0.20470886,-0.015264658,-0.018939728,-0.014195955,-0.012049968,-0.011656541,-0.008388708,-0.0014971495,0.0041777813,0.0047963033,0.0023309635,0.0010575637,0.0018184736,0.002214976,03-01-01-01-01-01-05.wav
686,/Users/upendrasuryajonnalagadda/mindseye/Audio_Speech_Actors_01-24/Actor_05/03-01-02-01-01-02-05.wav,3,1,calm,2,1,1,2,5,male,03-01-02-01-01-02-05.wav,-773.9628,69.54776,14.7664,25.346931,6.108049,4.6870265,2.7747507,0.2058208,4.7149334,3.7340157,3.4531257,6.16871,-2.182931,-0.18745828,-0.03207583,0.00010234488,-0.024012312,-0.060798947,-0.057861377,-0.02194666,-0.004293469,0.020412158,-0.017147582,-0.022636684,-0.015234974,0.01460847,03-01-02-01-01-02-05.wav
687,/Users/upendrasuryajonnalagadda/mindseye/Audio_Speech_Actors_01-24/Actor_05/03-01-02-02-02-02-05.wav,3,1,calm,2,2,2,2,5,male,03-01-02-02-02-02-05.wav,-779.51715,62.9809,20.787813,25.956495,8.524118,4.7633634,1.6989224,-3.2781792,3.2695615,9.374279,3.624204,5.29652,-1.6630049,0.08333924,0.02307611,0.015252236,-0.017178135,-0.03009382,0.025695052,0.021107828,-0.004126518,0.007563227,0.019052539,-0.030667664,-0.0028789735,0.009516562,03-01-02-02-02-02-05.wav
688,/Users/upendrasuryajonnalagadda/mindseye/Audio_Speech_Actors_01-24/Actor_05/03-01-03-01-02-01-05.wav,3,1,happy,3,1,2,1,5,male,03-01-03-01-02-01-05.wav,-681.50244,53.67715,7.889166,15.003612,7.496662,0.60752565,0.40647623,-3.7849054,-3.164779,0.1472854,2.2793977,-1.1397794,-1.4636346,0.014724731,0.019798175,0.017883183,0.016978944,0.017209876,0.017024834,0.015664611,0.0143763,0.014620833,0.015905546,0.016422821,0.015603274,0.0148895895,03-01-03-01-02-01-05.wav
689,/Users/upendrasuryajonnalagadda/mindseye/Audio_Speech_Actors_01-24/Actor_05/03-01-03-02-01-01-05.wav,3,1,happy,3,2,1,1,5,male,03-01-03-02-01-01-05.wav,-616.6896,52.44195,3.3628867,7.603956,-2.669892,-1.670191,-5.894978,-4.3877897,-9.923696,-7.1960244,2.2555795,-5.330919,-4.453632,0.002049963,0.002896442,0.0028854243,0.0028584336,0.002809791,0.0027424477,0.0026723233,0.0026274472,0.0026412515,0.0027415527,0.0029390499,0.0032196685,0.0035440535,03-01-03-02-01-01-05.wav
690,/Users/upendrasuryajonnalagadda/mindseye/Audio_Speech_Actors_01-24/Actor_05/03-01-05-01-02-02-05.wav,3,1,angry,5,1,2,2,5,male,03-01-05-01-02-02-05.wav,-580.82275,68.2817,-0.23444374,13.09045,4.146323,-9.643879,0.5444051,-6.6995716,-5.598043,-1.4942642,0.6873673,1.5369958,-3.6222155,-0.0019393117,-0.0050704754,-0.008557013,-0.007916019,-0.003944781,-0.0023340727,-0.0051946538,-0.007921731,-0.006061328,-0.0019437991,-0.001207166,-0.004400419,-0.006178615,03-01-05-01-02-02-05.wav
691,/Users/upendrasuryajonnalagadda/mindseye/Audio_Speech_Actors_01-24/Actor_05/03-01-06-01-02-01-05.wav,3,1,fearful,6,1,2,1,5,male,03-01-06-01-02-01-05.wav,-713.924,61.634018,7.8993816,16.909286,7.991397,0.050990835,-0.3473651,-2.1838055,-1.2478333,2.9752407,2.3594925,2.0443873,-1.6755612,0.02569625,0.027021842,-0.0018902947,-0.018852262,-0.011150709,0.008728459,0.019000784,-0.0032065897,-0.029145451,-0.030608913,-0.01082907,0.004297789,-0.005931714,03-01-06-01-02-01-05.wav
692,/Users/upendrasuryajonnalagadda/mindseye/Audio_Speech_Actors_01-24/Actor_05/03-01-06-02-01-01-05.wav,3,1,fearful,6,2,1,1,5,male,03-01-06-02-01-01-05.wav,-471.0275,33.861633,-15.337204,-1.8570199,-3.0362043,-7.434627,-12.857091,-8.509115,-7.4595137,-7.422717,-0.78178567,-2.8888845,-5.648055,-0.006363351,-0.009571729,-0.011103957,-0.013122415,-0.0150526315,-0.016412776,-0.016938917,-0.016625235,-0.015683679,-0.014441811,-0.01322297,-0.012275478,-0.011769908,03-01-06-02-01-01-05.wav
693,/Users/upendrasuryajonnalagadda/mindseye/Audio_Speech_Actors_01-24/Actor_05/03-01-05-02-01-02-05.wav,3,1,angry,5,2,1,2,5,male,03-01-05-02-01-02-05.wav,-415.5648,38.486977,-9.673043,5.3552246,-0.7874857,-9.335597,-9.317086,-3.5473106,-6.9579153,-5.2747674,0.82474214,-3.5363483,-2.7486584,0.021397183,0.030240642,0.03018196,0.030084629,0.029949486,0.0297777,0.02957073,0.029330269,0.029058287,0.028757071,0.028428957,0.028076598,0.02770274,03-01-05-02-01-02-05.wav
694,/Users/upendrasuryajonnalagadda/mindseye/Audio_Speech_Actors_01-24/Actor_05/03-01-07-01-01-02-05.wav,3,1,disgust,7,1,1,2,5,male,03-01-07-01-01-02-05.wav,-662.40186,45.26849,7.3941174,14.994179,2.1493974,-3.5114405,-0.22264922,1.7752476,1.418719,3.2805324,6.5792856,3.5661979,0.23060293,-0.0034171066,-0.0048744073,-0.004975249,-0.00507787,-0.0051233107,-0.005084296,-0.004980061,-0.004865121,-0.00479732,-0.004804719,-0.0048687584,-0.004934839,-0.0049429317,03-01-07-01-01-02-05.wav
695,/Users/upendrasuryajonnalagadda/mindseye/Audio_Speech_Actors_01-24/Actor_05/03-01-04-01-01-01-05.wav,3,1,sad,4,1,1,1,5,male,03-01-04-01-01-01-05.wav,-777.59674,74.773994,16.916862,21.831789,12.460755,4.511533,3.7802968,-4.4799433,2.124794,4.4722114,1.2850404,5.976845,-0.36586,0.42191938,0.026111413,-0.037849188,0.045697782,-0.014163957,-0.06567159,-0.05375894,-0.019688046,-0.055337574,-0.012073243,0.012416477,0.019448446,0.0070068548,03-01-04-01-01-01-05.wav
696,/Users/upendrasuryajonnalagadda/mindseye/Audio_Speech_Actors_01-24/Actor_05/03-01-04-02-02-01-05.wav,3,1,sad,4,2,2,1,5,male,03-01-04-02-02-01-05.wav,-718.7961,57.302082,7.2306085,20.15908,6.0422606,0.9957846,-1.6510485,-3.7017436,-0.46868625,0.6529443,2.2405434,-0.44549367,-2.5470269,-0.8061091,-0.5007371,-0.13506414,-0.19255675,0.16956386,0.03287464,0.06352987,0.27181894,0.016832933,0.079560466,0.13564366,0.003974955,0.08464744,03-01-04-02-02-01-05.wav
697,/Users/upendrasuryajonnalagadda/mindseye/Audio_Speech_Actors_01-24/Actor_05/03-01-07-02-02-02-05.wav,3,1,disgust,7,2,2,2,5,male,03-01-07-02-02-02-05.wav,-620.6743,82.28322,11.684595,12.78741,-6.26336,-7.8818665,-3.7111053,-3.809351,-2.227017,-3.22584,-3.597399,4.563336,-0.3980988,0.005289506,0.0016388407,-0.009604819,-0.016483853,-0.017701074,-0.017836278,-0.019108383,-0.020498082,-0.020655412,-0.019041577,-0.0161228,-0.012416504,-0.00777356,03-01-07-02-02-02-05.wav
698,/Users/upendrasuryajonnalagadda/mindseye/Audio_Speech_Actors_01-24/Actor_05/03-01-08-02-02-02-05.wav,3,1,surprised,8,2,2,2,5,male,03-01-08-02-02-02-05.wav,-597.11334,54.36837,4.117723,6.218391,-0.19508626,-5.685921,-3.2197602,-7.2334337,-9.052013,-7.152269,-0.21763012,-5.5701747,-6.3661914,0.03365271,0.047352113,0.04664244,0.045495365,0.043962188,0.042109825,0.04001662,0.037767373,0.035447925,0.033140358,0.030917816,0.028840957,0.0269551,03-01-08-02-02-02-05.wav
699,/Users/upendrasuryajonnalagadda/mindseye/Audio_Speech_Actors_01-24/Actor_05/03-01-08-01-01-02-05.wav,3,1,surprised,8,1,1,2,5,male,03-01-08-01-01-02-05.wav,-617.443,58.951935,-2.9919174,9.029224,2.2322032,-10.378318,-3.9435241,-3.641772,-6.472558,-4.5489435,-1.091869,-3.40189,-1.9715315,0.012426796,0.017530076,0.017400615,0.017198982,0.016942738,0.016650254,0.016336234,0.01600851,0.01566623,0.015300589,0.014897585,0.014442135,0.013922649,03-01-08-01-01-02-05.wav
700,/Users/upendrasuryajonnalagadda/mindseye/Audio_Speech_Actors_01-24/Actor_05/03-01-03-02-02-01-05.wav,3,1,happy,3,2,2,1,5,male,03-01-03-02-02-01-05.wav,-562.88074,59.837933,-2.8376875,8.135034,4.00898,-2.282989,-7.623981,-7.1474338,-16.50523,-4.884725,3.1197536,-6.729407,-4.807906,0.25894067,0.2288322,0.07376293,0.06275386,0.03974272,0.04863509,0.06563358,-0.040038772,-0.070095256,0.06205392,0.11602173,0.102573544,0.1257561,03-01-03-02-02-01-05.wav
701,/Users/upendrasuryajonnalagadda/mindseye/Audio_Speech_Actors_01-24/Actor_05/03-01-03-01-01-01-05.wav,3,1,happy,3,1,1,1,5,male,03-01-03-01-01-01-05.wav,-675.9472,65.55761,4.3977504,15.4905615,9.071381,1.6905035,-0.54678607,-1.0787306,-10.267439,-3.2622569,6.1005945,-2.436399,-1.7463974,-0.055643953,-0.07387842,-0.06473538,-0.06004543,-0.06193613,-0.06585158,-0.06627082,-0.06107867,-0.05374379,-0.05034048,-0.05228383,-0.054899756,-0.05386917,03-01-03-01-01-01-05.wav
702,/Users/upendrasuryajonnalagadda/mindseye/Audio_Speech_Actors_01-24/Actor_05/03-01-02-02-01-02-05.wav,3,1,calm,2,2,1,2,5,male,03-01-02-02-01-02-05.wav,-788.4148,61.05521,16.276302,22.374853,8.566931,5.7148004,0.9183317,-0.1328619,4.5178742,7.5325694,6.360081,4.5198736,0.14376171,-0.10729288,-0.028964132,-0.010047195,-0.025632268,-0.030251857,-0.03499814,-0.005862632,0.007437106,0.007170864,0.005090964,0.00880263,-0.0043618013,0.008643993,03-01-02-02-01-02-05.wav
703,/Users/upendrasuryajonnalagadda/mindseye/Audio_Speech_Actors_01-24/Actor_05/03-01-01-01-02-01-05.wav,3,1,neutral,1,1,2,1,5,male,03-01-01-01-02-01-05.wav,-687.34436,65.14188,3.0542881,17.502035,8.701955,-0.26920855,2.5011368,-5.7337937,-6.402908,3.139679,1.99735,1.6530609,-0.49405414,-0.049358767,-0.064830445,-0.054553017,-0.047558885,-0.046219222,-0.04379715,-0.03370312,-0.019991234,-0.013777164,-0.018072553,-0.022108058,-0.015679894,-0.0044705975,03-01-01-01-02-01-05.wav
704,/Users/upendrasuryajonnalagadda/mindseye/Audio_Speech_Actors_01-24/Actor_05/03-01-02-01-02-02-05.wav,3,1,calm,2,1,2,2,5,male,03-01-02-01-02-02-05.wav,-710.3511,66.41768,13.519736,15.207064,1.5543492,4.6306133,-2.0806737,-2.9759614,-1.1490532,4.765395,4.103083,1.2741796,-0.8513603,0.022162266,0.0070429733,-0.0001429365,0.021046238,-0.0064831716,-0.022273997,0.0053526247,0.00058919354,-0.009919924,0.0074864333,-0.0050201314,-0.02243275,-0.0066957213,03-01-02-01-02-02-05.wav
705,/Users/upendrasuryajonnalagadda/mindseye/Audio_Speech_Actors_01-24/Actor_05/03-01-03-02-01-02-05.wav,3,1,happy,3,2,1,2,5,male,03-01-03-02-01-02-05.wav,-548.12854,58.015133,-11.591912,2.8711543,2.0050542,-3.0106847,-9.003407,-2.9245555,-11.904448,-6.313969,5.1597805,-6.071683,-2.4158814,0.0070789815,0.0098510105,0.00938966,0.008677603,0.007790891,0.00681836,0.005849233,0.0049617877,0.004215275,0.0036462795,0.003268536,0.0030759538,0.0030465955,03-01-03-02-01-02-05.wav
706,/Users/upendrasuryajonnalagadda/mindseye/Audio_Speech_Actors_01-24/Actor_05/03-01-03-01-02-02-05.wav,3,1,happy,3,1,2,2,5,male,03-01-03-01-02-02-05.wav,-612.02905,68.37137,0.24628884,11.889709,2.9513838,-2.5870562,-3.4354706,-5.571573,-8.305637,-0.8914381,2.6468205,-3.349977,-1.1202796,0.0051014908,0.0071899085,0.0071155573,0.0069932877,0.0068255113,0.0066156327,0.0063677593,0.0060868235,0.005778219,0.0054479903,0.0051024295,0.0047480636,0.0043914174,03-01-03-01-02-02-05.wav
707,/Users/upendrasuryajonnalagadda/mindseye/Audio_Speech_Actors_01-24/Actor_05/03-01-02-02-02-01-05.wav,3,1,calm,2,2,2,1,5,male,03-01-02-02-02-01-05.wav,-758.1042,64.264,17.97597,23.658867,3.814537,1.9258778,1.1887459,-1.0535555,1.8170173,8.370338,2.8774745,4.718699,-2.8536344,-0.21340972,-0.107202515,-0.08537519,-0.06884094,-0.046754956,-0.056085624,-0.048550338,-0.0548958,-0.051452015,-0.04842547,-0.036974505,-0.026421243,-0.024269044,03-01-02-02-02-01-05.wav
708,/Users/upendrasuryajonnalagadda/mindseye/Audio_Speech_Actors_01-24/Actor_05/03-01-02-01-01-01-05.wav,3,1,calm,2,1,1,1,5,male,03-01-02-01-01-01-05.wav,-732.39154,74.41759,9.957227,20.32336,5.8946714,1.8330767,-0.58052355,-0.18544477,1.4413664,3.1396604,3.4028313,3.8028407,-1.4289098,-0.009579187,-0.0065692593,0.000502115,0.005064038,0.0037824695,-0.005320626,-0.00796306,-0.004482675,-0.0006970811,-0.0026997314,-0.006465835,-0.009961666,-0.012038143,03-01-02-01-01-01-05.wav
709,/Users/upendrasuryajonnalagadda/mindseye/Audio_Speech_Actors_01-24/Actor_05/03-01-01-01-01-02-05.wav,3,1,neutral,1,1,1,2,5,male,03-01-01-01-01-02-05.wav,-731.04675,71.22909,4.706073,19.485659,11.931984,3.1546204,3.0610242,-3.3929605,1.6570348,4.1846576,4.104265,2.8819537,0.25060824,0.039804056,0.03743924,0.014032959,0.014342551,0.027391834,0.026295759,0.014274813,0.0074729053,0.023158686,0.031542983,0.014341427,-0.003023846,0.007211412,03-01-01-01-01-02-05.wav
710,/Users/upendrasuryajonnalagadda/mindseye/Audio_Speech_Actors_01-24/Actor_05/03-01-06-01-01-02-05.wav,3,1,fearful,6,1,1,2,5,male,03-01-06-01-01-02-05.wav,-657.15094,50.462704,3.6729527,12.293158,6.0008144,-4.0090985,-2.987819,-3.3091362,-2.533713,-0.7748356,-0.770539,0.40152645,-3.8038285,-0.007070463,-0.010515709,-0.011455092,-0.011729162,-0.011087496,-0.010419048,-0.010671884,-0.011700335,-0.012437203,-0.012182197,-0.011445401,-0.011323122,-0.012163332,03-01-06-01-01-02-05.wav
711,/Users/upendrasuryajonnalagadda/mindseye/Audio_Speech_Actors_01-24/Actor_05/03-01-05-01-01-01-05.wav,3,1,angry,5,1,1,1,5,male,03-01-05-01-01-01-05.wav,-530.7511,57.402332,-12.861926,6.974574,5.5575037,-13.368006,-4.7483253,-3.1927052,-7.3058176,-4.7721953,1.4820014,-3.0127785,-2.508663,-0.00012115661,-0.00016784668,-0.00015864115,-0.00014354226,-0.00012236726,-9.528748e-05,-6.2485655e-05,-2.4021743e-05,1.9886536e-05,6.909856e-05,0.0001233752,0.00018248871,0.00024618502,03-01-05-01-01-01-05.wav
712,/Users/upendrasuryajonnalagadda/mindseye/Audio_Speech_Actors_01-24/Actor_05/03-01-05-02-02-01-05.wav,3,1,angry,5,2,2,1,5,male,03-01-05-02-02-01-05.wav,-350.02188,30.031206,-10.444896,-3.115022,0.19722402,-9.963837,-14.113779,-2.31856,-10.9197855,-7.29981,4.090269,-1.4101481,-4.507715,0.00043434094,0.0006139719,0.0006138261,0.0006135619,0.0006132475,0.0006128299,0.00061232876,0.0006117244,0.0006109833,0.0006102506,0.0006093675,0.00060840475,0.00060735084,03-01-05-02-02-01-05.wav
713,/Users/upendrasuryajonnalagadda/mindseye/Audio_Speech_Actors_01-24/Actor_05/03-01-06-02-02-02-05.wav,3,1,fearful,6,2,2,2,5,male,03-01-06-02-02-02-05.wav,-472.2308,43.44461,-14.952086,2.036253,-3.5672262,-6.554597,-14.047053,-12.088764,-9.804028,-12.164199,-0.7219006,-6.4855704,-8.327799,-1.0175893,0.1004372,0.24665275,-0.24016042,-0.10710598,-0.022289893,0.007269532,0.058283564,-0.012845594,0.08999914,0.05210034,0.047250256,-0.13372472,03-01-06-02-02-02-05.wav
714,/Users/upendrasuryajonnalagadda/mindseye/Audio_Speech_Actors_01-24/Actor_05/03-01-04-01-02-02-05.wav,3,1,sad,4,1,2,2,5,male,03-01-04-01-02-02-05.wav,-745.7621,75.938835,17.748379,21.577127,10.450662,2.7912772,3.1924105,-5.0591197,-0.3011159,7.2569885,3.670541,2.958894,-1.5769178,-0.02501316,-0.15706864,-0.006645781,0.023095703,-0.009495163,0.053634595,0.08142058,0.17985204,0.08154402,-0.10312913,-0.03102615,0.036559246,0.03329168,03-01-04-01-02-02-05.wav
715,/Users/upendrasuryajonnalagadda/mindseye/Audio_Speech_Actors_01-24/Actor_05/03-01-07-01-02-01-05.wav,3,1,disgust,7,1,2,1,5,male,03-01-07-01-02-01-05.wav,-711.8761,55.858917,13.1045475,12.977493,5.1834335,0.5847771,4.6441875,-4.648084,-1.5815703,2.3232176,8.444807,3.477555,0.2838595,-0.08093876,-0.009786414,-0.031413037,-0.034450203,-0.023730008,-0.035200395,-0.017842265,-0.021396693,-0.011460406,-0.014549532,-0.016186718,-0.03445075,-0.01580849,03-01-07-01-02-01-05.wav
716,/Users/upendrasuryajonnalagadda/mindseye/Audio_Speech_Actors_01-24/Actor_05/03-01-07-02-01-01-05.wav,3,1,disgust,7,2,1,1,5,male,03-01-07-02-01-01-05.wav,-670.2239,60.2315,7.3857727,17.796078,-0.8597404,-6.0159173,-1.2759824,-3.819134,-0.030298376,-3.0212917,1.6554759,3.501111,-3.602731,0.023630397,0.032018486,0.02785724,0.021230014,0.012942187,0.0041663633,-0.0040267953,-0.010967839,-0.016287845,-0.019702932,-0.02102041,-0.020324003,-0.018058633,03-01-07-02-01-01-05.wav
717,/Users/upendrasuryajonnalagadda/mindseye/Audio_Speech_Actors_01-24/Actor_05/03-01-04-02-01-02-05.wav,3,1,sad,4,2,1,2,5,male,03-01-04-02-01-02-05.wav,-758.104,72.20432,5.951683,24.846876,13.796191,4.641668,-4.295748,-1.4608274,-0.6657706,1.1883719,2.1657286,0.29180762,-1.672889,0.033314373,0.0041413005,-0.0058547216,-0.055928033,-0.06856872,-0.038747963,0.00573372,0.013845826,0.014266833,0.005515146,-0.0051944475,-0.049807016,-0.010453921,03-01-04-02-01-02-05.wav
718,/Users/upendrasuryajonnalagadda/mindseye/Audio_Speech_Actors_01-24/Actor_05/03-01-08-02-01-01-05.wav,3,1,surprised,8,2,1,1,5,male,03-01-08-02-01-01-05.wav,-603.6543,39.90025,8.936426,10.640966,-1.5934678,-2.5847864,-2.7399275,-6.2672787,-3.7925029,-4.484878,1.6268315,-2.4953125,-5.8496,-0.014763859,-0.020842312,-0.020729566,-0.020541048,-0.020276118,-0.019934675,-0.019517483,-0.019027011,-0.018467631,-0.01784605,-0.017171143,-0.016453972,-0.01570709,03-01-08-02-01-01-05.wav
719,/Users/upendrasuryajonnalagadda/mindseye/Audio_Speech_Actors_01-24/Actor_05/03-01-08-01-02-01-05.wav,3,1,surprised,8,1,2,1,5,male,03-01-08-01-02-01-05.wav,-655.321,56.072926,-6.150686,8.537072,4.221139,-9.38189,-0.5181149,-6.2792897,-8.261437,-1.8149678,-1.7847813,-1.5915302,-0.2172485,0.036219086,0.049549088,0.045847047,0.040605817,0.034109157,0.028189609,0.022442825,0.016907828,0.012555345,0.008449411,0.0052587683,0.003513752,0.0019589905,03-01-08-01-02-01-05.wav
720,/Users/upendrasuryajonnalagadda/mindseye/Audio_Speech_Actors_01-24/Actor_12/03-01-02-01-02-01-12.wav,3,1,calm,2,1,2,1,12,female,03-01-02-01-02-01-12.wav,-671.1921,50.523384,-1.9440012,5.948215,3.635085,-5.097415,-5.872726,-11.157332,-9.334851,-4.9375777,-8.197027,-3.9106116,-10.504101,0.26414555,0.3079262,0.1773931,0.0838033,0.04965823,0.04665136,0.047878463,0.036059,0.020038774,0.023284677,0.037358847,0.037352536,0.0300351,03-01-02-01-02-01-12.wav
721,/Users/upendrasuryajonnalagadda/mindseye/Audio_Speech_Actors_01-24/Actor_12/03-01-01-01-02-02-12.wav,3,1,neutral,1,1,2,2,12,female,03-01-01-01-02-02-12.wav,-676.2738,52.397697,5.182034,6.0620675,4.50157,-2.6766357,-2.3044927,-11.054174,-4.1322837,-0.53851163,-7.702116,-2.7392614,-6.709433,0.25451273,0.25370157,0.09710478,0.041339044,0.06322764,0.082410276,0.07965586,0.054047044,0.01299015,-0.032577973,-0.048096504,-0.013033205,0.02768476,03-01-01-01-02-02-12.wav
722,/Users/upendrasuryajonnalagadda/mindseye/Audio_Speech_Actors_01-24/Actor_12/03-01-02-02-01-01-12.wav,3,1,calm,2,2,1,1,12,female,03-01-02-02-01-01-12.wav,-674.10565,53.166622,-2.8010848,9.117219,1.8398736,-3.591578,-2.6284091,-7.1930256,-8.545288,-6.6556764,-7.1564946,-2.316449,-10.089739,0.20106897,0.2289347,0.12149673,0.056752305,0.054784164,0.0733401,0.0757567,0.055594206,0.027869076,0.010680897,0.005841685,0.003074991,0.001506506,03-01-02-02-01-01-12.wav
723,/Users/upendrasuryajonnalagadda/mindseye/Audio_Speech_Actors_01-24/Actor_12/03-01-03-01-01-02-12.wav,3,1,happy,3,1,1,2,12,female,03-01-03-01-01-02-12.wav,-600.15063,60.42351,-13.750033,7.8421745,2.7630074,-7.9299407,-1.3145995,-10.243344,-7.6359825,1.0910114,-4.606355,1.6969733,-7.4415236,0.1072835,0.13161303,0.08661027,0.05120973,0.047711626,0.061608735,0.05956139,0.031928282,0.0017922916,-0.0078655975,0.0011119961,0.012266591,0.015431683,03-01-03-01-01-02-12.wav
724,/Users/upendrasuryajonnalagadda/mindseye/Audio_Speech_Actors_01-24/Actor_12/03-01-03-02-02-02-12.wav,3,1,happy,3,2,2,2,12,female,03-01-03-02-02-02-12.wav,-465.52606,29.992502,-30.15968,-6.868288,-4.9119325,-18.733946,-8.147644,-12.083959,-12.618266,0.47690952,-10.523124,-1.4886171,-5.7513323,1.7742778e-07,-2.2178472e-08,-4.4356945e-08,2.2178472e-08,-1.1089236e-08,4.4356945e-08,8.316928e-09,2.2178472e-08,2.2178472e-08,5.544618e-09,0.0,-5.544618e-09,1.1089236e-08,03-01-03-02-02-02-12.wav
725,/Users/upendrasuryajonnalagadda/mindseye/Audio_Speech_Actors_01-24/Actor_12/03-01-08-01-01-01-12.wav,3,1,surprised,8,1,1,1,12,female,03-01-08-01-01-01-12.wav,-623.61957,54.105648,-9.283291,4.969431,0.14891122,-8.591712,-5.5787663,-12.96448,-6.3628726,-1.5041771,-10.190438,-2.6065047,-7.735829,0.23584284,0.25757527,0.12399618,0.056294013,0.042144153,0.030148113,0.02328338,0.023444425,0.012652522,0.00024012646,0.0053590545,0.012996505,0.00553909,03-01-08-01-01-01-12.wav
726,/Users/upendrasuryajonnalagadda/mindseye/Audio_Speech_Actors_01-24/Actor_12/03-01-08-02-02-01-12.wav,3,1,surprised,8,2,2,1,12,female,03-01-08-02-02-01-12.wav,-544.15106,46.0887,-6.2152276,1.7002075,-1.5024853,-9.42136,-8.333727,-12.512906,-5.706287,1.44206,-10.515776,-1.0138408,-5.5996337,0.043235257,0.05877254,0.0529511,0.046552457,0.041857973,0.039022435,0.03638617,0.032246653,0.026486527,0.02066703,0.016601065,0.01474937,0.013879741,03-01-08-02-02-01-12.wav
727,/Users/upendrasuryajonnalagadda/mindseye/Audio_Speech_Actors_01-24/Actor_12/03-01-07-02-02-01-12.wav,3,1,disgust,7,2,2,1,12,female,03-01-07-02-02-01-12.wav,-513.46985,39.64277,-11.139096,2.258009,-2.5050056,-12.405594,-11.31503,-17.17408,-1.6089993,1.8580772,-12.954046,-1.3442721,-7.284284,0.06821819,0.093986206,0.08740327,0.07883136,0.07035488,0.062972076,0.056400213,0.049767587,0.04257504,0.035194423,0.028602788,0.023660459,0.020537397,03-01-07-02-02-01-12.wav
728,/Users/upendrasuryajonnalagadda/mindseye/Audio_Speech_Actors_01-24/Actor_12/03-01-04-02-02-02-12.wav,3,1,sad,4,2,2,2,12,female,03-01-04-02-02-02-12.wav,-474.84927,30.198483,-20.86598,-8.209587,-6.4065,-17.401333,-10.43137,-11.564171,-14.525407,2.7704535,-8.553334,-1.9963427,-4.1440935,-0.0030928743,-0.0043360773,-0.004222116,-0.0040370347,-0.0037877716,-0.0034837322,-0.003136298,-0.0027583688,-0.0023638902,-0.0019671617,-0.0015822542,-0.0012226205,-0.00090021145,03-01-04-02-02-02-12.wav
729,/Users/upendrasuryajonnalagadda/mindseye/Audio_Speech_Actors_01-24/Actor_12/03-01-04-01-01-02-12.wav,3,1,sad,4,1,1,2,12,female,03-01-04-01-01-02-12.wav,-614.29626,63.116604,-6.806927,8.738794,3.7644415,-6.5474668,-5.5457206,-16.580688,-10.024295,1.0530577,-7.7594595,-1.173285,-7.933705,0.77218384,0.56720585,0.17236015,0.09196394,0.07218455,0.07451246,0.09487133,0.07618859,0.04190923,0.017676888,0.02681501,0.033161532,0.029727006,03-01-04-01-01-02-12.wav
730,/Users/upendrasuryajonnalagadda/mindseye/Audio_Speech_Actors_01-24/Actor_12/03-01-07-01-01-01-12.wav,3,1,disgust,7,1,1,1,12,female,03-01-07-01-01-01-12.wav,-612.7451,52.6915,-7.3642807,12.544436,1.1422223,-3.7238364,-6.489255,-13.312788,-1.1279383,1.4672345,-8.967387,0.58951163,-5.412179,0.0011771066,0.0014621427,0.00016561947,-0.0035722388,-0.010312667,-0.019066237,-0.027937913,-0.03552251,-0.041691903,-0.04707711,-0.051866792,-0.055199284,-0.055802613,03-01-07-01-01-01-12.wav
731,/Users/upendrasuryajonnalagadda/mindseye/Audio_Speech_Actors_01-24/Actor_12/03-01-05-02-01-01-12.wav,3,1,angry,5,2,1,1,12,female,03-01-05-02-01-01-12.wav,-447.1418,43.334087,-8.309649,0.98319757,-2.0099156,-6.9530334,1.8829128,-3.9215157,-6.6211495,0.8938494,-4.4944983,-0.07714211,-3.2789524,0.06866455,0.10070327,0.101580404,0.0884207,0.068857834,0.056136526,0.05082929,0.046995454,0.042671956,0.038173035,0.034948304,0.035709307,0.03785565,03-01-05-02-01-01-12.wav
732,/Users/upendrasuryajonnalagadda/mindseye/Audio_Speech_Actors_01-24/Actor_12/03-01-06-02-01-02-12.wav,3,1,fearful,6,2,1,2,12,female,03-01-06-02-01-02-12.wav,-396.1385,26.586308,-26.117756,-9.072758,-6.1439147,-11.126052,-6.6485863,-12.683912,-11.946979,1.5870807,-5.8109345,0.63793224,4.6858735,0.022273635,0.031099368,0.029959202,0.028247368,0.026211942,0.02413795,0.02229925,0.020914216,0.020112514,0.019919647,0.020259965,0.020978231,0.021873575,03-01-06-02-01-02-12.wav
733,/Users/upendrasuryajonnalagadda/mindseye/Audio_Speech_Actors_01-24/Actor_12/03-01-06-01-02-02-12.wav,3,1,fearful,6,1,2,2,12,female,03-01-06-01-02-02-12.wav,-569.07227,40.582848,-9.763788,3.8113377,-1.904601,-9.758202,-10.511857,-16.713999,-5.1901045,-0.7005072,-10.294978,-3.580089,-7.4427633,0.17801611,0.19710276,0.08994164,0.023709103,0.02135245,0.040364556,0.040435903,0.01676348,-0.013691944,-0.040887177,-0.0566037,-0.051628694,-0.03619277,03-01-06-01-02-02-12.wav
734,/Users/upendrasuryajonnalagadda/mindseye/Audio_Speech_Actors_01-24/Actor_12/03-01-05-01-02-01-12.wav,3,1,angry,5,1,2,1,12,female,03-01-05-01-02-01-12.wav,-624.88196,48.00166,3.585274,5.141721,3.4843976,-4.7119536,-4.278292,-12.474042,-6.937225,-2.758987,-9.204906,-1.6883515,-9.161548,0.12101527,0.15095942,0.10508527,0.062366463,0.03952515,0.03312079,0.030862577,0.023648683,0.010183548,-0.0028149623,-0.0059242724,0.0024665971,0.012209721,03-01-05-01-02-01-12.wav
735,/Users/upendrasuryajonnalagadda/mindseye/Audio_Speech_Actors_01-24/Actor_12/03-01-08-01-02-02-12.wav,3,1,surprised,8,1,2,2,12,female,03-01-08-01-02-02-12.wav,-607.887,44.447006,-4.1559863,3.13709,-0.5143184,-7.9539285,-7.173357,-17.410475,-8.672375,-5.08043,-9.272479,-1.2176523,-11.731789,0.05300786,0.065736756,0.045454234,0.028828964,0.023358064,0.023036432,0.016510034,0.00019922011,-0.018063363,-0.028126925,-0.028139267,-0.024617914,-0.023290578,03-01-08-01-02-02-12.wav
736,/Users/upendrasuryajonnalagadda/mindseye/Audio_Speech_Actors_01-24/Actor_12/03-01-08-02-01-02-12.wav,3,1,surprised,8,2,1,2,12,female,03-01-08-02-01-02-12.wav,-530.0137,39.484547,-17.308502,2.9783754,-4.3088083,-11.85934,-9.304475,-14.269716,-4.4896455,-0.58259064,-6.6974006,-3.3029892,-10.506747,0.009467273,0.012631861,0.01072482,0.008542789,0.0069167926,0.0060641603,0.005471443,0.0044419426,0.0028847938,0.0015525225,0.001379244,0.0025113355,0.004034054,03-01-08-02-01-02-12.wav
737,/Users/upendrasuryajonnalagadda/mindseye/Audio_Speech_Actors_01-24/Actor_12/03-01-04-02-01-01-12.wav,3,1,sad,4,2,1,1,12,female,03-01-04-02-01-01-12.wav,-526.048,45.470585,-17.033861,2.015339,-4.9191895,-13.458518,-6.982326,-10.99064,-12.988942,2.9002502,-6.6117435,-0.21019521,-2.2348962,-0.053553417,-0.06511825,-0.071189284,-0.05907914,-0.054905247,-0.045171842,-0.03518857,-0.036816534,-0.029333469,-0.04041363,-0.032560185,-0.040355235,-0.030498521,03-01-04-02-01-01-12.wav
738,/Users/upendrasuryajonnalagadda/mindseye/Audio_Speech_Actors_01-24/Actor_12/03-01-07-02-01-02-12.wav,3,1,disgust,7,2,1,2,12,female,03-01-07-02-01-02-12.wav,-514.7533,50.85848,-20.525364,-3.6083038,-9.386665,-9.762218,-8.020326,-20.655445,-9.601514,0.7885387,-12.536701,-3.4497306,-10.612611,0.016594868,0.022620844,0.0201018,0.016018232,0.010676486,0.0047488506,-0.0007120785,-0.004619754,-0.0064592557,-0.006670981,-0.006368248,-0.0065017547,-0.007167933,03-01-07-02-01-02-12.wav
739,/Users/upendrasuryajonnalagadda/mindseye/Audio_Speech_Actors_01-24/Actor_12/03-01-07-01-02-02-12.wav,3,1,disgust,7,1,2,2,12,female,03-01-07-01-02-02-12.wav,-626.0834,56.503174,0.2206256,4.618835,0.4597601,-2.8231888,-5.3426104,-13.317151,-1.6726726,0.17903897,-6.38453,-0.23012409,-9.834822,0.16373253,0.19851923,0.1293715,0.077844955,0.06263645,0.0607075,0.048593055,0.029004956,0.015936056,0.011310148,0.0065422654,-0.000676436,-0.0033689975,03-01-07-01-02-02-12.wav
740,/Users/upendrasuryajonnalagadda/mindseye/Audio_Speech_Actors_01-24/Actor_12/03-01-04-01-02-01-12.wav,3,1,sad,4,1,2,1,12,female,03-01-04-01-02-01-12.wav,-651.3485,40.363014,1.845283,5.839365,3.291536,0.20034109,-0.5171044,-12.332882,-5.105213,-2.7112613,-4.2979827,1.8100966,-7.649213,0.07671044,0.09191062,0.05669528,0.030636806,0.026111007,0.030960195,0.026578207,0.009434406,-0.007850911,-0.012938988,-0.0063760118,0.0018065651,0.003595976,03-01-04-01-02-01-12.wav
741,/Users/upendrasuryajonnalagadda/mindseye/Audio_Speech_Actors_01-24/Actor_12/03-01-06-02-02-01-12.wav,3,1,fearful,6,2,2,1,12,female,03-01-06-02-02-01-12.wav,-425.98376,29.446138,-19.657452,-9.834448,-7.5080395,-12.304817,-11.077904,-18.288445,-11.510534,-1.6115551,-9.514784,-1.533051,0.62416726,0.00032491048,0.00045420328,0.00043663025,0.00040824612,0.00036940258,0.00032112122,0.00026479084,0.00020170848,0.00013352712,6.192525e-05,-1.1291504e-05,-8.417766e-05,-0.00015494664,03-01-06-02-02-01-12.wav
742,/Users/upendrasuryajonnalagadda/mindseye/Audio_Speech_Actors_01-24/Actor_12/03-01-05-02-02-02-12.wav,3,1,angry,5,2,2,2,12,female,03-01-05-02-02-02-12.wav,-410.90738,39.60381,-13.515815,-9.879,-3.4780238,-8.527061,-1.6732537,-6.3410454,-9.218745,2.7930691,-3.618628,-3.350961,-4.818736,0.02071353,0.02925983,0.029160924,0.028997675,0.02877301,0.02849064,0.028155098,0.027771939,0.027347242,0.026887804,0.026400795,0.025893694,0.025374085,03-01-05-02-02-02-12.wav
743,/Users/upendrasuryajonnalagadda/mindseye/Audio_Speech_Actors_01-24/Actor_12/03-01-05-01-01-02-12.wav,3,1,angry,5,1,1,2,12,female,03-01-05-01-01-02-12.wav,-577.7915,55.93935,-6.1903915,13.128688,0.57152045,-4.699979,0.2469565,-6.9476275,-7.8363547,-1.476404,-2.7383642,-1.3846982,-4.57757,0.08074738,0.1074358,0.090953104,0.0733014,0.061486434,0.056015037,0.051193263,0.040491145,0.022672774,0.0035672686,-0.008217928,-0.008253569,-7.5503835e-05,03-01-05-01-01-02-12.wav
744,/Users/upendrasuryajonnalagadda/mindseye/Audio_Speech_Actors_01-24/Actor_12/03-01-06-01-01-01-12.wav,3,1,fearful,6,1,1,1,12,female,03-01-06-01-01-01-12.wav,-522.99426,48.374958,-7.8310347,7.8147073,0.35336927,-5.428474,-7.5822372,-12.316801,-2.401512,0.39100122,-5.7388377,0.063039355,-3.3066895,0.23513919,0.27760988,0.17015207,0.09928723,0.07445847,0.055371784,0.037483595,0.037860155,0.04307419,0.034730524,0.028839001,0.04404079,0.06188255,03-01-06-01-01-01-12.wav
745,/Users/upendrasuryajonnalagadda/mindseye/Audio_Speech_Actors_01-24/Actor_12/03-01-01-01-01-01-12.wav,3,1,neutral,1,1,1,1,12,female,03-01-01-01-01-01-12.wav,-683.84106,59.444565,-0.82516867,10.537367,1.5768415,-4.614728,-1.5890796,-9.401205,-10.498345,-4.1010003,-7.026869,-3.2290945,-8.429379,0.0974193,0.116408184,0.067484185,0.019827558,-0.008093208,-0.016354475,-0.01910852,-0.026175518,-0.032396622,-0.03238447,-0.029245228,-0.02514252,-0.020515278,03-01-01-01-01-01-12.wav
746,/Users/upendrasuryajonnalagadda/mindseye/Audio_Speech_Actors_01-24/Actor_12/03-01-02-01-01-02-12.wav,3,1,calm,2,1,1,2,12,female,03-01-02-01-01-02-12.wav,-665.38074,67.22134,-0.665231,10.251054,3.8163235,-0.8403908,-1.0815349,-10.091792,-5.899158,-5.5198803,-4.540181,-0.7454719,-10.560313,0.24714726,0.2830365,0.14854881,0.05711539,0.03775392,0.04037562,0.03043211,0.017091636,0.008108982,-0.00082507456,-0.00410764,0.0023995996,0.009212307,03-01-02-01-01-02-12.wav
747,/Users/upendrasuryajonnalagadda/mindseye/Audio_Speech_Actors_01-24/Actor_12/03-01-02-02-02-02-12.wav,3,1,calm,2,2,2,2,12,female,03-01-02-02-02-02-12.wav,-674.3091,51.199993,3.120612,5.338328,-0.31234592,-4.067891,-4.72688,-11.051495,-7.538234,-7.0951138,-9.238577,-1.6992632,-11.5063,0.19431658,0.23410916,0.123009495,0.06321505,0.064124085,0.055013314,0.04128678,0.011195834,-0.023328735,-0.048201885,-0.046883386,-0.027909756,-0.0036195894,03-01-02-02-02-02-12.wav
748,/Users/upendrasuryajonnalagadda/mindseye/Audio_Speech_Actors_01-24/Actor_12/03-01-03-01-02-01-12.wav,3,1,happy,3,1,2,1,12,female,03-01-03-01-02-01-12.wav,-590.76984,43.79759,-12.722207,5.9913096,-1.1365412,-10.649233,-7.511237,-17.914774,-9.981129,-5.32419,-9.051734,-1.3714693,-14.072691,0.060589116,0.077986054,0.059961494,0.042363375,0.03254389,0.029331561,0.025990833,0.017434202,0.004559056,-0.007522684,-0.014521807,-0.016302545,-0.016236538,03-01-03-01-02-01-12.wav
749,/Users/upendrasuryajonnalagadda/mindseye/Audio_Speech_Actors_01-24/Actor_12/03-01-03-02-01-01-12.wav,3,1,happy,3,2,1,1,12,female,03-01-03-02-01-01-12.wav,-472.55554,36.757656,-21.166637,2.7753022,-1.0857033,-11.61751,-1.3894686,-5.019624,-5.91322,3.4223747,-3.7417018,2.3261843,-4.7027493,0.017098563,0.024176294,0.024160784,0.02413188,0.02408623,0.024018738,0.023924094,0.023796963,0.02363249,0.023426894,0.023177635,0.022883886,0.022546666,03-01-03-02-01-01-12.wav
750,/Users/upendrasuryajonnalagadda/mindseye/Audio_Speech_Actors_01-24/Actor_12/03-01-08-02-02-02-12.wav,3,1,surprised,8,2,2,2,12,female,03-01-08-02-02-02-12.wav,-564.6766,40.00111,-8.843198,-5.985014,-3.865143,-11.443148,-11.841589,-15.21317,-8.644645,-1.4729346,-12.173672,-3.856213,-11.875544,0.011022412,0.015078574,0.0135630965,0.011072987,0.0076685194,0.0034727901,-0.0012760762,-0.0062016663,-0.010839918,-0.014761804,-0.017700639,-0.019599909,-0.020548388,03-01-08-02-02-02-12.wav
751,/Users/upendrasuryajonnalagadda/mindseye/Audio_Speech_Actors_01-24/Actor_12/03-01-08-01-01-02-12.wav,3,1,surprised,8,1,1,2,12,female,03-01-08-01-01-02-12.wav,-595.3377,51.636086,-4.1012545,6.482227,2.92921,-3.4959588,-3.1771572,-6.944542,-6.5674706,2.3084173,-6.131372,-0.77272654,-4.8564897,0.042239048,0.050529916,0.027621616,0.0019047245,-0.016733024,-0.02497394,-0.025908792,-0.024566151,-0.02400917,-0.024531484,-0.024764026,-0.023437068,-0.021425715,03-01-08-01-01-02-12.wav
752,/Users/upendrasuryajonnalagadda/mindseye/Audio_Speech_Actors_01-24/Actor_12/03-01-05-01-02-02-12.wav,3,1,angry,5,1,2,2,12,female,03-01-05-01-02-02-12.wav,-608.3222,42.47333,-4.184791,4.2538686,-0.23761404,-7.5374565,-4.8177333,-14.514141,-7.347829,-2.3186731,-8.709983,-2.1008422,-8.516633,0.054065384,0.07043619,0.055685077,0.039608758,0.028169509,0.021993786,0.017161544,0.009645889,-0.00066785974,-0.009863315,-0.013677427,-0.011570813,-0.0075424663,03-01-05-01-02-02-12.wav
753,/Users/upendrasuryajonnalagadda/mindseye/Audio_Speech_Actors_01-24/Actor_12/03-01-06-01-02-01-12.wav,3,1,fearful,6,1,2,1,12,female,03-01-06-01-02-01-12.wav,-578.6352,41.67074,-11.487803,5.60616,-2.8461545,-8.982857,-9.237437,-19.708868,-5.1587973,-1.8328847,-9.82009,-3.2241793,-9.309408,0.032879762,0.044549342,0.039607506,0.03369619,0.028477699,0.02418829,0.019678494,0.013387524,0.0046046334,-0.0057293293,-0.015271291,-0.021589708,-0.023691008,03-01-06-01-02-01-12.wav
754,/Users/upendrasuryajonnalagadda/mindseye/Audio_Speech_Actors_01-24/Actor_12/03-01-06-02-01-01-12.wav,3,1,fearful,6,2,1,1,12,female,03-01-06-02-01-01-12.wav,-434.16275,33.842625,-20.775936,-2.66233,-2.221054,-10.2988615,-5.4131966,-10.489646,-8.067303,7.723739,-6.674224,-3.4179757,-3.0558085,0.03093876,0.043615304,0.043206826,0.0425492,0.041675385,0.040628325,0.039458137,0.038218055,0.036960755,0.035734214,0.03457771,0.03351912,0.032572668,03-01-06-02-01-01-12.wav
755,/Users/upendrasuryajonnalagadda/mindseye/Audio_Speech_Actors_01-24/Actor_12/03-01-05-02-01-02-12.wav,3,1,angry,5,2,1,2,12,female,03-01-05-02-01-02-12.wav,-372.67606,33.79635,-19.069407,-7.4359,-5.4643073,-9.217491,-0.11751283,-5.029571,-7.630672,-0.61277944,-6.39205,-2.0830684,-4.7420278,0.072761774,0.09871484,0.09353244,0.085849114,0.07333043,0.06437826,0.054549593,0.045269936,0.038966388,0.03175071,0.03131773,0.032782994,0.030196317,03-01-05-02-01-02-12.wav
756,/Users/upendrasuryajonnalagadda/mindseye/Audio_Speech_Actors_01-24/Actor_12/03-01-07-01-01-02-12.wav,3,1,disgust,7,1,1,2,12,female,03-01-07-01-01-02-12.wav,-611.05896,69.743355,-11.4987,16.442072,0.37430292,-3.5117576,-4.182166,-16.313976,-8.029789,0.74043113,-9.113893,0.44926006,-7.413366,-0.47879028,-0.28809196,-0.029330324,-0.11794074,-0.08182347,-0.05976243,-0.020727277,-0.014060569,-0.024293924,-0.035407495,-0.035819314,-0.02621587,-0.018779945,03-01-07-01-01-02-12.wav
757,/Users/upendrasuryajonnalagadda/mindseye/Audio_Speech_Actors_01-24/Actor_12/03-01-04-01-01-01-12.wav,3,1,sad,4,1,1,1,12,female,03-01-04-01-01-01-12.wav,-623.33356,56.969315,-10.088537,5.268781,1.0130796,-7.0290112,-5.593106,-11.844839,-10.423995,-2.450724,-6.343034,-1.9124818,-6.9459267,0.027816676,0.03243342,0.015660172,-0.002248632,-0.014502855,-0.02089167,-0.02614009,-0.033629473,-0.041147064,-0.043472935,-0.03867699,-0.030336281,-0.023256926,03-01-04-01-01-01-12.wav
758,/Users/upendrasuryajonnalagadda/mindseye/Audio_Speech_Actors_01-24/Actor_12/03-01-04-02-02-01-12.wav,3,1,sad,4,2,2,1,12,female,03-01-04-02-02-01-12.wav,-528.4066,33.926037,-22.23791,-5.4596863,-7.1752415,-14.074404,-11.473903,-13.804055,-15.267828,1.3208842,-9.375712,-4.0537643,-4.6326385,0.10217043,0.13484094,0.11140172,0.08662219,0.07099365,0.06645901,0.067005284,0.06513654,0.058286365,0.04994896,0.04536459,0.046263736,0.04945976,03-01-04-02-02-01-12.wav
759,/Users/upendrasuryajonnalagadda/mindseye/Audio_Speech_Actors_01-24/Actor_12/03-01-07-02-02-02-12.wav,3,1,disgust,7,2,2,2,12,female,03-01-07-02-02-02-12.wav,-525.89026,39.217724,-10.6820545,-1.9631305,-2.3002656,-8.997865,-6.947722,-15.154998,-11.542881,0.07171347,-12.584118,-0.4730024,-10.839877,0.013798026,0.0028018507,0.0062482525,0.010271615,0.0052815382,0.057396818,0.088164136,0.077117085,0.07859577,0.069495834,0.05475354,0.042232413,0.032480247,03-01-07-02-02-02-12.wav
760,/Users/upendrasuryajonnalagadda/mindseye/Audio_Speech_Actors_01-24/Actor_12/03-01-03-02-02-01-12.wav,3,1,happy,3,2,2,1,12,female,03-01-03-02-02-01-12.wav,-545.1399,40.883186,-18.864498,3.3142934,-1.2485765,-11.074561,-6.1161523,-12.7592125,-9.952271,1.0036752,-10.069662,-2.3698456,-8.548222,0.016834145,0.02158279,0.016343381,0.011234283,0.008608541,0.0082439,0.007762672,0.004884483,-0.0004202713,-0.0057568424,-0.00831393,-0.007348817,-0.0049684513,03-01-03-02-02-01-12.wav
761,/Users/upendrasuryajonnalagadda/mindseye/Audio_Speech_Actors_01-24/Actor_12/03-01-03-01-01-01-12.wav,3,1,happy,3,1,1,1,12,female,03-01-03-01-01-01-12.wav,-603.16077,55.994873,-20.019125,8.427832,-0.6310731,-8.570351,-2.8703666,-12.961958,-6.9538283,-0.16611847,-6.083625,-0.72512865,-9.669363,0.13715458,0.15902571,0.08590181,0.032892417,0.025198549,0.04244063,0.049955834,0.03213772,0.0019425988,-0.017669583,-0.018797183,-0.011365998,-0.0070412518,03-01-03-01-01-01-12.wav
762,/Users/upendrasuryajonnalagadda/mindseye/Audio_Speech_Actors_01-24/Actor_12/03-01-02-02-01-02-12.wav,3,1,calm,2,2,1,2,12,female,03-01-02-02-01-02-12.wav,-674.7555,62.5142,4.4534984,13.417761,6.4160485,-2.2323923,0.47557658,-6.4731836,-7.8677163,-2.9342427,-5.421879,-1.9575852,-8.412752,0.08398793,0.1368979,0.1344847,0.072229765,0.0337323,0.062368732,0.07767995,0.056372486,0.0691474,0.09633997,0.061170284,0.013204155,0.03500802,03-01-02-02-01-02-12.wav
763,/Users/upendrasuryajonnalagadda/mindseye/Audio_Speech_Actors_01-24/Actor_12/03-01-01-01-02-01-12.wav,3,1,neutral,1,1,2,1,12,female,03-01-01-01-02-01-12.wav,-664.54156,56.908916,0.26627624,7.9691396,6.3927026,-4.19134,-6.126171,-12.711343,-9.554717,0.09056791,-7.365537,-2.7581677,-8.353392,0.15011577,0.17700818,0.100770526,0.03550089,0.005307051,0.0043572034,0.012830417,0.008333328,-0.017589936,-0.05098075,-0.0687552,-0.06067068,-0.03844616,03-01-01-01-02-01-12.wav
764,/Users/upendrasuryajonnalagadda/mindseye/Audio_Speech_Actors_01-24/Actor_12/03-01-02-01-02-02-12.wav,3,1,calm,2,1,2,2,12,female,03-01-02-01-02-02-12.wav,-672.9665,49.916218,-0.5375296,8.571287,3.8361766,-4.2923775,-5.4182043,-12.033968,-8.105129,-4.4484878,-7.770665,-3.2960181,-11.023538,0.14060485,0.17224766,0.115515724,0.06752348,0.04272588,0.031183615,0.019034512,-0.0005703932,-0.023701314,-0.041272912,-0.046303473,-0.036688965,-0.017942246,03-01-02-01-02-02-12.wav
765,/Users/upendrasuryajonnalagadda/mindseye/Audio_Speech_Actors_01-24/Actor_12/03-01-03-02-01-02-12.wav,3,1,happy,3,2,1,2,12,female,03-01-03-02-01-02-12.wav,-478.38913,36.790016,-18.734749,4.602373,1.1856496,-10.667963,-1.3252655,-4.0673485,-6.2528563,3.8173797,-4.278724,3.1312256,-4.3182607,0.012611773,0.018017774,0.01833546,0.018307958,0.017635562,0.01648551,0.015378654,0.014772889,0.0147015555,0.014778005,0.014558519,0.013947394,0.013289718,03-01-03-02-01-02-12.wav
766,/Users/upendrasuryajonnalagadda/mindseye/Audio_Speech_Actors_01-24/Actor_12/03-01-03-01-02-02-12.wav,3,1,happy,3,1,2,2,12,female,03-01-03-01-02-02-12.wav,-589.7478,51.595764,-15.158974,6.4923787,1.2782503,-12.916118,-7.077922,-17.38728,-9.623816,-2.319608,-9.303374,-0.42417207,-11.099979,0.032482833,0.05055014,0.05457562,0.047588065,0.037626427,0.034321092,0.032398984,0.025140585,0.015737414,0.008083663,0.0031276846,0.0041757342,0.010692863,03-01-03-01-02-02-12.wav
767,/Users/upendrasuryajonnalagadda/mindseye/Audio_Speech_Actors_01-24/Actor_12/03-01-02-02-02-01-12.wav,3,1,calm,2,2,2,1,12,female,03-01-02-02-02-01-12.wav,-673.5298,51.09042,4.091927,4.326718,2.441506,-4.402964,-4.2058663,-11.771553,-6.0321364,-7.9511857,-5.7883368,-1.1209571,-11.894045,-0.04925177,-0.0025249268,0.08595009,0.06966952,0.027861305,0.031142123,0.05599259,0.049064767,0.025900912,-0.011649493,-0.050960522,-0.051521208,-0.0034226247,03-01-02-02-02-01-12.wav
768,/Users/upendrasuryajonnalagadda/mindseye/Audio_Speech_Actors_01-24/Actor_12/03-01-02-01-01-01-12.wav,3,1,calm,2,1,1,1,12,female,03-01-02-01-01-01-12.wav,-659.93176,57.204903,-0.10956231,7.5657616,2.5300524,-3.9681418,-0.5144838,-7.735546,-7.097105,-3.9935029,-6.7419024,-1.3991696,-8.144148,0.27899846,0.30686754,0.15183662,0.07218643,0.06749851,0.07399037,0.05922337,0.03385483,0.013324555,0.0013714979,0.0040038205,0.009283266,0.00841279,03-01-02-01-01-01-12.wav
769,/Users/upendrasuryajonnalagadda/mindseye/Audio_Speech_Actors_01-24/Actor_12/03-01-01-01-01-02-12.wav,3,1,neutral,1,1,1,2,12,female,03-01-01-01-01-02-12.wav,-689.5671,56.88593,-1.60322,11.154812,2.8242803,-3.5391395,-1.6409107,-8.267393,-8.80399,-0.17565289,-6.4229403,-4.2073383,-6.453051,0.07137323,0.07685259,0.034468908,0.011681793,0.008149253,0.009665848,0.0036907368,-0.011865016,-0.024838036,-0.033933077,-0.045268465,-0.04820602,-0.032698747,03-01-01-01-01-02-12.wav
770,/Users/upendrasuryajonnalagadda/mindseye/Audio_Speech_Actors_01-24/Actor_12/03-01-08-02-01-01-12.wav,3,1,surprised,8,2,1,1,12,female,03-01-08-02-01-01-12.wav,-550.4464,47.830296,-10.444943,2.1707242,-0.4994728,-8.117577,-8.721621,-14.098089,-4.0440264,-0.4196945,-5.9862375,-1.2900529,-9.49709,0.043631744,0.06093335,0.057617832,0.050198853,0.039099675,0.02720635,0.017671293,0.011553412,0.0077273967,0.004658514,0.0017998398,-0.00051300525,-0.0017709255,03-01-08-02-01-01-12.wav
771,/Users/upendrasuryajonnalagadda/mindseye/Audio_Speech_Actors_01-24/Actor_12/03-01-08-01-02-01-12.wav,3,1,surprised,8,1,2,1,12,female,03-01-08-01-02-01-12.wav,-614.53375,43.985233,-6.376623,6.066838,0.4735497,-5.725032,-5.112765,-13.346576,-6.2852554,-3.7790794,-7.5825253,-1.73647,-8.306909,0.08708282,0.10827033,0.07339265,0.039089393,0.019314008,0.0122750895,0.006983498,-0.0033922512,-0.015649164,-0.022496223,-0.021658411,-0.017651172,-0.015596283,03-01-08-01-02-01-12.wav
772,/Users/upendrasuryajonnalagadda/mindseye/Audio_Speech_Actors_01-24/Actor_12/03-01-06-01-01-02-12.wav,3,1,fearful,6,1,1,2,12,female,03-01-06-01-01-02-12.wav,-531.1049,44.80001,-11.284499,8.05302,0.904395,-5.857558,-6.237837,-12.754829,-4.792285,2.8635848,-6.632693,-2.4588594,-3.5995884,0.037315316,0.0506924,0.045787077,0.040962957,0.038328297,0.03759139,0.036578737,0.033394568,0.028321512,0.023784868,0.02237981,0.024645956,0.028513832,03-01-06-01-01-02-12.wav
773,/Users/upendrasuryajonnalagadda/mindseye/Audio_Speech_Actors_01-24/Actor_12/03-01-05-01-01-01-12.wav,3,1,angry,5,1,1,1,12,female,03-01-05-01-01-01-12.wav,-582.6856,51.937824,-2.519623,9.602828,-2.1156456,-3.0279346,1.9232838,-6.297568,-6.271195,-1.1393776,-4.072308,-1.4311142,-4.180889,0.038137022,0.05269121,0.049462993,0.04547707,0.041969642,0.0393626,0.036950633,0.03353033,0.028632402,0.023262646,0.019252056,0.01756905,0.017148582,03-01-05-01-01-01-12.wav
774,/Users/upendrasuryajonnalagadda/mindseye/Audio_Speech_Actors_01-24/Actor_12/03-01-05-02-02-01-12.wav,3,1,angry,5,2,2,1,12,female,03-01-05-02-02-01-12.wav,-469.15625,43.29846,-7.5169735,0.2335875,-0.6904494,-7.9860973,0.5779356,-8.719796,-9.1339445,-0.39005104,-7.8122544,0.29161072,-4.806031,0.020244319,0.02846313,0.027827518,0.026597163,0.025035987,0.023589576,0.022255313,0.020431425,0.017622216,0.014200931,0.011196474,0.0092364,0.007888875,03-01-05-02-02-01-12.wav
775,/Users/upendrasuryajonnalagadda/mindseye/Audio_Speech_Actors_01-24/Actor_12/03-01-06-02-02-02-12.wav,3,1,fearful,6,2,2,2,12,female,03-01-06-02-02-02-12.wav,-422.1093,27.252975,-26.342134,-8.60808,-7.374762,-10.315631,-7.6952534,-14.099063,-14.594151,0.4313769,-8.628234,-0.6440294,4.556958,0.028781148,0.04068053,0.0406152,0.040506743,0.04035517,0.040161036,0.039924886,0.03964735,0.039329264,0.038971424,0.038574867,0.038140766,0.03767022,03-01-06-02-02-02-12.wav
776,/Users/upendrasuryajonnalagadda/mindseye/Audio_Speech_Actors_01-24/Actor_12/03-01-04-01-02-02-12.wav,3,1,sad,4,1,2,2,12,female,03-01-04-01-02-02-12.wav,-630.56213,49.771896,-5.7987494,5.417123,1.3148289,-5.4318414,-4.928271,-17.327337,-9.391616,-4.033161,-9.023096,-0.5970677,-9.27024,-0.5809221,-0.18016195,0.20381793,-0.013856925,0.030921599,0.027155442,0.09385738,0.0795218,0.0897536,0.18545875,0.056274414,-0.018085929,0.07099325,03-01-04-01-02-02-12.wav
777,/Users/upendrasuryajonnalagadda/mindseye/Audio_Speech_Actors_01-24/Actor_12/03-01-07-01-02-01-12.wav,3,1,disgust,7,1,2,1,12,female,03-01-07-01-02-01-12.wav,-641.3567,53.714294,-4.8650775,3.7169185,0.3239257,-4.1076612,-8.438688,-16.034115,-4.724164,-1.0292611,-8.0467205,-3.2976332,-8.686863,0.121485,0.14212258,0.07973572,0.031891555,0.015565099,0.015768541,0.015537213,0.006580622,-0.010669977,-0.025052734,-0.028193865,-0.02735083,-0.033316974,03-01-07-01-02-01-12.wav
778,/Users/upendrasuryajonnalagadda/mindseye/Audio_Speech_Actors_01-24/Actor_12/03-01-07-02-01-01-12.wav,3,1,disgust,7,2,1,1,12,female,03-01-07-02-01-01-12.wav,-554.4965,51.066383,-14.780151,8.206827,-0.9426006,-7.1936007,-10.566627,-13.141659,-3.1538608,3.0340052,-9.774207,-3.5367296,-4.831952,0.07238965,0.09676406,0.08402393,0.07201319,0.06449986,0.058882,0.05096833,0.04009523,0.02913148,0.021079829,0.016942825,0.016160393,0.017645968,03-01-07-02-01-01-12.wav
779,/Users/upendrasuryajonnalagadda/mindseye/Audio_Speech_Actors_01-24/Actor_12/03-01-04-02-01-02-12.wav,3,1,sad,4,2,1,2,12,female,03-01-04-02-01-02-12.wav,-490.7033,39.538204,-27.377104,-6.7842255,-8.2251,-17.434532,-10.187456,-16.87588,-12.717451,3.8464303,-10.299474,-1.7904925,-6.1946745,4.718055e-05,6.515409e-05,6.091814e-05,5.3967437e-05,4.473493e-05,3.3489767e-05,2.0887222e-05,7.3368565e-06,-6.5177496e-06,-2.0126623e-05,-3.2846183e-05,-4.4129378e-05,-5.3505224e-05,03-01-04-02-01-02-12.wav
780,/Users/upendrasuryajonnalagadda/mindseye/Audio_Speech_Actors_01-24/Actor_15/03-01-08-02-02-01-15.wav,3,1,surprised,8,2,2,1,15,male,03-01-08-02-02-01-15.wav,-615.9163,73.39244,0.27187845,19.017933,16.638573,1.9781078,3.1995041,-1.8943833,-3.669809,2.133661,1.233218,2.1700103,2.2912385,-0.036434006,-0.052027937,-0.052483875,-0.051290788,-0.04832972,-0.04432627,-0.039250776,-0.032895833,-0.026379433,-0.021435661,-0.018444683,-0.016529221,-0.015300143,03-01-08-02-02-01-15.wav
781,/Users/upendrasuryajonnalagadda/mindseye/Audio_Speech_Actors_01-24/Actor_15/03-01-08-01-01-01-15.wav,3,1,surprised,8,1,1,1,15,male,03-01-08-01-01-01-15.wav,-584.38007,81.56443,-9.5835285,15.471949,14.754298,-2.6640177,1.4251714,-0.99911934,-3.552785,2.266939,0.9979569,2.4067678,-0.80781925,-0.031468872,-0.042393483,-0.037939668,-0.034134883,-0.031203227,-0.02722683,-0.021873942,-0.01723423,-0.014700336,-0.012977454,-0.01010752,-0.0060603726,-0.0021456943,03-01-08-01-01-01-15.wav
782,/Users/upendrasuryajonnalagadda/mindseye/Audio_Speech_Actors_01-24/Actor_15/03-01-06-01-02-02-15.wav,3,1,fearful,6,1,2,2,15,male,03-01-06-01-02-02-15.wav,-541.183,51.170753,-4.6539993,10.494532,6.5521407,-2.5715284,-9.227836,-12.637938,-7.059048,0.96703416,-4.606351,-4.559449,-3.5633173,-0.6824226,-0.5827354,-0.060578834,-0.13520673,-0.18141536,-0.028410831,0.0708616,0.110325284,-0.02679056,-0.1342833,-0.048141304,0.04110003,-0.065344244,03-01-06-01-02-02-15.wav
783,/Users/upendrasuryajonnalagadda/mindseye/Audio_Speech_Actors_01-24/Actor_15/03-01-05-01-02-01-15.wav,3,1,angry,5,1,2,1,15,male,03-01-05-01-02-01-15.wav,-550.429,60.767525,-6.0908656,11.497112,13.071329,-5.267502,4.2723694,1.301527,-3.518001,0.4297045,-1.6008005,1.8382008,1.2041777,0.02357025,0.03330779,0.03323059,0.033101894,0.03292179,0.03269043,0.032408036,0.032074742,0.031691026,0.031257294,0.030774236,0.030242627,0.029663509,03-01-05-01-02-01-15.wav
784,/Users/upendrasuryajonnalagadda/mindseye/Audio_Speech_Actors_01-24/Actor_15/03-01-05-02-01-01-15.wav,3,1,angry,5,2,1,1,15,male,03-01-05-02-01-01-15.wav,-478.52676,38.463116,-13.909799,5.7370615,-1.5285863,-6.342877,-0.7515381,-2.12238,-8.101247,-0.6947516,-4.827447,-3.1569622,-1.5725912,-1.994613e-07,4.9865324e-08,-1.2466331e-08,0.0,1.8699497e-08,1.8699497e-08,-6.2331655e-09,-9.3497485e-09,3.1165828e-09,0.0,0.0,-1.5582914e-09,3.1165828e-09,03-01-05-02-01-01-15.wav
785,/Users/upendrasuryajonnalagadda/mindseye/Audio_Speech_Actors_01-24/Actor_15/03-01-06-02-01-02-15.wav,3,1,fearful,6,2,1,2,15,male,03-01-06-02-01-02-15.wav,-461.2449,36.725826,-5.1949954,13.161672,7.2840104,-2.854714,-3.3847082,-1.2118762,-5.9240804,1.7545996,-2.7802582,0.3373164,-0.3108314,-0.042324424,-0.059756216,-0.05946045,-0.058973197,-0.058302257,-0.05745875,-0.056456115,-0.055310123,-0.054038227,-0.052659187,-0.051192425,-0.04965775,-0.04807466,03-01-06-02-01-02-15.wav
786,/Users/upendrasuryajonnalagadda/mindseye/Audio_Speech_Actors_01-24/Actor_15/03-01-04-01-01-02-15.wav,3,1,sad,4,1,1,2,15,male,03-01-04-01-01-02-15.wav,-665.3543,69.14726,4.779706,18.414154,17.765133,1.5513723,9.010732,0.43267438,0.08139364,5.7538614,2.1520522,7.288802,3.011291,-0.12920097,-0.14590742,-0.07788219,-0.039779715,-0.024869425,0.0074608275,0.04756228,0.051718485,0.024558874,0.016969241,0.042046994,0.05608458,0.03423148,03-01-04-01-01-02-15.wav
787,/Users/upendrasuryajonnalagadda/mindseye/Audio_Speech_Actors_01-24/Actor_15/03-01-07-01-01-01-15.wav,3,1,disgust,7,1,1,1,15,male,03-01-07-01-01-01-15.wav,-576.3143,70.69665,-4.637107,10.97847,12.964104,-3.1768675,-6.027358,-7.1763387,-6.3519387,1.0366619,-4.8979855,-3.0247393,1.2061456,-0.7171944,-0.23470515,0.14143132,-0.2675051,-0.15125312,-0.082153425,-0.044911,0.08829086,-0.011650637,-0.11549133,0.02329176,0.0036984808,-0.11800138,03-01-07-01-01-01-15.wav
788,/Users/upendrasuryajonnalagadda/mindseye/Audio_Speech_Actors_01-24/Actor_15/03-01-07-02-02-01-15.wav,3,1,disgust,7,2,2,1,15,male,03-01-07-02-02-01-15.wav,-545.84296,66.32019,-8.267576,8.4806,12.4989805,-1.2463058,-0.3174034,-5.661654,-1.6594234,1.8693224,-0.28794327,3.427722,2.5637496,0.19400196,0.23252906,0.14674525,0.08623749,0.07119252,0.06957361,0.055369504,0.036867235,0.029844284,0.03214307,0.03299124,0.029465508,0.024898402,03-01-07-02-02-01-15.wav
789,/Users/upendrasuryajonnalagadda/mindseye/Audio_Speech_Actors_01-24/Actor_15/03-01-04-02-02-02-15.wav,3,1,sad,4,2,2,2,15,male,03-01-04-02-02-02-15.wav,-599.4245,66.153946,-3.021055,16.072403,17.060469,2.7978835,1.972605,0.19324847,-0.43018946,4.8135624,0.24143024,1.6234374,1.6078137,0.6617487,0.3407123,-0.12782802,0.10697114,0.06497431,-0.07761534,-0.10573898,-0.08716549,0.011264596,-0.02257077,-0.09641831,-0.06898982,-0.024473049,03-01-04-02-02-02-15.wav
790,/Users/upendrasuryajonnalagadda/mindseye/Audio_Speech_Actors_01-24/Actor_15/03-01-03-02-02-02-15.wav,3,1,happy,3,2,2,2,15,male,03-01-03-02-02-02-15.wav,-565.1936,57.313545,-13.672283,16.512543,11.578803,-4.328179,-0.83316904,-0.58900535,-6.0228605,2.0493731,2.4913054,2.3980408,-0.84505033,-0.028729582,0.002350376,0.048259944,0.020025697,0.0011760372,0.033871952,0.0363114,0.019068414,0.032389287,0.02656922,0.00044851433,0.011846124,0.032244164,03-01-03-02-02-02-15.wav
791,/Users/upendrasuryajonnalagadda/mindseye/Audio_Speech_Actors_01-24/Actor_15/03-01-03-01-01-02-15.wav,3,1,happy,3,1,1,2,15,male,03-01-03-01-01-02-15.wav,-601.149,69.35263,-5.754328,14.609996,11.540499,-2.550797,2.9429462,0.5335167,-4.5108767,1.4123498,0.8487499,3.1543205,0.62155914,0.32241714,0.2419638,0.13469046,0.10854721,0.04612158,0.09435749,0.02215751,0.04914295,0.027875423,0.0106442105,0.044194326,0.00034705136,0.043048564,03-01-03-01-01-02-15.wav
792,/Users/upendrasuryajonnalagadda/mindseye/Audio_Speech_Actors_01-24/Actor_15/03-01-02-02-01-01-15.wav,3,1,calm,2,2,1,1,15,male,03-01-02-02-01-01-15.wav,-653.1013,74.07045,6.0321293,14.809563,9.179352,0.67981267,1.0146271,1.1735662,-0.11392538,-2.08723,1.5887728,4.2803698,-2.757961,-0.004421018,-0.0012115863,0.008454977,0.0130529525,0.009813668,0.0043185013,0.0018382537,0.0011883861,-0.0017484569,-0.0076877307,-0.013597837,-0.01673152,-0.01628631,03-01-02-02-01-01-15.wav
793,/Users/upendrasuryajonnalagadda/mindseye/Audio_Speech_Actors_01-24/Actor_15/03-01-02-01-02-01-15.wav,3,1,calm,2,1,2,1,15,male,03-01-02-01-02-01-15.wav,-613.60144,76.341354,-1.8250074,18.783926,8.865776,2.354106,1.6306611,-3.378222,-2.40217,-2.5921326,-0.86373657,8.80908,-2.8722703,-0.11594557,0.11326495,0.18848656,-0.0063842037,0.021614525,-0.08916845,-0.07621868,0.05436329,-0.013984002,0.047413062,0.070195444,-0.007740175,0.09472404,03-01-02-01-02-01-15.wav
794,/Users/upendrasuryajonnalagadda/mindseye/Audio_Speech_Actors_01-24/Actor_15/03-01-01-01-02-02-15.wav,3,1,neutral,1,1,2,2,15,male,03-01-01-01-02-02-15.wav,-634.5315,70.592094,3.094636,14.495054,11.178092,-0.5936019,4.2678385,-1.5846437,-2.8879132,0.80985296,-0.51572484,2.1973493,1.3989218,0.059193097,0.08308598,0.08125552,0.07835476,0.07459166,0.070225306,0.065538235,0.060806897,0.056273323,0.05212181,0.04846215,0.045322534,0.042651825,03-01-01-01-02-02-15.wav
795,/Users/upendrasuryajonnalagadda/mindseye/Audio_Speech_Actors_01-24/Actor_15/03-01-03-02-01-01-15.wav,3,1,happy,3,2,1,1,15,male,03-01-03-02-01-01-15.wav,-532.9119,51.433357,-2.8811984,18.861526,12.020345,1.4250757,4.652513,5.4159746,-1.2699283,6.2953253,1.9495071,4.9937873,3.743623,0.071717694,0.052810173,0.0527871,0.07880013,0.042254888,0.05997732,0.05198719,0.03152208,0.060283523,0.032053724,0.027277092,0.05966501,0.04155566,03-01-03-02-01-01-15.wav
796,/Users/upendrasuryajonnalagadda/mindseye/Audio_Speech_Actors_01-24/Actor_15/03-01-03-01-02-01-15.wav,3,1,happy,3,1,2,1,15,male,03-01-03-01-02-01-15.wav,-606.44696,71.487305,-7.576394,15.287767,15.322896,0.3273947,-0.6638493,-1.1354192,-2.833919,-0.62119085,1.3632966,2.374053,-0.14707036,0.002447552,0.0037986967,0.0045412118,0.005297025,0.006094509,0.0071261725,0.0081693595,0.008723497,0.008666422,0.008331312,0.007900185,0.0071793133,0.0061426098,03-01-03-01-02-01-15.wav
797,/Users/upendrasuryajonnalagadda/mindseye/Audio_Speech_Actors_01-24/Actor_15/03-01-02-02-02-02-15.wav,3,1,calm,2,2,2,2,15,male,03-01-02-02-02-02-15.wav,-633.4324,72.461464,7.8138294,19.501888,9.385096,5.817988,1.8771654,-1.9553874,1.1002676,0.09041067,-1.1762284,5.4238496,-3.9457371,0.06371405,0.08075054,0.051489413,0.011851351,-0.014303929,-0.019700736,-0.025993409,-0.048290808,-0.0715927,-0.07687565,-0.06598507,-0.049112994,-0.03102159,03-01-02-02-02-02-15.wav
798,/Users/upendrasuryajonnalagadda/mindseye/Audio_Speech_Actors_01-24/Actor_15/03-01-01-01-01-01-15.wav,3,1,neutral,1,1,1,1,15,male,03-01-01-01-01-01-15.wav,-636.1296,68.812126,-2.3801985,12.385966,10.588827,-2.0869367,1.1574135,-1.7418481,-3.7176037,-1.2529266,-1.4916748,0.43260247,-0.8857497,0.051354606,0.06522787,0.058078047,0.062009107,0.06032429,0.04727361,0.040448405,0.04336456,0.039484285,0.029113457,0.028805118,0.034526203,0.031766552,03-01-01-01-01-01-15.wav
799,/Users/upendrasuryajonnalagadda/mindseye/Audio_Speech_Actors_01-24/Actor_15/03-01-02-01-01-02-15.wav,3,1,calm,2,1,1,2,15,male,03-01-02-01-01-02-15.wav,-653.8808,71.33314,3.3403304,17.31491,9.239966,1.6423587,2.4020064,-2.2898715,0.93503165,-1.4821013,-0.037170656,5.618354,-2.424345,-0.0045657465,-0.028843025,-0.044559505,-0.045451116,-0.057816807,-0.03353648,-0.010366644,-0.03164516,-0.026333464,-0.0086498195,-0.025359415,-0.030216414,-0.020522762,03-01-02-01-01-02-15.wav
800,/Users/upendrasuryajonnalagadda/mindseye/Audio_Speech_Actors_01-24/Actor_15/03-01-08-02-01-02-15.wav,3,1,surprised,8,2,1,2,15,male,03-01-08-02-01-02-15.wav,-565.1387,61.977833,-4.881947,18.496073,15.71916,-2.4255161,3.2536454,1.4301733,-2.7825954,5.56022,3.0913367,1.0774708,1.2328817,0.048045553,0.06736355,0.06566135,0.06296299,0.059463073,0.055407476,0.05106932,0.04672095,0.04260656,0.038917027,0.035772882,0.033216394,0.031215841,03-01-08-02-01-02-15.wav
801,/Users/upendrasuryajonnalagadda/mindseye/Audio_Speech_Actors_01-24/Actor_15/03-01-08-01-02-02-15.wav,3,1,surprised,8,1,2,2,15,male,03-01-08-01-02-02-15.wav,-614.2443,72.72974,2.535544,14.078129,11.348114,1.0028504,0.8724605,-5.386132,-4.9631863,2.8059907,-1.5060759,0.4257434,0.7824272,0.04313137,0.051024817,0.03831064,0.037118703,0.04226391,0.044271052,0.042265173,0.029359942,0.014295996,0.01725841,0.028905371,0.023174966,0.006402721,03-01-08-01-02-02-15.wav
802,/Users/upendrasuryajonnalagadda/mindseye/Audio_Speech_Actors_01-24/Actor_15/03-01-05-01-01-02-15.wav,3,1,angry,5,1,1,2,15,male,03-01-05-01-01-02-15.wav,-510.9304,50.60923,-8.116907,6.4830995,3.9408336,-7.882689,2.5309863,-0.44860548,-5.355155,1.5819939,-3.3965032,0.4000274,0.14515632,0.036858976,0.05207507,0.051923826,0.051673166,0.051324636,0.05088107,0.050345648,0.04972211,0.04901492,0.04822897,0.047369506,0.04644221,0.045452967,03-01-05-01-01-02-15.wav
803,/Users/upendrasuryajonnalagadda/mindseye/Audio_Speech_Actors_01-24/Actor_15/03-01-06-01-01-01-15.wav,3,1,fearful,6,1,1,1,15,male,03-01-06-01-01-01-15.wav,-606.825,57.95337,6.440294,13.98912,17.107903,4.733296,4.660355,-0.136395,0.7611368,4.6785445,2.2400675,5.7659535,3.2711232,0.01507355,0.024479153,0.027710788,0.025641568,0.02204889,0.02394056,0.02739097,0.026992185,0.024320515,0.024904238,0.027406976,0.028155757,0.02721151,03-01-06-01-01-01-15.wav
804,/Users/upendrasuryajonnalagadda/mindseye/Audio_Speech_Actors_01-24/Actor_15/03-01-06-02-02-01-15.wav,3,1,fearful,6,2,2,1,15,male,03-01-06-02-02-01-15.wav,-521.6234,47.49164,-2.5053856,14.664853,13.408641,-3.0618227,-0.39792496,-1.041495,-3.4360776,3.4573963,-2.1078243,0.74437565,2.769263,0.004571993,0.010575543,0.016965814,0.01751986,0.014890318,0.017248493,0.023878502,0.025846303,0.02060047,0.01608535,0.017597407,0.019375801,0.01477118,03-01-06-02-02-01-15.wav
805,/Users/upendrasuryajonnalagadda/mindseye/Audio_Speech_Actors_01-24/Actor_15/03-01-05-02-02-02-15.wav,3,1,angry,5,2,2,2,15,male,03-01-05-02-02-02-15.wav,-423.50287,34.412727,-9.38377,6.2555013,2.1840909,-8.792048,-0.7142337,-3.5317616,-7.701312,-2.233555,-5.171213,-0.13299802,-2.464222,-0.0008431459,-0.0029082175,-0.0052908505,-0.0043430207,-0.0010841795,-6.780869e-05,-0.0023931784,-0.004023436,-0.0021029313,0.0004954338,-0.00042360256,-0.0037658582,-0.0047256276,03-01-05-02-02-02-15.wav
806,/Users/upendrasuryajonnalagadda/mindseye/Audio_Speech_Actors_01-24/Actor_15/03-01-07-01-02-02-15.wav,3,1,disgust,7,1,2,2,15,male,03-01-07-01-02-02-15.wav,-550.4107,65.11597,-2.5156744,10.5794,13.258022,-1.2450563,-1.9457009,-4.436501,-6.6487136,1.5103859,-3.1061304,-1.2994663,-1.3831894,-0.036001552,-0.050345205,-0.04867209,-0.045986198,-0.042433333,-0.038202718,-0.03351332,-0.028598092,-0.023688328,-0.018997638,-0.014709213,-0.010964286,-0.0078556,03-01-07-01-02-02-15.wav
807,/Users/upendrasuryajonnalagadda/mindseye/Audio_Speech_Actors_01-24/Actor_15/03-01-04-01-02-01-15.wav,3,1,sad,4,1,2,1,15,male,03-01-04-01-02-01-15.wav,-620.6927,63.218082,-0.6089426,15.361637,14.933909,1.1181754,2.5741112,0.6271719,-0.6233091,1.793618,1.465167,4.1626062,3.2472048,0.2891389,0.36766532,0.25878412,0.11935761,-0.0089917015,-0.097836085,-0.14043653,-0.14819926,-0.13922776,-0.12665875,-0.11334362,-0.09473222,-0.06640713,03-01-04-01-02-01-15.wav
808,/Users/upendrasuryajonnalagadda/mindseye/Audio_Speech_Actors_01-24/Actor_15/03-01-04-02-01-01-15.wav,3,1,sad,4,2,1,1,15,male,03-01-04-02-01-01-15.wav,-568.3965,57.71993,-0.54642713,14.221496,12.092505,-0.0922087,2.2139127,0.0976259,-2.2881484,1.9192839,0.03604072,4.603674,2.311546,-0.034020606,-0.047711205,-0.04664133,-0.045204367,-0.04366444,-0.042096477,-0.04040956,-0.038511623,-0.036463387,-0.03448679,-0.032820333,-0.031549644,-0.030560162,03-01-04-02-01-01-15.wav
809,/Users/upendrasuryajonnalagadda/mindseye/Audio_Speech_Actors_01-24/Actor_15/03-01-07-02-01-02-15.wav,3,1,disgust,7,2,1,2,15,male,03-01-07-02-01-02-15.wav,-562.9841,84.27423,-2.8693721,13.94864,14.324968,0.70787823,0.43627784,-4.8423204,-3.8108647,4.507468,4.468786,4.2572536,2.7612715,-0.35709852,-0.39586976,-0.14846073,-0.03102633,-0.04877519,-0.019192211,-0.019202134,-0.025201261,-0.024008425,-0.042034477,-0.02663014,-0.03297282,-0.02251113,03-01-07-02-01-02-15.wav
810,/Users/upendrasuryajonnalagadda/mindseye/Audio_Speech_Actors_01-24/Actor_15/03-01-01-01-02-01-15.wav,3,1,neutral,1,1,2,1,15,male,03-01-01-01-02-01-15.wav,-637.4901,74.69771,2.6197824,13.837626,12.754578,2.016368,3.3495028,0.99501747,-1.74107,-0.805378,0.54932034,3.4982336,1.3830628,-0.013921341,-0.019454341,-0.018782161,-0.017774902,-0.016628893,-0.015604723,-0.014938034,-0.014731075,-0.0148965465,-0.01518686,-0.015280653,-0.014867105,-0.01369178,03-01-01-01-02-01-15.wav
811,/Users/upendrasuryajonnalagadda/mindseye/Audio_Speech_Actors_01-24/Actor_15/03-01-02-01-02-02-15.wav,3,1,calm,2,1,2,2,15,male,03-01-02-01-02-02-15.wav,-647.1163,70.270775,7.4152446,14.139685,11.335895,1.4448037,2.0395386,0.9595162,-2.131322,-2.3524756,-1.1016784,4.7480555,-1.5368024,0.033641074,0.04370521,0.033535827,0.020443631,0.00785876,-0.0019770784,-0.008193524,-0.011101153,-0.011949738,-0.012301123,-0.013131922,-0.014521292,-0.01623509,03-01-02-01-02-02-15.wav
812,/Users/upendrasuryajonnalagadda/mindseye/Audio_Speech_Actors_01-24/Actor_15/03-01-02-02-01-02-15.wav,3,1,calm,2,2,1,2,15,male,03-01-02-02-01-02-15.wav,-641.1256,78.29426,7.615611,17.364248,9.96455,1.4715447,3.1011155,1.9279842,-0.022399507,-0.8266953,1.6280186,3.8097878,-1.1293315,-0.117012955,-0.14541635,-0.09695919,-0.044100795,-0.0037038703,0.0220416,0.039129145,0.050176598,0.050618753,0.03774552,0.01858082,0.0044896225,0.0009135967,03-01-02-02-01-02-15.wav
813,/Users/upendrasuryajonnalagadda/mindseye/Audio_Speech_Actors_01-24/Actor_15/03-01-03-01-01-01-15.wav,3,1,happy,3,1,1,1,15,male,03-01-03-01-01-01-15.wav,-614.28784,70.56146,-9.808886,14.550426,12.024759,-4.4173183,-0.47894558,-0.16279405,-6.4767137,0.71178883,1.5421363,0.85740495,0.19528893,0.058410853,0.08220615,0.08101838,0.07906954,0.07640655,0.07309422,0.0692152,0.06486838,0.06016682,0.05523454,0.05020178,0.04519991,0.040354826,03-01-03-01-01-01-15.wav
814,/Users/upendrasuryajonnalagadda/mindseye/Audio_Speech_Actors_01-24/Actor_15/03-01-03-02-02-01-15.wav,3,1,happy,3,2,2,1,15,male,03-01-03-02-02-01-15.wav,-500.97034,58.109875,-11.158824,13.737793,12.734792,-5.3674426,-1.2527697,-0.47194672,-7.6403937,2.2309704,-0.31898546,1.0588106,-0.40002492,0.003292549,0.03466376,0.055137973,0.030314794,0.02956024,0.039352044,0.018294765,0.011999184,0.02534008,0.01599647,0.0064079706,0.0151831815,0.018528689,03-01-03-02-02-01-15.wav
815,/Users/upendrasuryajonnalagadda/mindseye/Audio_Speech_Actors_01-24/Actor_15/03-01-08-01-01-02-15.wav,3,1,surprised,8,1,1,2,15,male,03-01-08-01-01-02-15.wav,-581.8617,62.39757,-5.0497003,12.026016,9.4812155,-0.97112256,2.9937813,-1.8711668,-3.8702586,2.273024,0.24005055,-0.95068,-2.4837286,-0.014199685,-0.020133255,-0.020285588,-0.020528205,-0.020845426,-0.021215554,-0.021612683,-0.022007085,-0.022366831,-0.022658879,-0.022850562,-0.022910854,-0.022811582,03-01-08-01-01-02-15.wav
816,/Users/upendrasuryajonnalagadda/mindseye/Audio_Speech_Actors_01-24/Actor_15/03-01-08-02-02-02-15.wav,3,1,surprised,8,2,2,2,15,male,03-01-08-02-02-02-15.wav,-556.39136,65.542305,-3.7447324,16.868868,15.535526,-2.4438334,-1.5439006,-2.9725468,-6.7472253,0.5171513,-2.0813856,0.38798448,0.047486834,-0.0056635537,-0.0080862045,-0.008283894,-0.00851949,-0.008678172,-0.008643759,-0.008328663,-0.0076966817,-0.0067718956,-0.005631884,-0.0043881205,-0.0031574767,-0.002033881,03-01-08-02-02-02-15.wav
817,/Users/upendrasuryajonnalagadda/mindseye/Audio_Speech_Actors_01-24/Actor_15/03-01-04-02-02-01-15.wav,3,1,sad,4,2,2,1,15,male,03-01-04-02-02-01-15.wav,-595.0796,56.642433,-9.496664,12.325309,12.940951,-3.7862146,0.71750534,-2.5492544,-5.0031643,3.0766633,-3.381423,-1.5831642,0.19315705,0.07556551,0.03355717,-0.06371669,-0.030288896,0.05730831,0.035431094,-0.06289799,-0.08028679,-0.01009506,0.016891198,-0.026287353,-0.04336572,-0.0059336247,03-01-04-02-02-01-15.wav
818,/Users/upendrasuryajonnalagadda/mindseye/Audio_Speech_Actors_01-24/Actor_15/03-01-07-02-02-02-15.wav,3,1,disgust,7,2,2,2,15,male,03-01-07-02-02-02-15.wav,-552.0561,57.810905,-1.739795,9.140096,14.149573,-1.2430074,-0.9028208,-6.2183366,-1.2971458,3.2800324,-3.4683683,1.7025377,0.03337794,-0.035316367,-0.042078655,-0.011757635,0.0058487193,-0.028631417,-0.051784262,-0.022449786,-0.0127657065,-0.039630495,-0.040069222,-0.022420248,-0.019981628,-0.00958079,03-01-07-02-02-02-15.wav
819,/Users/upendrasuryajonnalagadda/mindseye/Audio_Speech_Actors_01-24/Actor_15/03-01-07-01-01-02-15.wav,3,1,disgust,7,1,1,2,15,male,03-01-07-01-01-02-15.wav,-596.33685,78.72183,-17.860052,11.297239,10.862456,-2.2596536,-1.4429373,-5.7604823,-3.656166,3.7147875,1.1221368,-0.3789739,-1.5498697,0.23757157,0.14872153,-0.03859684,0.013765165,0.09695782,0.09532485,-0.012000303,-0.043384638,0.046132725,0.10396746,0.08127654,0.008943289,0.03596826,03-01-07-01-01-02-15.wav
820,/Users/upendrasuryajonnalagadda/mindseye/Audio_Speech_Actors_01-24/Actor_15/03-01-04-01-01-01-15.wav,3,1,sad,4,1,1,1,15,male,03-01-04-01-01-01-15.wav,-618.2558,66.7981,-0.8567357,14.971654,12.648223,-3.8625674,3.3471103,-1.3077506,-2.4034884,1.109971,-1.2804571,0.26253998,-0.6309319,0.061329216,0.043342438,-0.010917765,0.008444098,0.054447554,0.068596795,0.0785719,0.098172635,0.09061559,0.06406464,0.060090326,0.06416037,0.0470737,03-01-04-01-01-01-15.wav
821,/Users/upendrasuryajonnalagadda/mindseye/Audio_Speech_Actors_01-24/Actor_15/03-01-06-02-01-01-15.wav,3,1,fearful,6,2,1,1,15,male,03-01-06-02-01-01-15.wav,-510.4769,48.681477,-1.8026102,14.247166,11.238348,-1.6522615,1.797654,1.3586684,-3.7990353,2.9467561,-0.8479383,0.7367501,3.1558256,-0.0069086286,-0.0094247395,-0.008419937,-0.0068435273,-0.0048267907,-0.0025244553,-9.265211e-05,0.0023318662,0.0046469634,0.006793009,0.00875224,0.010540949,0.012196551,03-01-06-02-01-01-15.wav
822,/Users/upendrasuryajonnalagadda/mindseye/Audio_Speech_Actors_01-24/Actor_15/03-01-05-02-01-02-15.wav,3,1,angry,5,2,1,2,15,male,03-01-05-02-01-02-15.wav,-449.2556,44.87273,-10.503033,4.327962,0.45036718,-9.869686,1.5626009,-2.047668,-8.703351,-0.10561337,-4.6881695,-0.41776356,-2.481066,0.017396536,0.024584515,0.024530008,0.024439296,0.024312716,0.024150493,0.023953116,0.023721103,0.023455082,0.023155794,0.02282395,0.02246048,0.022066372,03-01-05-02-01-02-15.wav
823,/Users/upendrasuryajonnalagadda/mindseye/Audio_Speech_Actors_01-24/Actor_15/03-01-05-01-02-02-15.wav,3,1,angry,5,1,2,2,15,male,03-01-05-01-02-02-15.wav,-506.42136,43.26669,-7.806351,7.005819,4.1630397,-7.103037,0.99905413,-0.39176312,-7.949213,3.2250936,-4.440956,0.11978653,0.58398974,-0.00907509,-0.012825124,-0.0127992565,-0.012756223,-0.012696023,-0.012618919,-0.012524985,-0.012414496,-0.012287739,-0.012144807,-0.011986215,-0.011812217,-0.011623233,03-01-05-01-02-02-15.wav
824,/Users/upendrasuryajonnalagadda/mindseye/Audio_Speech_Actors_01-24/Actor_15/03-01-06-01-02-01-15.wav,3,1,fearful,6,1,2,1,15,male,03-01-06-01-02-01-15.wav,-589.2009,54.726227,9.341669,13.099393,13.833874,5.5101843,0.5181282,-3.4940846,1.839619,5.872719,0.4403968,1.7601435,3.664148,-0.053736046,-0.07519412,-0.073814645,-0.07318175,-0.07267516,-0.07080786,-0.06778175,-0.0651573,-0.063210346,-0.060492683,-0.056333873,-0.052014258,-0.048630532,03-01-06-01-02-01-15.wav
825,/Users/upendrasuryajonnalagadda/mindseye/Audio_Speech_Actors_01-24/Actor_15/03-01-08-01-02-01-15.wav,3,1,surprised,8,1,2,1,15,male,03-01-08-01-02-01-15.wav,-594.37646,67.028725,-7.842407,11.513243,12.075015,-2.5904846,-0.39587775,-2.260727,-6.357906,2.3307347,1.6245468,1.1717882,-2.6113048,0.052217484,0.07331357,0.07165787,0.06875787,0.064545766,0.05913694,0.052901316,0.04643049,0.040402748,0.03539356,0.0317083,0.029306918,0.027852684,03-01-08-01-02-01-15.wav
826,/Users/upendrasuryajonnalagadda/mindseye/Audio_Speech_Actors_01-24/Actor_15/03-01-08-02-01-01-15.wav,3,1,surprised,8,2,1,1,15,male,03-01-08-02-01-01-15.wav,-530.4808,53.44593,-1.1561046,13.92801,11.032741,-0.44185188,2.5826073,-0.019647101,-3.405799,3.929736,1.4529219,0.61030376,1.900579,0.047172025,0.06653302,0.06599856,0.06511522,0.06389382,0.062349122,0.060499817,0.058368087,0.055979088,0.053360663,0.050542846,0.047557287,0.044436812,03-01-08-02-01-01-15.wav
827,/Users/upendrasuryajonnalagadda/mindseye/Audio_Speech_Actors_01-24/Actor_15/03-01-07-02-01-01-15.wav,3,1,disgust,7,2,1,1,15,male,03-01-07-02-01-01-15.wav,-535.9115,57.50294,-9.18528,13.241406,10.439776,-1.9357059,-0.27635917,-2.7428603,-3.8236058,1.8013452,-1.4720795,2.8938792,-0.40994054,-0.0035612106,-0.0051432373,-0.005446023,-0.0058928966,-0.006405932,-0.0068923593,-0.007257891,-0.007420291,-0.0073216856,-0.0069368007,-0.006277454,-0.0053909523,-0.0043541254,03-01-07-02-01-01-15.wav
828,/Users/upendrasuryajonnalagadda/mindseye/Audio_Speech_Actors_01-24/Actor_15/03-01-04-02-01-02-15.wav,3,1,sad,4,2,1,2,15,male,03-01-04-02-01-02-15.wav,-565.0859,55.99913,-0.30258584,11.004166,12.391296,1.7195437,1.8693433,0.56958425,-2.2209709,3.1080441,0.53960747,2.9278603,1.8822491,0.045120552,0.06338314,0.06212735,0.060124233,0.05749949,0.054412466,0.051041916,0.047570314,0.04416851,0.040982656,0.03812389,0.03566295,0.033628065,03-01-04-02-01-02-15.wav
829,/Users/upendrasuryajonnalagadda/mindseye/Audio_Speech_Actors_01-24/Actor_15/03-01-04-01-02-02-15.wav,3,1,sad,4,1,2,2,15,male,03-01-04-01-02-02-15.wav,-623.3835,76.78317,0.6729979,16.062235,15.721549,0.5620327,3.7154808,-2.2264144,-2.4606671,2.3300161,-0.33523634,-0.72941506,-0.8767462,0.08702526,0.030128583,-0.14321482,-0.21812768,-0.15608063,-0.06513015,-0.032802634,-0.030430846,0.004995268,0.06046552,0.07563706,0.04135534,0.003038511,03-01-04-01-02-02-15.wav
830,/Users/upendrasuryajonnalagadda/mindseye/Audio_Speech_Actors_01-24/Actor_15/03-01-07-01-02-01-15.wav,3,1,disgust,7,1,2,1,15,male,03-01-07-01-02-01-15.wav,-594.0286,77.608284,-6.5460167,11.106368,15.112492,1.3702301,-5.857542,-12.227056,-2.4697149,6.063548,2.1000183,-1.8494831,-0.82274514,0.28155518,0.05015372,-0.22139917,-0.055927888,0.020518992,-0.007989596,-0.08841342,-0.14068595,-0.037517,0.08480365,0.0041625723,-0.11157812,-9.360403e-05,03-01-07-01-02-01-15.wav
831,/Users/upendrasuryajonnalagadda/mindseye/Audio_Speech_Actors_01-24/Actor_15/03-01-05-02-02-01-15.wav,3,1,angry,5,2,2,1,15,male,03-01-05-02-02-01-15.wav,-495.972,47.27223,-5.858518,11.446115,10.908431,-2.859059,-2.2491615,-0.9394033,-4.466645,-0.008033368,0.9398749,1.9901863,1.4438852,0.014677327,0.020726318,0.02063385,0.02048078,0.020267919,0.01999733,0.019671058,0.019291509,0.018861847,0.018385366,0.017865779,0.017307168,0.016713733,03-01-05-02-02-01-15.wav
832,/Users/upendrasuryajonnalagadda/mindseye/Audio_Speech_Actors_01-24/Actor_15/03-01-06-02-02-02-15.wav,3,1,fearful,6,2,2,2,15,male,03-01-06-02-02-02-15.wav,-489.2159,41.87196,-9.969697,7.7412667,9.069706,-5.0960045,-1.7143165,-4.993439,-7.83128,3.1776676,-3.195292,0.43382758,1.432876,-0.008701552,-0.012290247,-0.012242172,-0.012161848,-0.012049087,-0.011903447,-0.011724497,-0.011512109,-0.011266152,-0.010986632,-0.010674104,-0.010329174,-0.009953259,03-01-06-02-02-02-15.wav
833,/Users/upendrasuryajonnalagadda/mindseye/Audio_Speech_Actors_01-24/Actor_15/03-01-06-01-01-02-15.wav,3,1,fearful,6,1,1,2,15,male,03-01-06-01-01-02-15.wav,-579.60547,58.889725,3.3812335,12.985546,13.762987,1.6203475,-2.5734699,-6.8196273,1.933773,6.7993855,0.747677,3.4849102,4.10856,-0.17306177,-0.18372145,-0.08192754,-0.0670178,-0.12093431,-0.11653944,-0.048366543,-0.03766506,-0.09857685,-0.1289397,-0.110549524,-0.0982665,-0.08420622,03-01-06-01-01-02-15.wav
834,/Users/upendrasuryajonnalagadda/mindseye/Audio_Speech_Actors_01-24/Actor_15/03-01-05-01-01-01-15.wav,3,1,angry,5,1,1,1,15,male,03-01-05-01-01-01-15.wav,-537.4676,55.691093,-5.4909344,12.152188,8.636639,-4.979621,3.4193616,1.1733804,-5.473832,1.5584158,-0.45669904,0.94351655,-1.1226754,-0.14076787,-0.17477097,-0.1326295,-0.10719264,-0.08155076,-0.04149589,-0.017039377,-0.023781473,-0.028795734,-0.011312248,0.005059631,0.007013397,0.016765995,03-01-05-01-01-01-15.wav
835,/Users/upendrasuryajonnalagadda/mindseye/Audio_Speech_Actors_01-24/Actor_15/03-01-02-01-01-01-15.wav,3,1,calm,2,1,1,1,15,male,03-01-02-01-01-01-15.wav,-655.74066,80.17407,5.707239,14.855619,10.630724,0.72457314,1.8686107,2.8272521,0.31826422,-0.45874164,1.7193859,4.330457,-1.4730985,0.06350589,0.09969919,0.08556906,0.057665974,0.055782475,0.04410365,0.036036417,0.034489457,0.01883185,0.018677799,0.01443056,-0.0028913268,-0.0022192867,03-01-02-01-01-01-15.wav
836,/Users/upendrasuryajonnalagadda/mindseye/Audio_Speech_Actors_01-24/Actor_15/03-01-01-01-01-02-15.wav,3,1,neutral,1,1,1,2,15,male,03-01-01-01-01-02-15.wav,-654.0557,70.66096,0.6037391,16.608322,11.119586,-0.87504846,4.7623644,2.0357559,-1.507839,0.10179712,0.932877,2.5171587,0.9121878,-0.0010822476,-0.00074721983,0.0014596465,0.0047670277,0.008846347,0.013399162,0.01799977,0.021947041,0.024377784,0.024658332,0.02277085,0.019376563,0.015487312,03-01-01-01-01-02-15.wav
837,/Users/upendrasuryajonnalagadda/mindseye/Audio_Speech_Actors_01-24/Actor_15/03-01-02-02-02-01-15.wav,3,1,calm,2,2,2,1,15,male,03-01-02-02-02-01-15.wav,-623.1385,85.880806,10.1636,19.768848,10.603527,1.268274,4.511435,-0.43897662,-1.3360548,-3.0314472,-1.7986888,3.8554752,-1.558874,-0.0611443,-0.056342226,-0.06466803,-0.06236331,-0.008584538,-0.019974248,0.008279834,0.045459185,0.029551528,0.063169725,0.057575922,0.030247197,0.037698034,03-01-02-02-02-01-15.wav
838,/Users/upendrasuryajonnalagadda/mindseye/Audio_Speech_Actors_01-24/Actor_15/03-01-03-01-02-02-15.wav,3,1,happy,3,1,2,2,15,male,03-01-03-01-02-02-15.wav,-599.3334,68.42911,-6.6547117,14.0258465,14.606694,-2.319701,-1.6960677,0.08473102,-5.2639914,-2.0286927,-0.31728753,3.218426,0.113723025,0.021325232,0.030689623,0.032113966,0.033964988,0.03559782,0.03635363,0.035729464,0.033511892,0.029841736,0.025194194,0.02027906,0.015885416,0.012707779,03-01-03-01-02-02-15.wav
839,/Users/upendrasuryajonnalagadda/mindseye/Audio_Speech_Actors_01-24/Actor_15/03-01-03-02-01-02-15.wav,3,1,happy,3,2,1,2,15,male,03-01-03-02-01-02-15.wav,-541.52655,65.000336,-12.824126,16.332033,14.870608,-3.9687817,0.9754315,2.4573693,-6.740988,2.5193725,2.8695652,1.4983093,-0.049545594,0.04968567,0.06898092,0.06691832,0.057599284,0.045638613,0.035352975,0.028128268,0.022645194,0.013796501,0.007782186,0.004410057,0.005572815,0.004933011,03-01-03-02-01-02-15.wav
840,/Users/upendrasuryajonnalagadda/mindseye/Audio_Speech_Actors_01-24/Actor_23/03-01-07-02-01-01-23.wav,3,1,disgust,7,2,1,1,23,male,03-01-07-02-01-01-23.wav,-567.49164,42.726265,-1.6550053,5.2047715,1.4081594,0.09729784,-2.9885,-3.1857398,-8.8089485,-5.4979787,-0.51526695,-4.2222686,-3.3359563,0.0123076,0.008375471,-0.007454894,-0.010271225,0.0037321881,0.01762206,0.01463436,-0.0012211854,-0.010290601,-0.0016177568,0.013674603,0.01633969,0.0028186007,03-01-07-02-01-01-23.wav
841,/Users/upendrasuryajonnalagadda/mindseye/Audio_Speech_Actors_01-24/Actor_23/03-01-04-02-01-02-23.wav,3,1,sad,4,2,1,2,23,male,03-01-04-02-01-02-23.wav,-611.87286,51.07888,-9.759366,5.891849,7.6773005,0.13502644,-4.7673664,-9.383156,-6.818451,-3.621819,-3.0105145,-5.4269133,-2.0258837,0.04484986,0.04835059,0.020406816,0.0026938624,-0.005934539,-0.018376864,-0.03561157,-0.043231808,-0.034844898,-0.020549938,-0.0096950075,-0.0069735744,-0.011367854,03-01-04-02-01-02-23.wav
842,/Users/upendrasuryajonnalagadda/mindseye/Audio_Speech_Actors_01-24/Actor_23/03-01-04-01-02-02-23.wav,3,1,sad,4,1,2,2,23,male,03-01-04-01-02-02-23.wav,-648.4958,49.664608,0.015855322,11.4898815,7.7586555,1.6387569,-0.42989776,-5.7022724,-5.182212,-5.3296556,-0.4206827,-3.8063784,-3.3797235,-0.03196611,-0.032949485,-0.0043795365,0.022769617,0.035015382,0.03129561,0.02054095,0.013543417,0.015942961,0.025538534,0.034489024,0.03528412,0.026450876,03-01-04-01-02-02-23.wav
843,/Users/upendrasuryajonnalagadda/mindseye/Audio_Speech_Actors_01-24/Actor_23/03-01-07-01-02-01-23.wav,3,1,disgust,7,1,2,1,23,male,03-01-07-01-02-01-23.wav,-665.14026,40.18155,0.12732492,6.53579,3.7917807,2.2288373,-2.1258423,-7.017364,-5.4816704,-2.691267,0.051374156,-3.831285,-3.8529036,-0.051686402,-0.007212372,0.06416171,0.028922424,-0.017244073,-0.022556737,-0.011797561,0.026164627,0.028074976,-0.02417558,-0.020629596,0.012370008,-0.009238828,03-01-07-01-02-01-23.wav
844,/Users/upendrasuryajonnalagadda/mindseye/Audio_Speech_Actors_01-24/Actor_23/03-01-05-02-02-01-23.wav,3,1,angry,5,2,2,1,23,male,03-01-05-02-02-01-23.wav,-403.66873,22.193514,-17.275928,-3.4200912,-5.4343357,-5.54683,-6.742002,-7.133416,-7.848795,-6.435296,-4.2988095,-4.2221394,-3.1660423,-0.005795724,-0.008193302,-0.008184924,-0.008170775,-0.0081511075,-0.008125796,-0.0080950055,-0.008058671,-0.00801694,-0.007969774,-0.007917349,-0.007859652,-0.007796819,03-01-05-02-02-01-23.wav
845,/Users/upendrasuryajonnalagadda/mindseye/Audio_Speech_Actors_01-24/Actor_23/03-01-06-02-02-02-23.wav,3,1,fearful,6,2,2,2,23,male,03-01-06-02-02-02-23.wav,-524.2169,51.18589,-13.86503,0.7111138,4.5923195,-3.3612428,-8.834921,-14.019713,-15.501662,-5.9748597,-1.226949,-7.3370895,-4.6318555,0.059417523,0.059325024,-0.028014863,-0.05536285,0.030758528,0.04307969,-0.03266069,-0.07333878,-0.044047747,0.019735878,0.040913213,0.020865483,0.0107699875,03-01-06-02-02-02-23.wav
846,/Users/upendrasuryajonnalagadda/mindseye/Audio_Speech_Actors_01-24/Actor_23/03-01-06-01-01-02-23.wav,3,1,fearful,6,1,1,2,23,male,03-01-06-01-01-02-23.wav,-684.3556,52.66624,-2.9486313,7.7153006,7.978341,0.24422507,-0.87960935,-4.027371,-8.845339,-3.679851,2.0313478,-4.9232,-2.3987117,0.3802037,0.2873286,-0.03581099,-0.05317472,0.04066368,0.08035841,0.016784236,-0.087545656,-0.10685123,-0.014959349,0.10913014,0.117146686,0.047321107,03-01-06-01-01-02-23.wav
847,/Users/upendrasuryajonnalagadda/mindseye/Audio_Speech_Actors_01-24/Actor_23/03-01-05-01-01-01-23.wav,3,1,angry,5,1,1,1,23,male,03-01-05-01-01-01-23.wav,-550.93805,40.10832,-10.376297,1.7373765,-0.37266093,-5.942419,-4.667179,-4.97708,-11.824297,-5.8419127,-2.5122616,-6.37704,-3.9932127,0.0,0.0,-5.335241e-08,1.3338102e-08,1.3338102e-08,0.0,1.0003577e-08,1.3338102e-08,0.0,-1.3338102e-08,0.0,-1.6672628e-09,0.0,03-01-05-01-01-01-23.wav
848,/Users/upendrasuryajonnalagadda/mindseye/Audio_Speech_Actors_01-24/Actor_23/03-01-08-01-02-01-23.wav,3,1,surprised,8,1,2,1,23,male,03-01-08-01-02-01-23.wav,-551.0947,45.550564,-6.9992313,0.9389851,3.2199247,-2.4471617,-6.737069,-5.817858,-10.70032,-3.2905974,0.9410026,-3.4358037,-4.60295,-0.0071240407,-0.010065266,-0.010034414,-0.009983276,-0.009911924,-0.009820632,-0.009709725,-0.009579625,-0.009430826,-0.009263832,-0.0090793,-0.008877874,-0.008660283,03-01-08-01-02-01-23.wav
849,/Users/upendrasuryajonnalagadda/mindseye/Audio_Speech_Actors_01-24/Actor_23/03-01-08-02-01-01-23.wav,3,1,surprised,8,2,1,1,23,male,03-01-08-02-01-01-23.wav,-524.19714,37.957233,-9.889591,1.5723935,2.658684,-5.296428,-11.369534,-8.09349,-9.32877,-4.451603,-2.8211493,-5.7671094,-7.1106215,-0.00065400585,-0.0009293714,-0.0009440239,-0.00096817524,-0.0010020275,-0.0010451638,-0.0010976096,-0.001159068,-0.001229343,-0.001308138,-0.0013951766,-0.0014900529,-0.0015923961,03-01-08-02-01-01-23.wav
850,/Users/upendrasuryajonnalagadda/mindseye/Audio_Speech_Actors_01-24/Actor_23/03-01-02-01-01-01-23.wav,3,1,calm,2,1,1,1,23,male,03-01-02-01-01-01-23.wav,-685.5071,60.619335,5.417887,10.200163,11.650067,-1.3135136,0.74517274,-1.5428976,-4.9940777,-2.6925097,0.601749,-3.1867583,-3.7814991,0.011903275,0.01682583,0.016801512,0.016761003,0.016704293,0.016631717,0.016543288,0.016439272,0.01631987,0.01618539,0.016036062,0.015872292,0.015694369,03-01-02-01-01-01-23.wav
851,/Users/upendrasuryajonnalagadda/mindseye/Audio_Speech_Actors_01-24/Actor_23/03-01-01-01-01-02-23.wav,3,1,neutral,1,1,1,2,23,male,03-01-01-01-01-02-23.wav,-618.1251,60.08544,-5.9364595,9.629848,15.576269,-5.6812234,0.37564752,-1.1077002,-8.532424,-3.5218256,2.771218,-2.6391807,-0.43749246,-0.007469983,-0.010557613,-0.010534334,-0.010486864,-0.010403769,-0.010271688,-0.010077192,-0.0098094735,-0.009462214,-0.009035312,-0.008535391,-0.00797623,-0.0073775556,03-01-01-01-01-02-23.wav
852,/Users/upendrasuryajonnalagadda/mindseye/Audio_Speech_Actors_01-24/Actor_23/03-01-02-02-02-01-23.wav,3,1,calm,2,2,2,1,23,male,03-01-02-02-02-01-23.wav,-677.5924,58.64333,0.77077556,9.748232,12.153469,-0.25173572,-3.1879003,-6.0430527,-7.566853,-2.4369028,1.6436354,-3.6463006,-3.9111218,0.024768807,0.03492739,0.034625683,0.034128632,0.03344469,0.03258552,0.03156555,0.030401701,0.029112916,0.027719775,0.026243959,0.024707723,0.023133418,03-01-02-02-02-01-23.wav
853,/Users/upendrasuryajonnalagadda/mindseye/Audio_Speech_Actors_01-24/Actor_23/03-01-03-01-02-02-23.wav,3,1,happy,3,1,2,2,23,male,03-01-03-01-02-02-23.wav,-611.7603,43.287296,-3.3578649,5.164882,5.579363,-4.941465,-5.761298,-6.2023244,-12.842966,-3.248247,-3.0515811,-4.5275097,-3.24473,-2.1643672e-07,2.705459e-08,-1.3527295e-08,1.3527295e-08,0.0,0.0,0.0,0.0,0.0,-1.3527295e-08,6.7636474e-09,-1.3527295e-08,-1.3527295e-08,03-01-03-01-02-02-23.wav
854,/Users/upendrasuryajonnalagadda/mindseye/Audio_Speech_Actors_01-24/Actor_23/03-01-03-02-01-02-23.wav,3,1,happy,3,2,1,2,23,male,03-01-03-02-01-02-23.wav,-504.24014,30.646584,-13.686869,-2.7385757,-3.3349583,-7.490462,-9.829238,-6.7409115,-10.799126,-7.2040305,-4.0246778,-4.6614103,-6.943025,0.0,5.528547e-08,0.0,6.9106836e-09,-2.7642734e-08,0.0,0.0,6.9106836e-09,0.0,0.0,0.0,0.0,-1.3821367e-08,03-01-03-02-01-02-23.wav
855,/Users/upendrasuryajonnalagadda/mindseye/Audio_Speech_Actors_01-24/Actor_23/03-01-01-01-02-01-23.wav,3,1,neutral,1,1,2,1,23,male,03-01-01-01-02-01-23.wav,-629.0704,53.56093,-8.102327,5.5567245,12.019093,-8.496998,-1.6463383,-4.40757,-10.663365,-5.3556633,0.37184948,-4.1567683,-2.649082,0.00023166489,0.0011242081,0.002814503,0.0040740008,0.004338942,0.0041745026,0.004348743,0.0048773903,0.0051253336,0.004605323,0.0033974077,0.0018759074,0.00036967176,03-01-01-01-02-01-23.wav
856,/Users/upendrasuryajonnalagadda/mindseye/Audio_Speech_Actors_01-24/Actor_23/03-01-02-01-02-02-23.wav,3,1,calm,2,1,2,2,23,male,03-01-02-01-02-02-23.wav,-658.3545,54.910378,0.4519224,8.76816,8.608637,-3.2388391,-2.8554952,-3.4439256,-7.802437,-3.3701434,-0.17169243,-3.99529,-4.0146327,0.00053529243,0.0007566772,0.0007565559,0.00075635745,0.0007559054,0.0007554048,0.00075477536,0.0007540201,0.00075318496,0.0007522065,0.00075112603,0.00074993254,0.0007486178,03-01-02-01-02-02-23.wav
857,/Users/upendrasuryajonnalagadda/mindseye/Audio_Speech_Actors_01-24/Actor_23/03-01-02-02-01-02-23.wav,3,1,calm,2,2,1,2,23,male,03-01-02-02-01-02-23.wav,-682.7604,64.573166,3.826981,8.614511,10.934704,1.3239844,-3.1505644,-4.8213344,-5.3577046,-4.1992226,2.7529058,-4.35959,-2.7455368,-0.003654595,-0.0050945184,-0.004889445,-0.004599787,-0.0042899433,-0.0040265233,-0.0038619975,-0.0038220128,-0.0038994881,-0.004057266,-0.0042375512,-0.0043769544,-0.0044220295,03-01-02-02-01-02-23.wav
858,/Users/upendrasuryajonnalagadda/mindseye/Audio_Speech_Actors_01-24/Actor_23/03-01-03-01-01-01-23.wav,3,1,happy,3,1,1,1,23,male,03-01-03-01-01-01-23.wav,-638.53723,47.41588,-8.420137,4.07725,5.1239715,-5.845615,-5.6604185,-7.539271,-11.52667,-5.461642,-2.863679,-4.445194,-4.040188,0.0032528772,0.0045952266,0.0045786565,0.004551106,0.004512853,0.004463964,0.00440481,0.0043357015,0.0042570033,0.0041692127,0.0040727984,0.0039682654,0.0038562184,03-01-03-01-01-01-23.wav
859,/Users/upendrasuryajonnalagadda/mindseye/Audio_Speech_Actors_01-24/Actor_23/03-01-03-02-02-01-23.wav,3,1,happy,3,2,2,1,23,male,03-01-03-02-02-01-23.wav,-517.1777,31.994776,-10.639785,-3.719707,-3.773356,-8.749662,-10.088323,-5.038707,-14.403891,-4.8674107,-3.2394624,-6.2106934,-4.835205,0.0,5.4495676e-08,2.7247838e-08,-2.7247838e-08,-1.3623919e-08,2.7247838e-08,0.0,1.3623919e-08,0.0,0.0,0.0,-6.8119594e-09,6.8119594e-09,03-01-03-02-02-01-23.wav
860,/Users/upendrasuryajonnalagadda/mindseye/Audio_Speech_Actors_01-24/Actor_23/03-01-04-02-02-01-23.wav,3,1,sad,4,2,2,1,23,male,03-01-04-02-02-01-23.wav,-652.41626,43.3248,4.350434,3.9925141,5.2598867,0.8291463,-3.8905666,-7.990062,-8.916143,-5.5495324,-1.3552445,-8.208099,-2.409824,-0.00025536033,-0.00036113962,-0.00036098255,-0.00036087036,-0.00036069014,-0.0003604377,-0.00036014107,-0.00035979185,-0.00035938376,-0.00035891813,-0.00035841885,-0.00035782563,-0.00035721835,03-01-04-02-02-01-23.wav
861,/Users/upendrasuryajonnalagadda/mindseye/Audio_Speech_Actors_01-24/Actor_23/03-01-07-02-02-02-23.wav,3,1,disgust,7,2,2,2,23,male,03-01-07-02-02-02-23.wav,-585.2488,43.282696,0.58987534,5.741031,3.104638,-0.11589215,-5.876887,-4.991092,-13.007439,-5.4858766,-1.0451821,-6.63645,-4.341598,-0.0011885408,-0.0014720163,-0.0011168383,-0.0010757446,-0.001398532,-0.0016588451,-0.0015104831,-0.0011380818,-0.0010167196,-0.0012927997,-0.0015932529,-0.0015118307,-0.0011383074,03-01-07-02-02-02-23.wav
862,/Users/upendrasuryajonnalagadda/mindseye/Audio_Speech_Actors_01-24/Actor_23/03-01-07-01-01-02-23.wav,3,1,disgust,7,1,1,2,23,male,03-01-07-01-01-02-23.wav,-639.3163,47.328457,-1.946099,8.916617,4.5173025,-0.5675799,-2.464224,-4.513368,-5.6982994,-3.556773,-0.2025844,-3.0230327,-3.8376658,7.3321453e-06,1.0601886e-05,1.0527574e-05,1.0428491e-05,1.0233421e-05,9.982617e-06,9.702398e-06,9.346318e-06,8.942245e-06,8.508757e-06,8.016437e-06,7.505541e-06,6.9358134e-06,03-01-07-01-01-02-23.wav
863,/Users/upendrasuryajonnalagadda/mindseye/Audio_Speech_Actors_01-24/Actor_23/03-01-04-01-01-01-23.wav,3,1,sad,4,1,1,1,23,male,03-01-04-01-01-01-23.wav,-694.97186,61.44457,-4.3426547,7.648777,11.443428,-0.5436926,-3.0594063,-5.329355,-8.865638,-5.9379964,-1.6874534,-4.5349364,-4.876576,0.0,4.8906376e-08,0.0,0.0,-2.4453188e-08,0.0,-9.169946e-09,0.0,6.113297e-09,3.0566485e-09,-3.0566485e-09,-9.169946e-09,3.0566485e-09,03-01-04-01-01-01-23.wav
864,/Users/upendrasuryajonnalagadda/mindseye/Audio_Speech_Actors_01-24/Actor_23/03-01-06-02-01-01-23.wav,3,1,fearful,6,2,1,1,23,male,03-01-06-02-01-01-23.wav,-536.463,44.388012,-13.136881,5.752646,5.870698,-9.564494,-9.378195,-10.239055,-12.457211,-4.8105626,-1.9583174,-7.6634126,-2.1308694,0.16453533,0.31765366,0.17708935,0.12681526,0.09477752,0.0055149873,-0.0063186837,0.0060559777,-0.016421244,0.0973104,0.0854812,0.12258371,0.14781655,03-01-06-02-01-01-23.wav
865,/Users/upendrasuryajonnalagadda/mindseye/Audio_Speech_Actors_01-24/Actor_23/03-01-05-02-01-02-23.wav,3,1,angry,5,2,1,2,23,male,03-01-05-02-01-02-23.wav,-442.8406,28.982012,-17.222452,-2.2360382,-5.3674173,-8.364562,-6.042027,-5.65506,-9.1151495,-6.777093,-4.5579205,-4.581358,-4.4506736,0.00034946867,0.00049919554,0.0005142159,0.00053910416,0.00057370134,0.000617822,0.0006711218,0.0007333101,0.000803868,0.00088244013,0.0009684298,0.0010613004,0.0011604114,03-01-05-02-01-02-23.wav
866,/Users/upendrasuryajonnalagadda/mindseye/Audio_Speech_Actors_01-24/Actor_23/03-01-05-01-02-02-23.wav,3,1,angry,5,1,2,2,23,male,03-01-05-01-02-02-23.wav,-551.2705,37.61826,-9.374416,2.107903,-1.9896791,-7.1516385,-8.127361,-3.8578148,-12.298931,-7.6850924,-2.6533039,-8.165836,-6.374462,2.1192763e-07,0.0,-2.6490953e-08,0.0,-3.3113692e-09,-1.3245477e-08,1.3245477e-08,-3.3113692e-09,-2.6490953e-08,-6.6227384e-09,-1.3245477e-08,0.0,0.0,03-01-05-01-02-02-23.wav
867,/Users/upendrasuryajonnalagadda/mindseye/Audio_Speech_Actors_01-24/Actor_23/03-01-06-01-02-01-23.wav,3,1,fearful,6,1,2,1,23,male,03-01-06-01-02-01-23.wav,-627.22546,38.93078,-4.721755,7.0859036,6.543224,-1.2654486,-3.340516,-6.359021,-8.494411,-4.78673,0.062740944,-5.613816,-1.9068983,-0.0077281278,-0.010946386,-0.010962613,-0.010917215,-0.010807697,-0.010693087,-0.010614451,-0.01054031,-0.010409467,-0.010214455,-0.01001241,-0.009848861,-0.009697283,03-01-06-01-02-01-23.wav
868,/Users/upendrasuryajonnalagadda/mindseye/Audio_Speech_Actors_01-24/Actor_23/03-01-08-01-01-02-23.wav,3,1,surprised,8,1,1,2,23,male,03-01-08-01-01-02-23.wav,-580.96466,45.58148,-7.505829,3.5861979,4.8688397,-4.907496,-7.6326146,-6.0357404,-9.9387665,-2.2560706,-0.08836245,-5.604835,-3.7606306,0.005194964,0.0038714272,-0.0035651615,-0.009480898,-0.011998041,-0.013989217,-0.018099798,-0.022269266,-0.021670913,-0.014726353,-0.005573872,0.0002335344,0.0015608923,03-01-08-01-01-02-23.wav
869,/Users/upendrasuryajonnalagadda/mindseye/Audio_Speech_Actors_01-24/Actor_23/03-01-08-02-02-02-23.wav,3,1,surprised,8,2,2,2,23,male,03-01-08-02-02-02-23.wav,-525.8437,33.495296,-11.443397,-1.8351206,-1.8492888,-5.0467496,-9.939675,-7.944161,-10.202283,-4.6657066,-3.281491,-4.9207635,-6.0351315,0.0012074717,0.0017078115,0.0017074505,0.0017067436,0.0017057966,0.0017045378,0.0017030622,0.0017012482,0.0016991475,0.00169682,0.0016941658,0.0016912981,0.0016881236,03-01-08-02-02-02-23.wav
870,/Users/upendrasuryajonnalagadda/mindseye/Audio_Speech_Actors_01-24/Actor_23/03-01-03-02-01-01-23.wav,3,1,happy,3,2,1,1,23,male,03-01-03-02-01-01-23.wav,-508.49542,30.203592,-12.217266,-2.0694795,-2.1832128,-6.8179245,-8.86273,-6.0286937,-11.231117,-5.776505,-3.557055,-5.809496,-5.753914,0.003767831,0.005328315,0.005325045,0.005319425,0.0053116526,0.005301612,0.0052893776,0.0052749566,0.005258315,0.0052395547,0.005218656,0.005195638,0.0051705223,03-01-03-02-01-01-23.wav
871,/Users/upendrasuryajonnalagadda/mindseye/Audio_Speech_Actors_01-24/Actor_23/03-01-03-01-02-01-23.wav,3,1,happy,3,1,2,1,23,male,03-01-03-01-02-01-23.wav,-608.44824,42.862293,-7.122563,3.526419,4.985818,-5.6676626,-6.395648,-8.578725,-12.112078,-3.922924,-2.6027043,-5.5223503,-2.919099,0.01581203,0.022336524,0.022263473,0.02214222,0.021973297,0.021757636,0.021496283,0.021190453,0.020841857,0.020452132,0.020023292,0.019557394,0.019056838,03-01-03-01-02-01-23.wav
872,/Users/upendrasuryajonnalagadda/mindseye/Audio_Speech_Actors_01-24/Actor_23/03-01-02-02-02-02-23.wav,3,1,calm,2,2,2,2,23,male,03-01-02-02-02-02-23.wav,-652.31665,59.998928,0.20387515,9.32927,9.997242,-0.20183067,-2.6218345,-4.905921,-8.254893,-3.282379,2.5527873,-6.3208117,-4.7260723,0.015025976,0.021180864,0.020294935,0.01762701,0.013567581,0.009648202,0.006731072,0.004181436,0.001172286,-0.0018198212,-0.0035254834,-0.0036542271,-0.0033324768,03-01-02-02-02-02-23.wav
873,/Users/upendrasuryajonnalagadda/mindseye/Audio_Speech_Actors_01-24/Actor_23/03-01-01-01-01-01-23.wav,3,1,neutral,1,1,1,1,23,male,03-01-01-01-01-01-23.wav,-644.43164,61.691525,-4.2311883,8.771252,12.1218815,-6.0974197,-3.8225856,-4.38663,-9.30909,-5.888473,0.7016762,-5.022706,-1.4691705,0.059959784,0.07985673,0.071362,0.06520207,0.058143824,0.047755044,0.036713064,0.029312832,0.025357226,0.021207461,0.018006733,0.019176971,0.022325188,03-01-01-01-01-01-23.wav
874,/Users/upendrasuryajonnalagadda/mindseye/Audio_Speech_Actors_01-24/Actor_23/03-01-02-01-01-02-23.wav,3,1,calm,2,1,1,2,23,male,03-01-02-01-01-02-23.wav,-701.3326,57.646175,3.8361921,10.2832365,10.145626,-0.19814023,-2.0218139,-4.231836,-5.3013124,-4.803011,1.5717971,-3.9689524,-2.8058403,-6.372278e-06,-8.951534e-06,-9.016557e-06,-8.994883e-06,-8.973208e-06,-8.973208e-06,-8.951534e-06,-8.956952e-06,-8.935278e-06,-8.943406e-06,-8.926473e-06,-8.902766e-06,-8.89193e-06,03-01-02-01-01-02-23.wav
875,/Users/upendrasuryajonnalagadda/mindseye/Audio_Speech_Actors_01-24/Actor_23/03-01-05-01-01-02-23.wav,3,1,angry,5,1,1,2,23,male,03-01-05-01-01-02-23.wav,-535.94666,40.158257,-10.046415,3.3634567,-0.18323676,-6.009483,-6.340037,-4.6299458,-11.628327,-6.248601,-1.9908893,-6.8625803,-4.241315,2.1340963e-07,5.335241e-08,0.0,-2.0007153e-08,0.0,1.3338102e-08,1.5005366e-08,-6.669051e-09,-2.6676204e-08,-1.3338102e-08,1.0003577e-08,2.2924864e-09,-1.3338102e-08,03-01-05-01-01-02-23.wav
876,/Users/upendrasuryajonnalagadda/mindseye/Audio_Speech_Actors_01-24/Actor_23/03-01-06-01-01-01-23.wav,3,1,fearful,6,1,1,1,23,male,03-01-06-01-01-01-23.wav,-601.3324,48.598854,-3.127336,6.7620516,7.6554666,-3.1789565,-2.6527936,-7.842542,-9.492153,-3.242617,-1.5783075,-3.2198217,-2.8534286,-0.0032305622,-0.002276478,0.0018885311,0.0031144186,0.0003578167,-0.0024997403,-0.001555838,0.0022615066,0.0043376563,0.002027102,-0.0021165744,-0.003417492,-0.00068061624,03-01-06-01-01-01-23.wav
877,/Users/upendrasuryajonnalagadda/mindseye/Audio_Speech_Actors_01-24/Actor_23/03-01-06-02-02-01-23.wav,3,1,fearful,6,2,2,1,23,male,03-01-06-02-02-01-23.wav,-511.9651,37.023342,-13.262848,0.7411491,2.2010822,-8.854779,-9.973059,-9.374557,-11.62287,-5.787505,-1.5969371,-8.349942,-5.0766177,0.040645845,0.03183459,-0.0054787225,-0.0075550326,0.012587362,0.022595542,0.0046184836,-0.029621929,-0.03254276,0.008363278,0.035513807,0.018756174,-0.002174526,03-01-06-02-02-01-23.wav
878,/Users/upendrasuryajonnalagadda/mindseye/Audio_Speech_Actors_01-24/Actor_23/03-01-05-02-02-02-23.wav,3,1,angry,5,2,2,2,23,male,03-01-05-02-02-02-23.wav,-405.9521,23.088606,-14.7734375,-2.6902115,-5.1343293,-8.06966,-6.675313,-5.995466,-9.99263,-7.6992617,-3.8892353,-6.6699805,-4.724087,0.000102009806,0.00014363136,0.00014293111,0.00014157062,0.00013981332,0.00013753584,0.00013474151,0.00013151369,0.00012781903,0.0001236042,0.000119029224,0.00011398742,0.00010861217,03-01-05-02-02-02-23.wav
879,/Users/upendrasuryajonnalagadda/mindseye/Audio_Speech_Actors_01-24/Actor_23/03-01-07-01-02-02-23.wav,3,1,disgust,7,1,2,2,23,male,03-01-07-01-02-02-23.wav,-664.36206,43.601517,4.692662,6.55013,4.009134,0.95168495,-0.8269899,-7.1819315,-5.9919386,-3.2282991,-1.2809603,-4.878219,-3.265035,-0.15153418,-0.089972705,-0.08867994,-0.10944271,-0.023486005,-0.011849668,-0.030584004,0.015520202,-0.0043035615,-0.012572891,0.015549594,0.0019881527,-0.015801413,03-01-07-01-02-02-23.wav
880,/Users/upendrasuryajonnalagadda/mindseye/Audio_Speech_Actors_01-24/Actor_23/03-01-04-01-02-01-23.wav,3,1,sad,4,1,2,1,23,male,03-01-04-01-02-01-23.wav,-638.56836,44.62285,0.33667448,9.417309,6.1213984,1.5243742,-1.0626678,-5.653085,-5.9565744,-5.230684,0.04799699,-4.295174,-2.9443321,0.0028545826,0.0038523984,0.0033344666,0.0025858693,0.0017547731,0.0010054947,0.0004863863,0.00030030834,0.00048444798,0.0010034883,0.0017562067,0.0025963713,0.0033613893,03-01-04-01-02-01-23.wav
881,/Users/upendrasuryajonnalagadda/mindseye/Audio_Speech_Actors_01-24/Actor_23/03-01-04-02-01-01-23.wav,3,1,sad,4,2,1,1,23,male,03-01-04-02-01-01-23.wav,-572.6613,52.09275,-4.176109,9.572338,8.085082,-0.38003796,-7.0074325,-10.757747,-9.967216,-6.3754845,-2.6749299,-4.765482,-2.0522037,-0.022000851,-0.030881187,-0.030200658,-0.02912683,-0.027743537,-0.026155684,-0.024478529,-0.022826282,-0.021301,-0.019983519,-0.018926652,-0.018152175,-0.017651035,03-01-04-02-01-01-23.wav
882,/Users/upendrasuryajonnalagadda/mindseye/Audio_Speech_Actors_01-24/Actor_23/03-01-07-02-01-02-23.wav,3,1,disgust,7,2,1,2,23,male,03-01-07-02-01-02-23.wav,-569.06354,48.44669,-1.6566885,7.9184775,0.48206618,-1.3172596,-4.4659905,-5.6613026,-10.643736,-5.6352625,-0.47817087,-5.2997775,-3.7705474,0.026192306,0.02710989,0.008035283,-0.0022866968,-0.001635226,-0.0034910934,-0.015660102,-0.028201066,-0.026676552,-0.011344704,0.0034396749,0.0071420013,0.0040699393,03-01-07-02-01-02-23.wav
883,/Users/upendrasuryajonnalagadda/mindseye/Audio_Speech_Actors_01-24/Actor_23/03-01-08-02-01-02-23.wav,3,1,surprised,8,2,1,2,23,male,03-01-08-02-01-02-23.wav,-524.10046,38.84764,-12.189697,-1.0640793,-1.9353006,-5.7978935,-10.081417,-9.213672,-9.894924,-4.822096,-2.899404,-5.786641,-5.150632,0.0011295684,0.0015960588,0.001593237,0.0015884882,0.001581842,0.0015733014,0.0015628631,0.0015506222,0.0015365522,0.0015206272,0.0015029646,0.0014835319,0.0014623877,03-01-08-02-01-02-23.wav
884,/Users/upendrasuryajonnalagadda/mindseye/Audio_Speech_Actors_01-24/Actor_23/03-01-08-01-02-02-23.wav,3,1,surprised,8,1,2,2,23,male,03-01-08-01-02-02-23.wav,-541.94977,42.230316,-9.924189,-1.3340626,0.6000123,-5.391193,-7.570485,-7.8909674,-10.538919,-4.0509973,-2.1049151,-4.7099347,-6.0786157,-0.013955283,-0.01971528,-0.019653153,-0.01954987,-0.019406086,-0.019222476,-0.01900002,-0.01873986,-0.01844334,-0.018112043,-0.01774768,-0.01735207,-0.016927252,03-01-08-01-02-02-23.wav
885,/Users/upendrasuryajonnalagadda/mindseye/Audio_Speech_Actors_01-24/Actor_23/03-01-06-01-02-02-23.wav,3,1,fearful,6,1,2,2,23,male,03-01-06-01-02-02-23.wav,-657.7584,41.784092,-4.524046,5.8789635,4.9680285,-1.6745745,-3.4497721,-7.316444,-8.658295,-5.244673,-2.236159,-4.8514214,-2.4674308,2.2774312e-07,-5.693578e-08,1.4233945e-08,0.0,0.0,7.1169723e-09,-1.4233945e-08,0.0,-1.4233945e-08,1.4233945e-08,7.1169723e-09,0.0,0.0,03-01-06-01-02-02-23.wav
886,/Users/upendrasuryajonnalagadda/mindseye/Audio_Speech_Actors_01-24/Actor_23/03-01-05-01-02-01-23.wav,3,1,angry,5,1,2,1,23,male,03-01-05-01-02-01-23.wav,-550.0766,40.3116,-8.256923,1.8153492,1.653818,-6.2557716,-4.46939,-5.262415,-9.867413,-5.6863503,-3.7085927,-6.2167735,-4.168892,-0.005234739,-0.0073137353,-0.007064197,-0.00670916,-0.0063251737,-0.0059938193,-0.0057828375,-0.0057308115,-0.0058386107,-0.0060688723,-0.006355042,-0.006616356,-0.006776539,03-01-05-01-02-01-23.wav
887,/Users/upendrasuryajonnalagadda/mindseye/Audio_Speech_Actors_01-24/Actor_23/03-01-05-02-01-01-23.wav,3,1,angry,5,2,1,1,23,male,03-01-05-02-01-01-23.wav,-422.7538,28.812597,-15.771175,-0.7571272,-6.4953938,-7.148751,-7.453114,-4.16333,-9.180767,-8.224829,-3.3682988,-3.5463402,-5.42628,0.0,-5.1900642e-08,0.0,0.0,-9.73137e-09,1.29751605e-08,0.0,-6.4875803e-09,0.0,-1.29751605e-08,0.0,1.6218951e-09,0.0,03-01-05-02-01-01-23.wav
888,/Users/upendrasuryajonnalagadda/mindseye/Audio_Speech_Actors_01-24/Actor_23/03-01-06-02-01-02-23.wav,3,1,fearful,6,2,1,2,23,male,03-01-06-02-01-02-23.wav,-553.8772,43.881126,-8.395793,5.559371,3.771133,-7.8818555,-5.930674,-11.0529,-10.555787,-6.6600895,-2.936514,-6.2457113,-2.8035526,0.0,-5.120399e-08,1.2800998e-08,-1.2800998e-08,-1.2800998e-08,1.2800998e-08,0.0,-6.400499e-09,-1.9201496e-08,0.0,-3.2002494e-09,0.0,6.400499e-09,03-01-06-02-01-02-23.wav
889,/Users/upendrasuryajonnalagadda/mindseye/Audio_Speech_Actors_01-24/Actor_23/03-01-04-01-01-02-23.wav,3,1,sad,4,1,1,2,23,male,03-01-04-01-01-02-23.wav,-679.85724,61.58021,-2.9650729,10.128103,9.780745,-0.2800738,-1.2138925,-5.1972804,-6.9055643,-5.093533,-0.9237364,-4.89526,-5.831388,0.4078086,0.49719313,0.32643816,0.1816245,0.10530048,0.074215785,0.0718449,0.08524061,0.074453756,0.016550556,-0.04673215,-0.0638869,-0.048865456,03-01-04-01-01-02-23.wav
890,/Users/upendrasuryajonnalagadda/mindseye/Audio_Speech_Actors_01-24/Actor_23/03-01-07-01-01-01-23.wav,3,1,disgust,7,1,1,1,23,male,03-01-07-01-01-01-23.wav,-638.3796,51.422943,-0.8205794,8.586368,4.4955378,3.7654898,-0.68344194,-4.461448,-6.8863897,-4.894415,2.3093717,-2.2559257,-4.298766,0.10735311,0.09504021,-0.0027179222,-0.028955534,0.015021139,0.03678624,-0.005386628,-0.058791928,-0.06316555,-0.022371875,0.01598739,0.022420144,0.0072844555,03-01-07-01-01-01-23.wav
891,/Users/upendrasuryajonnalagadda/mindseye/Audio_Speech_Actors_01-24/Actor_23/03-01-07-02-02-01-23.wav,3,1,disgust,7,2,2,1,23,male,03-01-07-02-02-01-23.wav,-568.2603,44.35267,0.52537394,5.4962773,3.1328762,0.6203522,-6.6413884,-6.387856,-10.773921,-6.5675316,-2.1501505,-6.4041686,-4.9184136,-0.02717107,-0.030973589,-0.015799813,-0.0055759945,-0.0035418398,-0.0018495595,0.0057545537,0.014646684,0.015481226,0.0066052666,-0.004004354,-0.008960564,-0.009634652,03-01-07-02-02-01-23.wav
892,/Users/upendrasuryajonnalagadda/mindseye/Audio_Speech_Actors_01-24/Actor_23/03-01-04-02-02-02-23.wav,3,1,sad,4,2,2,2,23,male,03-01-04-02-02-02-23.wav,-608.2271,64.386635,-4.029015,10.037919,13.35503,2.6996982,-1.8691821,-13.286884,-3.9969347,-0.255857,-0.66706604,-5.2288013,0.95162314,0.12766355,0.11041992,0.04785229,0.04058455,0.013342739,-0.007067667,-0.05012752,-0.048868023,-0.030599408,-0.06454486,-0.046637334,-0.061577503,-0.041375734,03-01-04-02-02-02-23.wav
893,/Users/upendrasuryajonnalagadda/mindseye/Audio_Speech_Actors_01-24/Actor_23/03-01-08-02-02-01-23.wav,3,1,surprised,8,2,2,1,23,male,03-01-08-02-02-01-23.wav,-505.94553,30.874596,-12.372114,-4.1675344,-4.854621,-6.217708,-9.799503,-9.617516,-10.174791,-5.868297,-3.9323986,-5.1757216,-6.896021,0.0,-5.2981907e-08,2.6490953e-08,-1.9868216e-08,-1.3245477e-08,1.3245477e-08,0.0,0.0,1.3245477e-08,-1.3245477e-08,-1.3245477e-08,-1.3245477e-08,6.6227384e-09,03-01-08-02-02-01-23.wav
894,/Users/upendrasuryajonnalagadda/mindseye/Audio_Speech_Actors_01-24/Actor_23/03-01-08-01-01-01-23.wav,3,1,surprised,8,1,1,1,23,male,03-01-08-01-01-01-23.wav,-570.5599,43.589355,-8.9639,3.5638301,2.7030551,-5.7265882,-6.923157,-8.5498,-10.063655,-4.182136,-1.056265,-5.4584,-3.4916425,0.025620047,0.035763193,0.034698244,0.033432495,0.031734385,0.029330809,0.026628466,0.024179263,0.021909308,0.019578839,0.017561777,0.016412754,0.016023649,03-01-08-01-01-01-23.wav
895,/Users/upendrasuryajonnalagadda/mindseye/Audio_Speech_Actors_01-24/Actor_23/03-01-03-02-02-02-23.wav,3,1,happy,3,2,2,2,23,male,03-01-03-02-02-02-23.wav,-544.75616,36.535538,-9.965968,-0.021955,-2.1545024,-8.83938,-8.041414,-5.6688194,-14.599718,-5.1071963,-2.8365674,-6.8666105,-4.7259603,0.0,-2.7247838e-08,0.0,-1.3623919e-08,-1.3623919e-08,0.0,-2.7247838e-08,-1.3623919e-08,0.0,-1.3623919e-08,0.0,0.0,6.8119594e-09,03-01-03-02-02-02-23.wav
896,/Users/upendrasuryajonnalagadda/mindseye/Audio_Speech_Actors_01-24/Actor_23/03-01-03-01-01-02-23.wav,3,1,happy,3,1,1,2,23,male,03-01-03-01-01-02-23.wav,-583.2825,43.210587,-7.0836062,2.0803914,4.319869,-5.2819877,-5.243833,-6.4402184,-10.22208,-4.2672076,-3.1349645,-4.974707,-3.0159655,0.0,5.410918e-08,-2.705459e-08,-2.705459e-08,1.3527295e-08,1.3527295e-08,-2.0290942e-08,-1.3527295e-08,-6.7636474e-09,-2.705459e-08,6.7636474e-09,-2.5363678e-09,-1.3527295e-08,03-01-03-01-01-02-23.wav
897,/Users/upendrasuryajonnalagadda/mindseye/Audio_Speech_Actors_01-24/Actor_23/03-01-02-02-01-01-23.wav,3,1,calm,2,2,1,1,23,male,03-01-02-02-01-01-23.wav,-663.6441,64.282,1.8897138,8.73936,9.302442,-0.24502134,-4.332837,-3.8282342,-6.077726,-4.584788,2.2279413,-5.1911893,-3.4642954,-0.009740935,-0.013764578,-0.01373061,-0.013674223,-0.013595686,-0.013495479,-0.013374089,-0.013232193,-0.013070526,-0.012890011,-0.012691527,-0.012476147,-0.012244962,03-01-02-02-01-01-23.wav
898,/Users/upendrasuryajonnalagadda/mindseye/Audio_Speech_Actors_01-24/Actor_23/03-01-02-01-02-01-23.wav,3,1,calm,2,1,2,1,23,male,03-01-02-01-02-01-23.wav,-658.5932,55.000202,-0.99672276,7.8117275,7.228482,-3.1956062,-2.2122507,-4.1474557,-7.0441318,-3.7638001,1.0247543,-4.780301,-3.9157481,0.013936445,0.019675191,0.019574791,0.01940839,0.019177506,0.018884065,0.018530678,0.018120363,0.01765659,0.017143283,0.016584717,0.015985496,0.015350464,03-01-02-01-02-01-23.wav
899,/Users/upendrasuryajonnalagadda/mindseye/Audio_Speech_Actors_01-24/Actor_23/03-01-01-01-02-02-23.wav,3,1,neutral,1,1,2,2,23,male,03-01-01-01-02-02-23.wav,-624.06793,60.9852,-3.7822182,6.220071,13.613946,-7.6226497,-2.3313706,-5.360916,-10.936718,-4.4324646,-0.10785335,-4.5109596,-2.475016,0.42291003,0.45291588,0.15658866,-0.03672725,-0.033801183,0.049828496,0.0804341,0.053606365,0.04106472,0.06845727,0.09607772,0.08805271,0.053823907,03-01-01-01-02-02-23.wav
900,/Users/upendrasuryajonnalagadda/mindseye/Audio_Speech_Actors_01-24/Actor_24/03-01-03-02-01-02-24.wav,3,1,happy,3,2,1,2,24,female,03-01-03-02-01-02-24.wav,-527.19257,33.262062,-19.868982,10.140082,-7.8981094,-11.125275,-5.2347445,-8.587011,-4.9705224,-1.5723714,-8.418208,4.873899,-1.8657762,-1.872244e-07,-4.68061e-08,-1.1701525e-08,2.340305e-08,-1.1701525e-08,0.0,1.1701525e-08,1.7552289e-08,1.1701525e-08,1.1701525e-08,0.0,-5.8507625e-09,0.0,03-01-03-02-01-02-24.wav
901,/Users/upendrasuryajonnalagadda/mindseye/Audio_Speech_Actors_01-24/Actor_24/03-01-03-01-02-02-24.wav,3,1,happy,3,1,2,2,24,female,03-01-03-01-02-02-24.wav,-611.13446,33.09898,-16.204868,1.0088569,-8.298963,-9.565985,-13.517891,-8.574171,-9.072192,-7.558171,-7.3315163,-1.5948384,-8.245952,0.0030100567,0.0040372293,0.003423371,0.0025362761,0.0015463681,0.0006337255,-5.3464995e-05,-0.0004320263,-0.00050132466,-0.0003401004,-8.484147e-05,0.00010613921,9.360817e-05,03-01-03-01-02-02-24.wav
902,/Users/upendrasuryajonnalagadda/mindseye/Audio_Speech_Actors_01-24/Actor_24/03-01-02-02-02-01-24.wav,3,1,calm,2,2,2,1,24,female,03-01-02-02-02-01-24.wav,-708.79987,48.700954,1.122222,0.02511202,-7.6219716,-7.224837,-12.110167,-8.403194,-12.154092,-7.8486786,-6.2581143,-3.7247784,-8.050488,0.0047875764,0.17928325,0.077004686,-0.035215218,0.072043136,-0.019401595,-0.02924029,-0.040667195,-0.0075113033,-0.044333152,-0.018999392,0.034345437,-0.071546234,03-01-02-02-02-01-24.wav
903,/Users/upendrasuryajonnalagadda/mindseye/Audio_Speech_Actors_01-24/Actor_24/03-01-02-01-01-01-24.wav,3,1,calm,2,1,1,1,24,female,03-01-02-01-01-01-24.wav,-740.86554,40.050896,-3.2298346,3.451206,-3.6551592,-5.564048,-11.35134,-13.256774,-9.016318,-6.9514675,-7.9516425,-4.028056,-8.392142,0.00314985,0.005607506,0.007943017,0.0093780495,0.0090804165,0.00788632,0.006763836,0.0055910456,0.0036448936,0.0007080041,-0.0027521926,-0.006134623,-0.008886517,03-01-02-01-01-01-24.wav
904,/Users/upendrasuryajonnalagadda/mindseye/Audio_Speech_Actors_01-24/Actor_24/03-01-01-01-01-02-24.wav,3,1,neutral,1,1,1,2,24,female,03-01-01-01-01-02-24.wav,-687.37134,41.4647,-12.51162,1.7551236,-8.26272,-9.81284,-10.318781,-13.119345,-8.123956,-5.7533016,-9.840951,-3.361044,-5.573746,0.0025726124,0.003091314,0.0016289001,-0.00031146882,-0.002260779,-0.0038851537,-0.0049925465,-0.005437875,-0.0050754608,-0.003838709,-0.0018728584,0.00042855207,0.0025592851,03-01-01-01-01-02-24.wav
905,/Users/upendrasuryajonnalagadda/mindseye/Audio_Speech_Actors_01-24/Actor_24/03-01-06-01-01-02-24.wav,3,1,fearful,6,1,1,2,24,female,03-01-06-01-01-02-24.wav,-523.877,27.242271,-16.523956,-3.3288255,-11.747644,-8.410876,-9.172227,-11.912398,-5.381332,-2.5875125,-7.1979947,-1.6966347,-4.8125434,0.037719205,0.017574744,0.0032502739,0.03486581,0.029194616,0.030970562,0.035207506,-0.00364322,0.0028777989,0.04027022,0.021137,0.013732022,0.03145566,03-01-06-01-01-02-24.wav
906,/Users/upendrasuryajonnalagadda/mindseye/Audio_Speech_Actors_01-24/Actor_24/03-01-05-01-01-01-24.wav,3,1,angry,5,1,1,1,24,female,03-01-05-01-01-01-24.wav,-503.42288,33.38726,-18.306717,0.44974288,-14.748362,-11.700937,-5.4428406,-12.043739,-7.9435925,-1.2103257,-9.756537,1.8145659,-4.929035,4.5172914e-05,5.7285113e-05,3.8922844e-05,1.2543242e-05,-1.641182e-05,-4.206943e-05,-5.899984e-05,-6.383691e-05,-5.5550183e-05,-3.5808585e-05,-8.674665e-06,2.03235e-05,4.5189077e-05,03-01-05-01-01-01-24.wav
907,/Users/upendrasuryajonnalagadda/mindseye/Audio_Speech_Actors_01-24/Actor_24/03-01-05-02-02-01-24.wav,3,1,angry,5,2,2,1,24,female,03-01-05-02-02-01-24.wav,-494.30594,33.102554,-11.642546,-2.2662063,-12.71741,-9.615492,-8.963362,-12.096249,-9.54709,-2.6854193,-7.258378,4.5370607,-5.45388,0.0043914793,0.0061823316,0.006097518,0.005958557,0.00576903,0.005533854,0.005258772,0.0049506505,0.004617082,0.0042655095,0.0039040353,0.003540198,0.0031813728,03-01-05-02-02-01-24.wav
908,/Users/upendrasuryajonnalagadda/mindseye/Audio_Speech_Actors_01-24/Actor_24/03-01-06-02-02-02-24.wav,3,1,fearful,6,2,2,2,24,female,03-01-06-02-02-02-24.wav,-437.31625,3.7401245,-26.792078,-17.190163,-11.878676,-14.729704,-17.841282,-14.148785,-11.714858,3.5801446,4.7241426,18.973047,14.104083,0.0,0.0,2.2980103e-08,-8.617539e-09,1.1490052e-08,0.0,0.0,0.0,1.1490052e-08,5.745026e-09,1.1490052e-08,0.0,0.0,03-01-06-02-02-02-24.wav
909,/Users/upendrasuryajonnalagadda/mindseye/Audio_Speech_Actors_01-24/Actor_24/03-01-04-01-02-02-24.wav,3,1,sad,4,1,2,2,24,female,03-01-04-01-02-02-24.wav,-691.5772,50.587032,1.9681275,6.7967515,-6.7117066,-3.2310371,-10.174753,-6.7295136,-8.149475,-6.3838325,-5.3352838,-3.7384825,-4.235775,0.06696035,0.08491086,0.061618183,0.03733675,0.020090114,0.00850645,-0.003043554,-0.016293842,-0.027126817,-0.030867863,-0.027711676,-0.022135131,-0.017910216,03-01-04-01-02-02-24.wav
910,/Users/upendrasuryajonnalagadda/mindseye/Audio_Speech_Actors_01-24/Actor_24/03-01-07-01-02-01-24.wav,3,1,disgust,7,1,2,1,24,female,03-01-07-01-02-01-24.wav,-583.30927,40.078575,-21.07816,6.585977,-15.765407,-10.707992,-14.213897,-16.237617,-8.639863,-5.2838664,-10.709436,-0.24861597,-5.6806417,0.000101078454,0.00015668925,0.00019611513,0.00025442708,0.0003218885,0.0003867618,0.00043683796,0.00046118698,0.00045156755,0.00040356824,0.0003170168,0.00019609653,4.8675978e-05,03-01-07-01-02-01-24.wav
911,/Users/upendrasuryajonnalagadda/mindseye/Audio_Speech_Actors_01-24/Actor_24/03-01-07-02-01-01-24.wav,3,1,disgust,7,2,1,1,24,female,03-01-07-02-01-01-24.wav,-608.95355,54.58671,-10.987942,-0.47789484,-18.534807,-7.5728245,-12.0716915,-15.848293,-9.991801,0.111714244,-9.332503,-0.8871749,-3.886597,-0.0009966355,-0.00133341,-0.0011116987,-0.00077030365,-0.00034787183,0.00010792839,0.00054588675,0.0009172715,0.0011813475,0.0013101547,0.0012914472,0.0011300378,0.00084708206,03-01-07-02-01-01-24.wav
912,/Users/upendrasuryajonnalagadda/mindseye/Audio_Speech_Actors_01-24/Actor_24/03-01-04-02-01-02-24.wav,3,1,sad,4,2,1,2,24,female,03-01-04-02-01-02-24.wav,-578.7688,50.48026,-11.826157,3.0230908,-10.381795,-13.910268,-5.369832,-13.442755,-10.330565,-0.7339773,-8.612447,-2.1606722,0.970562,0.0019430558,0.002688219,0.0025141565,0.0022322757,0.001854485,0.0013970312,0.0008791231,0.0003227764,-0.00024859433,-0.00081084104,-0.0013405272,-0.0018153408,-0.002215666,03-01-04-02-01-02-24.wav
913,/Users/upendrasuryajonnalagadda/mindseye/Audio_Speech_Actors_01-24/Actor_24/03-01-08-02-01-01-24.wav,3,1,surprised,8,2,1,1,24,female,03-01-08-02-01-01-24.wav,-532.46716,37.71698,-14.932143,-5.95479,-15.144545,-13.899151,-10.6877985,-12.034179,-8.265897,-3.6247613,-8.818256,4.6289997,-1.9144508,-0.00014935662,-0.00021191765,-0.00021398207,-0.00021680944,-0.00022006316,-0.00022269979,-0.00022400687,-0.00022300272,-0.00021876166,-0.00021047032,-0.000197534,-0.00017952568,-0.00015642503,03-01-08-02-01-01-24.wav
914,/Users/upendrasuryajonnalagadda/mindseye/Audio_Speech_Actors_01-24/Actor_24/03-01-08-01-02-01-24.wav,3,1,surprised,8,1,2,1,24,female,03-01-08-01-02-01-24.wav,-605.56903,29.68881,-10.149174,1.125648,-10.512129,-5.9612064,-11.77138,-9.74152,-7.0222387,-5.2015047,-6.8782706,-0.15282933,-7.5889874,0.009896265,0.013361369,0.011569899,0.008922982,0.0058494923,0.0028107525,0.00020174784,-0.0017283061,-0.0029191186,-0.0034948506,-0.0037155086,-0.0038955375,-0.0043114047,03-01-08-01-02-01-24.wav
915,/Users/upendrasuryajonnalagadda/mindseye/Audio_Speech_Actors_01-24/Actor_24/03-01-05-01-02-02-24.wav,3,1,angry,5,1,2,2,24,female,03-01-05-01-02-02-24.wav,-494.49957,34.325375,-18.35614,-2.8566942,-10.407723,-16.314323,-9.830278,-13.875593,-11.356426,-0.64249414,-7.2248077,0.5911659,-5.701363,0.08459037,0.06876977,-0.0016179137,-0.011834585,-0.011625416,-0.03962714,-0.06537899,-0.062482394,-0.032509048,0.00065851735,0.012191102,0.0031338767,-0.0041278536,03-01-05-01-02-02-24.wav
916,/Users/upendrasuryajonnalagadda/mindseye/Audio_Speech_Actors_01-24/Actor_24/03-01-06-01-02-01-24.wav,3,1,fearful,6,1,2,1,24,female,03-01-06-01-02-01-24.wav,-526.4587,24.07806,-10.637541,-2.1777196,-12.236277,-10.698058,-15.094375,-10.161222,-8.719682,-3.5595136,-10.126955,-3.0354552,-4.161742,0.0003455667,0.00017381556,-0.00068003713,-0.0018314193,-0.002959431,-0.0037591206,-0.00402767,-0.0037171813,-0.0029384613,-0.0019195838,-0.0009349486,-0.00022833768,4.6965655e-05,03-01-06-01-02-01-24.wav
917,/Users/upendrasuryajonnalagadda/mindseye/Audio_Speech_Actors_01-24/Actor_24/03-01-06-02-01-01-24.wav,3,1,fearful,6,2,1,1,24,female,03-01-06-02-01-01-24.wav,-426.57468,12.622464,-29.74644,-7.9797416,-12.769198,-19.707577,-17.036774,-19.436758,-10.6579685,0.3161713,-0.47784388,12.251077,9.518756,0.0,-2.2980103e-08,0.0,2.2980103e-08,-1.1490052e-08,0.0,-2.2980103e-08,0.0,-2.2980103e-08,5.745026e-09,-1.1490052e-08,-1.1490052e-08,0.0,03-01-06-02-01-01-24.wav
918,/Users/upendrasuryajonnalagadda/mindseye/Audio_Speech_Actors_01-24/Actor_24/03-01-05-02-01-02-24.wav,3,1,angry,5,2,1,2,24,female,03-01-05-02-01-02-24.wav,-462.50696,27.337797,-20.461271,0.46930206,-15.593479,-13.290203,-5.677394,-11.061949,-9.797989,-0.59358436,-11.921848,3.2789936,-4.9567366,-1.6146866e-07,0.0,0.0,-3.0275377e-08,3.0275377e-08,-1.5137688e-08,-2.5229479e-09,1.0091791e-08,0.0,1.0091791e-08,-1.0091791e-08,-2.5229479e-09,0.0,03-01-05-02-01-02-24.wav
919,/Users/upendrasuryajonnalagadda/mindseye/Audio_Speech_Actors_01-24/Actor_24/03-01-07-01-01-02-24.wav,3,1,disgust,7,1,1,2,24,female,03-01-07-01-01-02-24.wav,-562.48914,47.20712,-19.599033,3.8248878,-12.803446,-12.299895,-9.500279,-13.152699,-7.1010604,-1.1046157,-9.781405,-3.3107944,-3.9351537,0.0016110523,0.0022576111,0.002194313,0.0020883635,0.0019393102,0.0017471205,0.0015123173,0.0012366974,0.0009233076,0.00057679316,0.00020325655,-0.00018986773,-0.0005939882,03-01-07-01-01-02-24.wav
920,/Users/upendrasuryajonnalagadda/mindseye/Audio_Speech_Actors_01-24/Actor_24/03-01-04-01-01-01-24.wav,3,1,sad,4,1,1,1,24,female,03-01-04-01-01-01-24.wav,-681.7388,48.06134,-1.4775589,5.015875,-3.0736432,-7.0228376,-12.860493,-8.372173,-9.656142,-5.806407,-8.9918785,-4.022999,-5.3175306,-0.0007348357,0.0020712297,0.0087239,0.013892061,0.014658222,0.010685937,0.0029686643,-0.0059403405,-0.0124674,-0.014580349,-0.012772082,-0.008279822,-0.002169388,03-01-04-01-01-01-24.wav
921,/Users/upendrasuryajonnalagadda/mindseye/Audio_Speech_Actors_01-24/Actor_24/03-01-04-02-02-01-24.wav,3,1,sad,4,2,2,1,24,female,03-01-04-02-02-01-24.wav,-575.9138,50.892864,-5.263404,3.454928,-6.1489706,-10.633179,-17.49072,-18.668283,-15.518705,-2.5239246,-16.379759,-4.9734516,0.23557742,0.727862,0.53856933,-0.06024711,-0.037094094,0.05026853,-0.03068853,-0.092593096,-0.16025849,-0.13896142,-0.046103466,-0.07005113,-0.08689466,-0.012400641,03-01-04-02-02-01-24.wav
922,/Users/upendrasuryajonnalagadda/mindseye/Audio_Speech_Actors_01-24/Actor_24/03-01-07-02-02-02-24.wav,3,1,disgust,7,2,2,2,24,female,03-01-07-02-02-02-24.wav,-515.57495,26.657831,-17.701344,-1.3539835,-13.3720045,-12.684283,-17.03624,-14.165507,-7.693508,-3.1925247,-7.1149745,-2.338723,-5.9404626,0.0006554921,0.00092726946,0.00092703104,0.000926733,0.0009262313,0.0009255807,0.00092482567,0.00092395145,0.0009228885,0.0009217064,0.0009203851,0.00091891485,0.00091729563,03-01-07-02-02-02-24.wav
923,/Users/upendrasuryajonnalagadda/mindseye/Audio_Speech_Actors_01-24/Actor_24/03-01-08-02-02-02-24.wav,3,1,surprised,8,2,2,2,24,female,03-01-08-02-02-02-24.wav,-517.9848,29.571215,-3.9096982,-1.1177036,-5.2589374,-7.113937,-11.250309,-6.680299,-8.121031,-2.026109,-7.567711,-3.3845875,-4.172878,0.037298117,0.052416127,0.05143496,0.049851693,0.047745183,0.04522559,0.04243135,0.03952142,0.036662325,0.03401178,0.031698756,0.02980621,0.028357534,03-01-08-02-02-02-24.wav
924,/Users/upendrasuryajonnalagadda/mindseye/Audio_Speech_Actors_01-24/Actor_24/03-01-08-01-01-02-24.wav,3,1,surprised,8,1,1,2,24,female,03-01-08-01-01-02-24.wav,-572.27435,33.545666,-15.067412,-3.5327373,-12.325185,-10.237376,-14.086488,-13.915781,-6.127895,-4.269773,-9.902204,-3.2373998,-6.0632944,0.0011572265,0.0015731303,0.00138834,0.0010990596,0.00073127745,0.00031759898,-0.0001062266,-0.0005045128,-0.0008453242,-0.0011035538,-0.0012628428,-0.0013168653,-0.0012694391,03-01-08-01-01-02-24.wav
925,/Users/upendrasuryajonnalagadda/mindseye/Audio_Speech_Actors_01-24/Actor_24/03-01-03-02-02-01-24.wav,3,1,happy,3,2,2,1,24,female,03-01-03-02-02-01-24.wav,-543.256,28.837587,-20.076199,2.0553439,-11.486953,-14.747632,-12.240665,-11.390851,-11.414214,-3.2778864,-9.388779,0.50827193,-9.591917,0.0030645495,0.0040416145,0.0032115525,0.0019717189,0.0005121459,-0.0009474383,-0.0021939534,-0.00305515,-0.0034265346,-0.0032858592,-0.002693085,-0.0017766153,-0.00070827734,03-01-03-02-02-01-24.wav
926,/Users/upendrasuryajonnalagadda/mindseye/Audio_Speech_Actors_01-24/Actor_24/03-01-03-01-01-01-24.wav,3,1,happy,3,1,1,1,24,female,03-01-03-01-01-01-24.wav,-659.3542,41.27354,-11.070027,1.1593094,-6.5589247,-8.341078,-9.272998,-8.439028,-9.557429,-6.666583,-9.832864,-1.30892,-7.7530394,-0.003659762,-0.004303223,-0.003035252,-0.002939212,-0.0031838294,-0.0026541124,-0.002277397,-0.002985288,-0.0036085814,-0.0028651005,-0.0013785973,-5.715321e-05,0.0014655284,03-01-03-01-01-01-24.wav
927,/Users/upendrasuryajonnalagadda/mindseye/Audio_Speech_Actors_01-24/Actor_24/03-01-02-02-01-02-24.wav,3,1,calm,2,2,1,2,24,female,03-01-02-02-01-02-24.wav,-692.6512,45.200302,-4.0402923,5.8986073,-4.109044,-5.049538,-8.994421,-9.021422,-9.163705,-7.9430766,-4.148255,-4.247139,-8.246028,0.021459233,0.028570479,0.023731487,0.017002063,0.009583706,0.0022525138,-0.004574605,-0.010433706,-0.014571959,-0.016203403,-0.015089945,-0.011911577,-0.008022552,03-01-02-02-01-02-24.wav
928,/Users/upendrasuryajonnalagadda/mindseye/Audio_Speech_Actors_01-24/Actor_24/03-01-01-01-02-01-24.wav,3,1,neutral,1,1,2,1,24,female,03-01-01-01-02-01-24.wav,-682.3356,44.06828,-7.0258446,3.9520955,-8.574371,-5.297753,-11.913534,-11.952753,-6.152075,-5.495942,-6.811165,-0.5915792,-6.914684,0.045790363,0.057697296,0.04008866,0.019943275,0.0039953124,-0.0060749906,-0.012629248,-0.017994558,-0.021646779,-0.021253003,-0.016054774,-0.008768744,-0.0038578494,03-01-01-01-02-01-24.wav
929,/Users/upendrasuryajonnalagadda/mindseye/Audio_Speech_Actors_01-24/Actor_24/03-01-02-01-02-02-24.wav,3,1,calm,2,1,2,2,24,female,03-01-02-01-02-02-24.wav,-694.07874,41.27289,2.5895448,0.978027,-1.3528308,-3.8450782,-12.700678,-8.642834,-9.364193,-5.1982965,-8.834534,-1.8646564,-6.114937,0.053295325,0.06701293,0.045853034,0.022864068,0.008808923,0.003748977,-0.00039463938,-0.0077900765,-0.017560363,-0.030047368,-0.042843085,-0.046108782,-0.033899225,03-01-02-01-02-02-24.wav
930,/Users/upendrasuryajonnalagadda/mindseye/Audio_Speech_Actors_01-24/Actor_24/03-01-04-02-01-01-24.wav,3,1,sad,4,2,1,1,24,female,03-01-04-02-01-01-24.wav,-565.916,38.28809,-21.67453,0.48795623,-11.638364,-16.37264,-13.282744,-18.34913,-14.48089,2.1734219,-10.481368,-6.194523,3.6081014,0.015492811,0.017735291,0.009029911,0.0014107553,-0.005030823,-0.012299227,-0.017734643,-0.016886631,-0.010857492,-0.0046801567,0.00028832085,0.006334686,0.012505582,03-01-04-02-01-01-24.wav
931,/Users/upendrasuryajonnalagadda/mindseye/Audio_Speech_Actors_01-24/Actor_24/03-01-07-02-01-02-24.wav,3,1,disgust,7,2,1,2,24,female,03-01-07-02-01-02-24.wav,-502.47842,31.30074,-23.074377,-3.078673,-15.603208,-10.404379,-15.254875,-11.738797,-4.383029,-1.0139395,-9.452887,-1.1179781,-2.140695,0.0028979492,0.0039184187,0.0033992387,0.0026005174,0.0016131401,0.0005468559,-0.0004833889,-0.0013722992,-0.002037549,-0.0024290131,-0.0025343848,-0.0023787785,-0.0020194722,03-01-07-02-01-02-24.wav
932,/Users/upendrasuryajonnalagadda/mindseye/Audio_Speech_Actors_01-24/Actor_24/03-01-07-01-02-02-24.wav,3,1,disgust,7,1,2,2,24,female,03-01-07-01-02-02-24.wav,-568.03015,51.20515,-17.660025,5.520024,-11.971017,-12.097885,-14.182861,-15.737519,-13.764917,-3.1984243,-8.220557,-6.32093,-1.2870802,-0.03654393,-0.04781357,-0.037402987,-0.023524176,-0.00989519,0.00047356432,0.006124908,0.007223888,0.005022786,0.0011502531,-0.0028996794,-0.005965818,-0.0072424547,03-01-07-01-02-02-24.wav
933,/Users/upendrasuryajonnalagadda/mindseye/Audio_Speech_Actors_01-24/Actor_24/03-01-04-01-02-01-24.wav,3,1,sad,4,1,2,1,24,female,03-01-04-01-02-01-24.wav,-697.2094,43.80137,-7.0469556,2.4270096,-8.718299,-5.1306725,-11.199373,-13.891502,-8.867215,-8.01952,-8.563378,-2.5248334,-7.3196073,0.003694422,0.005003973,0.0043677846,0.003388174,0.002177095,0.00087383523,-0.00037072375,-0.0014121984,-0.0021304586,-0.002446262,-0.0023334166,-0.0018246969,-0.0010106454,03-01-04-01-02-01-24.wav
934,/Users/upendrasuryajonnalagadda/mindseye/Audio_Speech_Actors_01-24/Actor_24/03-01-06-02-02-01-24.wav,3,1,fearful,6,2,2,1,24,female,03-01-06-02-02-01-24.wav,-454.8065,5.3520355,-25.453327,-10.953728,-10.922593,-14.309503,-17.79026,-16.429672,-11.656793,2.206845,0.6372884,13.249969,12.724778,-0.00062169787,-0.00079351815,-0.0005541581,-0.00020795602,0.00017748124,0.00052672165,0.0007720116,0.0008661319,0.0007919165,0.0005650398,0.00023122322,-0.00014356467,-0.00048587262,03-01-06-02-02-01-24.wav
935,/Users/upendrasuryajonnalagadda/mindseye/Audio_Speech_Actors_01-24/Actor_24/03-01-05-02-02-02-24.wav,3,1,angry,5,2,2,2,24,female,03-01-05-02-02-02-24.wav,-490.5031,23.53985,-16.32826,-0.10221557,-18.963533,-9.061003,-7.400506,-12.254005,-8.472662,-3.595176,-8.703731,3.143953,-6.5320115,1.3871626e-07,5.20186e-08,0.0,-1.7339532e-08,0.0,1.7339532e-08,0.0,-1.7339532e-08,-2.1674416e-09,-1.7339532e-08,8.669766e-09,4.334883e-09,4.334883e-09,03-01-05-02-02-02-24.wav
936,/Users/upendrasuryajonnalagadda/mindseye/Audio_Speech_Actors_01-24/Actor_24/03-01-05-01-01-02-24.wav,3,1,angry,5,1,1,2,24,female,03-01-05-01-01-02-24.wav,-509.61325,29.779306,-17.59851,-0.19398034,-11.725772,-10.995878,-7.6087804,-8.69517,-8.918422,-1.5707934,-7.555244,0.28863543,-3.0935078,-1.8955018e-07,4.7387545e-08,-1.1846886e-08,1.777033e-08,0.0,1.1846886e-08,1.1846886e-08,0.0,0.0,-1.1846886e-08,-1.1846886e-08,0.0,0.0,03-01-05-01-01-02-24.wav
937,/Users/upendrasuryajonnalagadda/mindseye/Audio_Speech_Actors_01-24/Actor_24/03-01-06-01-01-01-24.wav,3,1,fearful,6,1,1,1,24,female,03-01-06-01-01-01-24.wav,-509.52957,24.022821,-14.907886,-0.6975629,-11.522958,-9.965441,-11.921486,-13.617157,-3.6462018,-3.4700618,-9.26482,1.3866551,-5.4851356,0.0025033036,0.0032465444,0.0024190354,0.0012035478,-0.00018653223,-0.001510146,-0.002542765,-0.0031166535,-0.0031499863,-0.0026592212,-0.0017528265,-0.00060830143,0.0005631797,03-01-06-01-01-01-24.wav
938,/Users/upendrasuryajonnalagadda/mindseye/Audio_Speech_Actors_01-24/Actor_24/03-01-08-01-02-02-24.wav,3,1,surprised,8,1,2,2,24,female,03-01-08-01-02-02-24.wav,-586.50665,24.936182,-17.393667,-1.7505497,-15.30764,-9.82291,-15.64609,-15.538772,-6.393434,-7.30845,-8.477258,-3.1261268,-6.1237254,0.0004515356,0.00057069946,0.00038082097,0.000109789326,-0.00018505174,-0.00044151876,-0.0006061087,-0.00064458005,-0.0005486936,-0.0003363421,-4.6425124e-05,0.00027098868,0.00056569104,03-01-08-01-02-02-24.wav
939,/Users/upendrasuryajonnalagadda/mindseye/Audio_Speech_Actors_01-24/Actor_24/03-01-08-02-01-02-24.wav,3,1,surprised,8,2,1,2,24,female,03-01-08-02-01-02-24.wav,-541.25165,29.595705,-18.001362,-3.1391602,-14.2825165,-17.555689,-12.232483,-12.344251,-6.8591976,-0.7882078,-6.171648,4.5265408,-3.7783728,-0.0012292196,-0.0017233561,-0.0016770696,-0.0015930797,-0.0014628698,-0.0012783671,-0.00103416,-0.0007301597,-0.0003728534,2.372542e-05,0.00043939988,0.0008493468,0.0012272291,03-01-08-02-01-02-24.wav
940,/Users/upendrasuryajonnalagadda/mindseye/Audio_Speech_Actors_01-24/Actor_24/03-01-01-01-01-01-24.wav,3,1,neutral,1,1,1,1,24,female,03-01-01-01-01-01-24.wav,-686.895,43.229652,-7.451458,1.047713,-8.075271,-7.687416,-11.267946,-12.600428,-8.550982,-6.6951256,-8.587321,-3.283757,-6.1321964,-0.00556221,-0.0073483465,-0.005944359,-0.0040417076,-0.0021149397,-0.0005543828,0.00044884084,0.0009177804,0.0010133624,0.0009207249,0.0007620811,0.00057795644,0.00037246943,03-01-01-01-01-01-24.wav
941,/Users/upendrasuryajonnalagadda/mindseye/Audio_Speech_Actors_01-24/Actor_24/03-01-02-01-01-02-24.wav,3,1,calm,2,1,1,2,24,female,03-01-02-01-01-02-24.wav,-745.6304,44.12577,-1.039085,3.2469263,-6.558686,-5.7003274,-8.623988,-11.146694,-9.31867,-4.8385262,-7.7087812,-3.628819,-7.7005653,0.07668522,0.088276386,0.051431917,0.024281455,0.011448778,0.008132966,0.0012354724,-0.012398195,-0.022044681,-0.021962766,-0.020293726,-0.021647895,-0.02452145,03-01-02-01-01-02-24.wav
942,/Users/upendrasuryajonnalagadda/mindseye/Audio_Speech_Actors_01-24/Actor_24/03-01-02-02-02-02-24.wav,3,1,calm,2,2,2,2,24,female,03-01-02-02-02-02-24.wav,-683.84656,41.36717,-2.7677119,1.0234824,-4.020318,-7.4622216,-11.155666,-7.080594,-11.429027,-7.6041336,-5.253399,-5.0411773,-7.5399384,-0.015585172,0.043598324,0.033388402,-0.012211966,0.039339207,0.029621124,0.03586931,0.033410657,-0.005081586,0.002887424,-0.043297023,-0.05829764,-0.018437747,03-01-02-02-02-02-24.wav
943,/Users/upendrasuryajonnalagadda/mindseye/Audio_Speech_Actors_01-24/Actor_24/03-01-03-01-02-01-24.wav,3,1,happy,3,1,2,1,24,female,03-01-03-01-02-01-24.wav,-676.5234,48.59353,-13.861474,-0.56483316,-5.9279156,-7.075417,-10.60254,-9.704247,-7.686183,-5.840103,-6.9947486,-0.82730806,-6.848547,0.011001081,0.014048242,0.010088485,0.005038558,0.00024673322,-0.0035922448,-0.0064923875,-0.008707464,-0.010223976,-0.010688959,-0.009825555,-0.007931186,-0.005953113,03-01-03-01-02-01-24.wav
944,/Users/upendrasuryajonnalagadda/mindseye/Audio_Speech_Actors_01-24/Actor_24/03-01-03-02-01-01-24.wav,3,1,happy,3,2,1,1,24,female,03-01-03-02-01-01-24.wav,-530.68146,33.45049,-21.651714,5.7466693,-10.314516,-15.32931,-6.339698,-10.8262205,-5.6808586,-3.0208812,-9.400641,3.4745448,-7.526514,-0.018742027,-0.025786074,-0.023706492,-0.020492509,-0.01647936,-0.012059515,-0.0076248082,-0.0035126195,3.257928e-05,0.0028782,0.0049999934,0.0064605703,0.0073759872,03-01-03-02-01-01-24.wav
945,/Users/upendrasuryajonnalagadda/mindseye/Audio_Speech_Actors_01-24/Actor_24/03-01-02-01-02-01-24.wav,3,1,calm,2,1,2,1,24,female,03-01-02-01-02-01-24.wav,-730.6705,38.349815,2.6743183,9.384072,-5.9796195,-3.0296075,-11.018357,-9.151865,-7.4643936,-5.854757,-5.191708,-2.519156,-7.551676,0.16442579,0.014802179,-0.046149243,0.22863606,-0.10122203,0.017219223,-0.019674622,0.05572348,-0.08301548,-0.016735682,0.00904103,-0.04327112,-0.03695351,03-01-02-01-02-01-24.wav
946,/Users/upendrasuryajonnalagadda/mindseye/Audio_Speech_Actors_01-24/Actor_24/03-01-01-01-02-02-24.wav,3,1,neutral,1,1,2,2,24,female,03-01-01-01-02-02-24.wav,-678.4142,39.41725,-4.9932504,3.8817718,-8.206425,-5.663401,-15.264033,-12.449848,-7.9846096,-6.2240963,-8.62539,-1.7061783,-4.5373974,-0.00084431964,-0.0012064714,-0.0012434262,-0.0012992223,-0.0013572864,-0.0013859028,-0.0013401324,-0.0011719557,-0.0008467528,-0.00035887497,0.00026001074,0.0009440153,0.0016074303,03-01-01-01-02-02-24.wav
947,/Users/upendrasuryajonnalagadda/mindseye/Audio_Speech_Actors_01-24/Actor_24/03-01-02-02-01-01-24.wav,3,1,calm,2,2,1,1,24,female,03-01-02-02-01-01-24.wav,-676.8508,41.95894,-10.863037,-0.3494307,-7.2215223,-7.942568,-11.536243,-10.562222,-8.527441,-6.721429,-7.95543,-2.757243,-7.1066294,0.004209874,0.005792262,0.0053055543,0.0044958903,0.0033932917,0.0020732663,0.00065539783,-0.0007192873,-0.0019196225,-0.0028484096,-0.0034492514,-0.003701307,-0.0036135314,03-01-02-02-01-01-24.wav
948,/Users/upendrasuryajonnalagadda/mindseye/Audio_Speech_Actors_01-24/Actor_24/03-01-03-01-01-02-24.wav,3,1,happy,3,1,1,2,24,female,03-01-03-01-01-02-24.wav,-654.6074,44.213326,-15.168289,4.616413,-4.778446,-8.689507,-8.638119,-9.353244,-8.10706,-4.3429866,-10.44154,-0.568513,-6.587172,0.020371657,0.025341868,0.01707971,0.008685761,0.0037876896,0.0028024595,0.003466499,0.0029807682,6.0030696e-05,-0.0042541833,-0.0075009647,-0.007883755,-0.0057762475,03-01-03-01-01-02-24.wav
949,/Users/upendrasuryajonnalagadda/mindseye/Audio_Speech_Actors_01-24/Actor_24/03-01-03-02-02-02-24.wav,3,1,happy,3,2,2,2,24,female,03-01-03-02-02-02-24.wav,-505.67664,19.306393,-21.616108,-4.345455,-14.986018,-15.212789,-12.5763855,-9.631833,-9.908499,-4.637377,-11.375296,-2.096896,-8.963336,0.0,4.5685e-08,-2.28425e-08,5.710625e-09,2.28425e-08,0.0,0.0,-2.28425e-08,0.0,0.0,0.0,-8.565937e-09,0.0,03-01-03-02-02-02-24.wav
950,/Users/upendrasuryajonnalagadda/mindseye/Audio_Speech_Actors_01-24/Actor_24/03-01-07-02-02-01-24.wav,3,1,disgust,7,2,2,1,24,female,03-01-07-02-02-01-24.wav,-510.81024,31.59834,-23.875683,-5.1362786,-15.749155,-11.285299,-15.065406,-14.539123,-6.233278,-2.8592315,-8.238165,-1.4545974,-7.2274685,3.201844e-05,4.394198e-05,4.1044474e-05,3.6437654e-05,3.0199686e-05,2.263804e-05,1.409145e-05,4.9195005e-06,-4.4140006e-06,-1.3565105e-05,-2.2148173e-05,-2.9774963e-05,-3.6104128e-05,03-01-07-02-02-01-24.wav
951,/Users/upendrasuryajonnalagadda/mindseye/Audio_Speech_Actors_01-24/Actor_24/03-01-04-02-02-02-24.wav,3,1,sad,4,2,2,2,24,female,03-01-04-02-02-02-24.wav,-665.4917,40.84525,-0.34550196,-0.68430996,-8.619621,-6.125615,-8.9930315,-9.825748,-12.192108,-3.5904198,-9.217977,-3.6179821,-3.3832183,0.010823014,0.013747574,0.009701767,0.004635221,-3.1480693e-05,-0.003559934,-0.0058611315,-0.007029458,-0.007020176,-0.005778505,-0.0035862688,-0.001157416,0.00069318904,03-01-04-02-02-02-24.wav
952,/Users/upendrasuryajonnalagadda/mindseye/Audio_Speech_Actors_01-24/Actor_24/03-01-04-01-01-02-24.wav,3,1,sad,4,1,1,2,24,female,03-01-04-01-01-02-24.wav,-722.7494,51.976597,2.6666734,8.280985,-3.8529837,-3.244153,-9.660845,-8.539496,-6.608954,-3.0326428,-9.054112,-1.9115528,-5.538993,0.001875589,0.016237658,0.027658463,0.012749738,-0.004169908,-0.0058746533,-0.004327863,-0.012975637,-0.025628833,-0.027031858,-0.020716645,-0.020813936,-0.026245333,03-01-04-01-01-02-24.wav
953,/Users/upendrasuryajonnalagadda/mindseye/Audio_Speech_Actors_01-24/Actor_24/03-01-07-01-01-01-24.wav,3,1,disgust,7,1,1,1,24,female,03-01-07-01-01-01-24.wav,-592.2624,55.198914,-22.164892,3.2260177,-16.754303,-13.204216,-10.334885,-11.579624,-12.184969,-4.4620013,-7.713623,-2.7298934,-4.9037914,0.27006432,0.22049299,0.018204596,0.018842984,0.020637799,-0.06619603,-0.103953846,-0.07430102,-0.040728714,-0.027350051,-0.033779174,-0.03353393,-0.015109396,03-01-07-01-01-01-24.wav
954,/Users/upendrasuryajonnalagadda/mindseye/Audio_Speech_Actors_01-24/Actor_24/03-01-05-02-01-01-24.wav,3,1,angry,5,2,1,1,24,female,03-01-05-02-01-01-24.wav,-423.40808,25.316696,-17.944517,1.3509262,-19.22149,-13.422459,-4.7365117,-12.140577,-8.731765,-3.3207226,-11.284228,3.5621176,-8.182068,-1.6146866e-07,8.073433e-08,2.0183583e-08,0.0,0.0,0.0,-3.0275377e-08,-1.5137688e-08,-1.0091791e-08,0.0,-1.0091791e-08,1.2614739e-09,0.0,03-01-05-02-01-01-24.wav
955,/Users/upendrasuryajonnalagadda/mindseye/Audio_Speech_Actors_01-24/Actor_24/03-01-06-02-01-02-24.wav,3,1,fearful,6,2,1,2,24,female,03-01-06-02-01-02-24.wav,-476.7577,15.020187,-16.797283,-8.536661,-12.827012,-14.575663,-9.303711,-11.29695,-9.490525,-4.3421845,-7.1979356,2.2639954,6.07963,0.0,0.0,0.0,2.1674417e-08,0.0,2.1674417e-08,-8.127906e-09,2.7093021e-09,1.08372085e-08,5.4186042e-09,1.08372085e-08,-5.4186042e-09,2.7093021e-09,03-01-06-02-01-02-24.wav
956,/Users/upendrasuryajonnalagadda/mindseye/Audio_Speech_Actors_01-24/Actor_24/03-01-06-01-02-02-24.wav,3,1,fearful,6,1,2,2,24,female,03-01-06-01-02-02-24.wav,-536.9208,25.988794,-9.703528,-1.1236113,-11.06876,-5.922497,-9.50027,-10.811668,-5.3606825,-2.667809,-6.8552027,-1.6191093,-5.4562783,-0.0037227918,-0.005211979,-0.0050556865,-0.0048049693,-0.004473504,-0.004079384,-0.0036437304,-0.0031893956,-0.0027393715,-0.0023155792,-0.0019372489,-0.0016200005,-0.0013747601,03-01-06-01-02-02-24.wav
957,/Users/upendrasuryajonnalagadda/mindseye/Audio_Speech_Actors_01-24/Actor_24/03-01-05-01-02-01-24.wav,3,1,angry,5,1,2,1,24,female,03-01-05-01-02-01-24.wav,-528.6269,32.57751,-15.365543,3.464112,-10.241099,-9.941857,-6.8192353,-12.840427,-8.873047,-2.4077845,-6.165826,1.6382082,-3.2417269,0.0,4.6484125e-08,-3.598771e-08,0.0,-2.099283e-08,5.9979515e-09,2.3991806e-08,-3.598771e-08,0.0,-5.9979515e-09,0.0,8.996928e-09,-5.9979515e-09,03-01-05-01-02-01-24.wav
958,/Users/upendrasuryajonnalagadda/mindseye/Audio_Speech_Actors_01-24/Actor_24/03-01-08-01-01-01-24.wav,3,1,surprised,8,1,1,1,24,female,03-01-08-01-01-01-24.wav,-679.3735,30.277012,-2.7324452,0.6364711,-7.881945,-5.05002,-7.886147,-8.291159,-7.1052084,-6.531686,-6.892577,-4.9313607,-8.272041,0.033325408,0.045089614,0.0397679,0.032890268,0.02581571,0.018877447,0.011827735,0.0047180536,-0.001660367,-0.006027995,-0.0072759883,-0.0051686065,-0.00072544604,03-01-08-01-01-01-24.wav
959,/Users/upendrasuryajonnalagadda/mindseye/Audio_Speech_Actors_01-24/Actor_24/03-01-08-02-02-01-24.wav,3,1,surprised,8,2,2,1,24,female,03-01-08-02-02-01-24.wav,-492.65253,23.887981,-6.0266595,1.6776217,-11.062459,-5.152931,-10.0833435,-9.132249,-1.253074,-4.533324,-5.612845,-2.3998816,-7.1452484,0.0012347143,0.0009817207,-8.928551e-05,-3.675545e-05,0.00021439079,-0.0007947586,-0.0022932328,-0.0026502346,-0.0022432713,-0.0025789752,-0.0034734767,-0.0034805993,-0.002562451,03-01-08-02-02-01-24.wav
960,/Users/upendrasuryajonnalagadda/mindseye/Audio_Speech_Actors_01-24/Actor_22/03-01-05-01-01-01-22.wav,3,1,angry,5,1,1,1,22,female,03-01-05-01-01-01-22.wav,-583.90643,42.217827,-3.078051,3.3369975,-1.3162714,-7.4023886,-8.949333,-8.416864,-10.623349,-2.164746,-2.1453888,-9.656666,-0.011362123,0.0012580871,0.0017776967,0.0017739534,0.0017678619,0.0017593562,0.0017485141,0.0017353178,0.0017198384,0.0017021417,0.0016823054,0.0016604066,0.0016365349,0.0016107559,03-01-05-01-01-01-22.wav
961,/Users/upendrasuryajonnalagadda/mindseye/Audio_Speech_Actors_01-24/Actor_22/03-01-06-01-01-02-22.wav,3,1,fearful,6,1,1,2,22,female,03-01-06-01-01-02-22.wav,-573.03375,37.523342,-11.291201,2.9337912,0.7447633,-8.744794,-12.030847,-9.77977,-13.10958,-2.824987,-6.0784593,-7.7924204,-1.2011335,0.0099528385,0.0140669895,0.014041937,0.014000037,0.013941985,0.013867904,0.013778305,0.013673849,0.013555172,0.013422966,0.013277958,0.013121104,0.0129532935,03-01-06-01-01-02-22.wav
962,/Users/upendrasuryajonnalagadda/mindseye/Audio_Speech_Actors_01-24/Actor_22/03-01-06-02-02-02-22.wav,3,1,fearful,6,2,2,2,22,female,03-01-06-02-02-02-22.wav,-479.1246,16.361427,-23.063131,-3.9092646,-6.7870154,-13.473051,-18.715889,-12.6709175,-14.898347,-2.5616868,-11.823565,-9.541461,-0.97927463,0.0003345196,0.00047195875,0.00047038152,0.00046795452,0.000464473,0.00045998892,0.00045458475,0.0004481169,0.0004407198,0.00043233237,0.00042304015,0.00041284927,0.00040170475,03-01-06-02-02-02-22.wav
963,/Users/upendrasuryajonnalagadda/mindseye/Audio_Speech_Actors_01-24/Actor_22/03-01-05-02-02-01-22.wav,3,1,angry,5,2,2,1,22,female,03-01-05-02-02-01-22.wav,-433.71054,23.460348,-14.926404,-2.2148597,-6.271779,-12.586203,-8.922879,-12.805513,-17.063448,-2.9585307,-7.00088,-9.483854,-3.4631028,0.0,3.126801e-08,-2.084534e-08,2.084534e-08,1.4331172e-08,-4.169068e-08,1.042267e-08,0.0,-4.169068e-08,-2.084534e-08,-2.084534e-08,-5.211335e-09,1.042267e-08,03-01-05-02-02-01-22.wav
964,/Users/upendrasuryajonnalagadda/mindseye/Audio_Speech_Actors_01-24/Actor_22/03-01-07-01-02-01-22.wav,3,1,disgust,7,1,2,1,22,female,03-01-07-01-02-01-22.wav,-611.6883,48.34041,-9.135848,0.5064535,0.16699228,-5.486883,-14.307975,-8.173026,-11.207965,-1.1430097,-4.8917975,-9.503978,1.6207777,0.012873952,0.01816889,0.018055625,0.01786817,0.017608363,0.01727895,0.016883222,0.016425004,0.015909033,0.015340421,0.014724708,0.014067873,0.013376296,03-01-07-01-02-01-22.wav
965,/Users/upendrasuryajonnalagadda/mindseye/Audio_Speech_Actors_01-24/Actor_22/03-01-04-01-02-02-22.wav,3,1,sad,4,1,2,2,22,female,03-01-04-01-02-02-22.wav,-620.4434,45.245445,-5.3949423,-2.395546,-0.5487358,-2.947953,-9.992216,-17.279068,-12.366996,1.5589324,-4.1875153,-10.534318,0.46663314,0.10845776,0.012809133,0.07303463,0.10122266,0.009345817,0.096942045,0.030981248,0.056482803,0.046489883,0.028880347,0.06772741,0.0023590147,0.053435765,03-01-04-01-02-02-22.wav
966,/Users/upendrasuryajonnalagadda/mindseye/Audio_Speech_Actors_01-24/Actor_22/03-01-04-02-01-02-22.wav,3,1,sad,4,2,1,2,22,female,03-01-04-02-01-02-22.wav,-606.6039,40.64186,-11.01061,3.731565,1.4235301,-9.569743,-12.942852,-11.450486,-12.883316,-3.0137217,-5.402592,-6.8831553,0.027019477,0.066516265,0.08441459,0.05866302,0.02522126,-0.0054514697,-0.024629762,-0.028231293,-0.017767072,0.00088643114,0.020204581,0.033986907,0.039372124,0.03722162,03-01-04-02-01-02-22.wav
967,/Users/upendrasuryajonnalagadda/mindseye/Audio_Speech_Actors_01-24/Actor_22/03-01-07-02-01-01-22.wav,3,1,disgust,7,2,1,1,22,female,03-01-07-02-01-01-22.wav,-549.16205,40.7147,-17.785736,1.2372398,-3.1537244,-9.215797,-14.716757,-10.040518,-9.627283,-1.097111,-2.6447036,-10.383539,-0.7038332,0.0011289837,0.0015955857,0.0015939286,0.0015910623,0.0015870965,0.0015820258,0.0015758139,0.0015684972,0.0015600757,0.0015505806,0.0015400016,0.0015283542,0.001515649,03-01-07-02-01-01-22.wav
968,/Users/upendrasuryajonnalagadda/mindseye/Audio_Speech_Actors_01-24/Actor_22/03-01-08-02-01-01-22.wav,3,1,surprised,8,2,1,1,22,female,03-01-08-02-01-01-22.wav,-564.65753,38.859562,-12.030348,-6.183187,-6.171003,-9.20086,-13.0978985,-10.177109,-14.996498,0.7455555,-4.8053155,-10.493058,-4.155809,0.0012819364,0.001811139,0.0018056275,0.0017964747,0.0017836682,0.0017673195,0.0017475153,0.0017243369,0.0016979366,0.001668348,0.0016358611,0.0016004761,0.0015624901,03-01-08-02-01-01-22.wav
969,/Users/upendrasuryajonnalagadda/mindseye/Audio_Speech_Actors_01-24/Actor_22/03-01-08-01-02-01-22.wav,3,1,surprised,8,1,2,1,22,female,03-01-08-01-02-01-22.wav,-586.08466,47.739082,-11.123819,-3.8932421,-5.5001235,-6.086739,-13.041116,-14.12868,-14.308448,-0.39563885,-5.297913,-12.359626,-2.2813723,-0.011148132,-0.015718192,-0.015577073,-0.015344159,-0.01502263,-0.014617049,-0.01413289,-0.013576738,-0.012956325,-0.012279767,-0.011556049,-0.010794377,-0.010004505,03-01-08-01-02-01-22.wav
970,/Users/upendrasuryajonnalagadda/mindseye/Audio_Speech_Actors_01-24/Actor_22/03-01-03-02-01-02-22.wav,3,1,happy,3,2,1,2,22,female,03-01-03-02-01-02-22.wav,-497.52267,35.862816,-14.676251,-4.99577,-1.3775095,-10.426267,-15.622965,-12.20968,-14.3183,-3.1528516,-5.741553,-12.223313,-4.6144567,-0.08460355,-0.10523279,-0.069762826,-0.023728801,0.025937902,0.06558908,0.08423013,0.08379616,0.06744755,0.038931616,0.0097887255,-0.012266573,-0.02702871,03-01-03-02-01-02-22.wav
971,/Users/upendrasuryajonnalagadda/mindseye/Audio_Speech_Actors_01-24/Actor_22/03-01-03-01-02-02-22.wav,3,1,happy,3,1,2,2,22,female,03-01-03-01-02-02-22.wav,-642.439,46.129555,-3.089585,-2.7058134,2.9349375,-2.6470742,-10.178943,-10.591899,-10.3049555,-0.06707925,-5.394105,-7.87164,-0.3021602,-0.008544922,-0.011932525,-0.011497984,-0.010843327,-0.010059988,-0.009253395,-0.008524554,-0.007953783,-0.0075870664,-0.007429249,-0.0074445335,-0.0075642224,-0.007700137,03-01-03-01-02-02-22.wav
972,/Users/upendrasuryajonnalagadda/mindseye/Audio_Speech_Actors_01-24/Actor_22/03-01-02-02-02-01-22.wav,3,1,calm,2,2,2,1,22,female,03-01-02-02-02-01-22.wav,-685.6951,59.49444,-7.3695745,2.7693172,0.5752307,1.9736773,-5.2512784,-10.86035,-10.272996,0.81215876,-1.574298,-9.098584,-1.9850124,-0.07005125,-0.08522166,-0.06979836,-0.053018086,-0.04722104,-0.045350324,-0.03950379,-0.030023417,-0.014029339,-0.0047842986,0.0043032155,-0.0034945786,-0.009273632,03-01-02-02-02-01-22.wav
973,/Users/upendrasuryajonnalagadda/mindseye/Audio_Speech_Actors_01-24/Actor_22/03-01-01-01-01-02-22.wav,3,1,neutral,1,1,1,2,22,female,03-01-01-01-01-02-22.wav,-668.72736,41.598816,-0.99996966,2.677342,5.789724,-5.473348,-8.640135,-7.897201,-9.882269,-1.498172,-2.3631985,-6.644573,-2.2719715,0.010128149,0.014318121,0.014303691,0.014277503,0.01423631,0.01417626,0.014091962,0.01397819,0.013829058,0.013639105,0.013402683,0.013115208,0.012772912,03-01-01-01-01-02-22.wav
974,/Users/upendrasuryajonnalagadda/mindseye/Audio_Speech_Actors_01-24/Actor_22/03-01-02-01-01-01-22.wav,3,1,calm,2,1,1,1,22,female,03-01-02-01-01-01-22.wav,-703.8214,42.694042,5.5097837,7.2042475,4.0646725,-0.66110474,-6.859797,-6.3105006,-7.2457867,-1.7070701,-2.8430562,-7.3908467,-0.3512674,0.010648241,0.014975803,0.0147373285,0.014370925,0.013912958,0.013396513,0.01284132,0.012246954,0.011593825,0.010849298,0.009979984,0.008963467,0.007798513,03-01-02-01-01-01-22.wav
975,/Users/upendrasuryajonnalagadda/mindseye/Audio_Speech_Actors_01-24/Actor_22/03-01-03-02-02-01-22.wav,3,1,happy,3,2,2,1,22,female,03-01-03-02-02-01-22.wav,-496.13885,27.612673,-6.02021,-7.9171457,-2.565777,-8.113094,-14.132929,-13.038235,-16.511257,-1.6814694,-9.784536,-12.2597,-4.6935596,-1.9193445e-07,-1.1995903e-08,0.0,2.099283e-08,0.0,4.798361e-08,-1.1995903e-08,-2.3991806e-08,0.0,2.3991806e-08,0.0,0.0,-1.1995903e-08,03-01-03-02-02-01-22.wav
976,/Users/upendrasuryajonnalagadda/mindseye/Audio_Speech_Actors_01-24/Actor_22/03-01-03-01-01-01-22.wav,3,1,happy,3,1,1,1,22,female,03-01-03-01-01-01-22.wav,-630.66797,56.892548,-8.458186,1.242876,4.3473682,-4.8397074,-9.982684,-11.162386,-10.443464,-1.7770431,-5.896138,-8.825101,-2.0465627,-0.010348451,-0.014378517,-0.013633397,-0.012465384,-0.010974597,-0.009282978,-0.007519354,-0.0058070803,-0.0042535746,-0.0029444476,-0.0019420455,-0.0012863508,-0.000998067,03-01-03-01-01-01-22.wav
977,/Users/upendrasuryajonnalagadda/mindseye/Audio_Speech_Actors_01-24/Actor_22/03-01-02-02-01-02-22.wav,3,1,calm,2,2,1,2,22,female,03-01-02-02-01-02-22.wav,-687.3959,46.09821,2.4876242,6.631657,1.7884077,-2.9258611,-6.8805814,-4.6066375,-5.154255,0.29401553,-3.8664088,-6.6063786,1.1844163,0.008410902,0.011739386,0.011285598,0.010564621,0.009626296,0.008534489,0.0073615126,0.0061822096,0.0050682044,0.0040825647,0.003275297,0.0026804495,0.002314648,03-01-02-02-01-02-22.wav
978,/Users/upendrasuryajonnalagadda/mindseye/Audio_Speech_Actors_01-24/Actor_22/03-01-02-01-02-02-22.wav,3,1,calm,2,1,2,2,22,female,03-01-02-01-02-02-22.wav,-678.02606,47.585075,-0.7816682,4.926265,4.204608,1.8573172,-6.7012324,-11.750849,-8.971134,2.3158202,-2.7135944,-8.550249,-0.47478166,0.019221487,0.027041866,0.026628021,0.02596789,0.02510254,0.024082197,0.022960788,0.02178975,0.020612318,0.01945947,0.01834693,0.017275106,0.016230695,03-01-02-01-02-02-22.wav
979,/Users/upendrasuryajonnalagadda/mindseye/Audio_Speech_Actors_01-24/Actor_22/03-01-01-01-02-01-22.wav,3,1,neutral,1,1,2,1,22,female,03-01-01-01-02-01-22.wav,-687.8916,52.303005,1.630501,0.8384833,4.323021,-1.8077896,-8.304304,-10.773337,-9.619627,-0.31132713,-1.8227683,-8.277742,-1.6907352,0.023354946,0.03250259,0.030728508,0.02777717,0.02400169,0.019425124,0.014345903,0.009269421,0.0042374195,-0.00055242196,-0.0047511933,-0.008449738,-0.011533156,03-01-01-01-02-01-22.wav
980,/Users/upendrasuryajonnalagadda/mindseye/Audio_Speech_Actors_01-24/Actor_22/03-01-06-01-02-01-22.wav,3,1,fearful,6,1,2,1,22,female,03-01-06-01-02-01-22.wav,-568.3699,37.281296,-18.435715,2.3229954,-2.2469773,-10.02894,-12.379132,-17.795094,-11.625936,-0.90408903,-7.4619417,-7.4103837,-1.9589761,-0.018358722,-0.025910983,-0.025756093,-0.025499968,-0.025145669,-0.02469755,-0.02416071,-0.023541456,-0.022846833,-0.022084787,-0.021263603,-0.020392107,-0.019479403,03-01-06-01-02-01-22.wav
981,/Users/upendrasuryajonnalagadda/mindseye/Audio_Speech_Actors_01-24/Actor_22/03-01-05-01-02-02-22.wav,3,1,angry,5,1,2,2,22,female,03-01-05-01-02-02-22.wav,-545.8357,41.533684,-7.3006573,0.50265485,-3.9888635,-8.616605,-9.156189,-10.606966,-15.65288,-3.5377717,-4.1802025,-12.164621,-2.2517207,-0.003633872,-0.0051362487,-0.0051275888,-0.005112966,-0.0050927796,-0.0050669266,-0.00503551,-0.0049987664,-0.004956892,-0.004909888,-0.004858006,-0.00480152,-0.0047406987,03-01-05-01-02-02-22.wav
982,/Users/upendrasuryajonnalagadda/mindseye/Audio_Speech_Actors_01-24/Actor_22/03-01-05-02-01-02-22.wav,3,1,angry,5,2,1,2,22,female,03-01-05-02-01-02-22.wav,-490.04456,36.140594,-15.646406,-1.3195636,-4.882942,-11.042762,-9.95633,-8.457946,-15.047287,-2.3688955,-5.2760587,-10.157473,-3.4832554,0.0035765157,0.0026910997,0.0020274553,0.004842634,0.0034306431,0.0015896679,0.004242649,0.0040676775,0.0014612096,0.0033863112,0.0044409735,0.0016395806,0.0024501642,03-01-05-02-01-02-22.wav
983,/Users/upendrasuryajonnalagadda/mindseye/Audio_Speech_Actors_01-24/Actor_22/03-01-06-02-01-01-22.wav,3,1,fearful,6,2,1,1,22,female,03-01-06-02-01-01-22.wav,-503.56778,25.345675,-21.098862,-3.8073726,-9.502849,-11.990413,-17.733595,-12.529974,-14.1037,-2.6427445,-9.376293,-10.238988,-2.7954838,0.03055087,0.030980816,0.0040085283,-0.017370608,-0.021339094,-0.015664807,-0.016322477,-0.025050486,-0.025774077,-0.0077959285,0.015853163,0.02353511,0.013815304,03-01-06-02-01-01-22.wav
984,/Users/upendrasuryajonnalagadda/mindseye/Audio_Speech_Actors_01-24/Actor_22/03-01-04-01-01-01-22.wav,3,1,sad,4,1,1,1,22,female,03-01-04-01-01-01-22.wav,-654.03925,50.435333,-4.741443,3.8952801,5.399778,-6.449694,-8.016533,-10.099738,-11.15177,0.2429921,-4.7264132,-5.5464525,-0.491361,0.018240904,0.025639998,0.02517979,0.024438301,0.023451658,0.022266988,0.020938583,0.019524494,0.018082166,0.016665116,0.015319158,0.01408009,0.012971854,03-01-04-01-01-01-22.wav
985,/Users/upendrasuryajonnalagadda/mindseye/Audio_Speech_Actors_01-24/Actor_22/03-01-07-01-01-02-22.wav,3,1,disgust,7,1,1,2,22,female,03-01-07-01-01-02-22.wav,-616.1905,56.26908,-15.819673,-0.63097495,-0.32214102,-8.329672,-11.927544,-6.2454185,-12.495812,-5.046772,-0.46889818,-10.346376,0.09283348,-0.0040628104,-0.005709315,-0.00560282,-0.005429824,-0.005197085,-0.004913443,-0.004589459,-0.004236949,-0.0038683738,-0.0034963845,-0.0031328145,-0.0027886115,-0.0024731625,03-01-07-01-01-02-22.wav
986,/Users/upendrasuryajonnalagadda/mindseye/Audio_Speech_Actors_01-24/Actor_22/03-01-07-02-02-02-22.wav,3,1,disgust,7,2,2,2,22,female,03-01-07-02-02-02-22.wav,-538.49915,39.377132,-12.930033,3.5931916,-4.047891,-12.508108,-16.095436,-9.816664,-12.986247,-2.936899,-4.1679745,-12.370349,-2.469352,0.00392694,0.005545406,0.0055217096,0.0054823826,0.0054277424,0.005358098,0.0052739806,0.005175891,0.005064506,0.0049405824,0.0048048967,0.0046583163,0.0045017167,03-01-07-02-02-02-22.wav
987,/Users/upendrasuryajonnalagadda/mindseye/Audio_Speech_Actors_01-24/Actor_22/03-01-04-02-02-01-22.wav,3,1,sad,4,2,2,1,22,female,03-01-04-02-02-01-22.wav,-635.30225,41.707783,-3.4277472,-0.05635156,1.9382591,-2.2695591,-11.085614,-13.622805,-15.454366,-2.4502594,-5.056867,-10.316235,-1.870857,0.07529028,0.07016863,0.012342666,0.01008016,0.054076284,0.0684846,0.026624003,-0.013780179,-0.00034148648,0.0408585,0.05097619,0.02318714,0.0032117174,03-01-04-02-02-01-22.wav
988,/Users/upendrasuryajonnalagadda/mindseye/Audio_Speech_Actors_01-24/Actor_22/03-01-08-02-02-02-22.wav,3,1,surprised,8,2,2,2,22,female,03-01-08-02-02-02-22.wav,-536.52545,24.849909,-13.780848,-5.7263327,-3.5046887,-7.594935,-13.91226,-9.721021,-13.198849,-0.7509411,-5.8113966,-11.489007,-5.0033154,0.009199786,0.013000792,0.012971319,0.012922372,0.012854188,0.012767087,0.012661515,0.012537889,0.012396782,0.01223894,0.012065013,0.011875851,0.011672248,03-01-08-02-02-02-22.wav
989,/Users/upendrasuryajonnalagadda/mindseye/Audio_Speech_Actors_01-24/Actor_22/03-01-08-01-01-02-22.wav,3,1,surprised,8,1,1,2,22,female,03-01-08-01-01-02-22.wav,-571.58527,45.113068,-14.169151,-3.6720946,-5.5071063,-11.322742,-13.708319,-9.953053,-14.036224,-2.8562193,-6.695861,-10.68908,-2.570142,0.009802484,0.013845221,0.013792162,0.013704089,0.0135817835,0.013426149,0.013238386,0.0130199585,0.012772448,0.012497593,0.012197333,0.011873666,0.011528672,03-01-08-01-01-02-22.wav
990,/Users/upendrasuryajonnalagadda/mindseye/Audio_Speech_Actors_01-24/Actor_22/03-01-02-01-01-02-22.wav,3,1,calm,2,1,1,2,22,female,03-01-02-01-01-02-22.wav,-679.67957,48.11774,-1.3433053,7.509073,5.020685,-1.8707811,-5.726465,-7.643159,-8.765848,-1.1732967,-1.0272199,-6.8811703,0.30120125,-0.00083487376,-0.0011730442,-0.0011486078,-0.0011083802,-0.001052937,-0.0009832227,-0.00090037694,-0.0008056938,-0.00070069364,-0.0005870423,-0.00046650774,-0.00034101907,-0.00021244644,03-01-02-01-01-02-22.wav
991,/Users/upendrasuryajonnalagadda/mindseye/Audio_Speech_Actors_01-24/Actor_22/03-01-01-01-01-01-22.wav,3,1,neutral,1,1,1,1,22,female,03-01-01-01-01-01-22.wav,-700.95215,53.937103,2.6433222,5.049772,5.1998243,-2.8617318,-3.83162,-6.8061633,-10.532739,-3.214916,-1.7342296,-5.751267,0.7410559,0.032935075,0.046925806,0.04732556,0.046528865,0.04405953,0.040776562,0.03793226,0.03577929,0.033424765,0.030139886,0.026470026,0.023758931,0.022696756,03-01-01-01-01-01-22.wav
992,/Users/upendrasuryajonnalagadda/mindseye/Audio_Speech_Actors_01-24/Actor_22/03-01-02-02-02-02-22.wav,3,1,calm,2,2,2,2,22,female,03-01-02-02-02-02-22.wav,-676.11896,53.97944,-2.4827023,7.2203827,-0.029286578,-1.310997,-6.9163723,-12.458698,-10.361002,-0.425906,-2.7208304,-8.527372,-0.43307126,0.024125362,-0.008717496,-0.049339194,-0.035367373,-0.017638177,-0.0086137615,-0.016824467,-0.01923031,-0.00384243,-0.008284435,-0.012142732,-0.00010218357,0.0009523813,03-01-02-02-02-02-22.wav
993,/Users/upendrasuryajonnalagadda/mindseye/Audio_Speech_Actors_01-24/Actor_22/03-01-03-01-02-01-22.wav,3,1,happy,3,1,2,1,22,female,03-01-03-01-02-01-22.wav,-637.4518,44.204132,-4.02481,-0.32442975,0.36266595,-6.1127286,-10.918943,-11.571305,-11.5622835,-0.6315658,-5.387965,-8.156668,-2.1418748,-0.02379118,-0.03358889,-0.033420626,-0.033141874,-0.032755204,-0.032264557,-0.031674378,-0.030990347,-0.030218946,-0.029367175,-0.028443027,-0.027454853,-0.026411556,03-01-03-01-02-01-22.wav
994,/Users/upendrasuryajonnalagadda/mindseye/Audio_Speech_Actors_01-24/Actor_22/03-01-03-02-01-01-22.wav,3,1,happy,3,2,1,1,22,female,03-01-03-02-01-01-22.wav,-495.20682,33.357094,-21.610195,-7.654924,-5.6314116,-12.533738,-14.770958,-11.356813,-16.127691,-2.4832869,-6.0123672,-10.033105,-6.7213583,-0.005082409,-0.0065111434,-0.004681617,-0.002231598,0.00014314592,0.0018027051,0.0023548885,0.0017579534,0.00030527054,-0.001496475,-0.0031058982,-0.004118149,-0.004371578,03-01-03-02-01-01-22.wav
995,/Users/upendrasuryajonnalagadda/mindseye/Audio_Speech_Actors_01-24/Actor_22/03-01-07-02-01-02-22.wav,3,1,disgust,7,2,1,2,22,female,03-01-07-02-01-02-22.wav,-571.4934,44.124123,-8.859824,0.2853791,-6.451649,-7.6343417,-13.224931,-4.2355814,-11.339434,-4.0162306,-0.45496672,-12.1097,-2.352389,-0.0031060113,-0.004387495,-0.004370509,-0.004342556,-0.0043035294,-0.0042538005,-0.004193571,-0.004123223,-0.004043166,-0.0039538383,-0.0038557795,-0.0037494977,-0.0036355972,03-01-07-02-01-02-22.wav
996,/Users/upendrasuryajonnalagadda/mindseye/Audio_Speech_Actors_01-24/Actor_22/03-01-04-02-01-01-22.wav,3,1,sad,4,2,1,1,22,female,03-01-04-02-01-01-22.wav,-626.1462,47.941387,-9.49506,1.125754,2.470953,-6.9176607,-10.231543,-9.482228,-13.8571825,-1.3321459,-4.1820073,-8.551516,-1.6921114,0.008095877,0.011442197,0.011421239,0.011386487,0.011338003,0.01127615,0.011201207,0.011113564,0.011013647,0.010901955,0.010779032,0.010645493,0.010501943,03-01-04-02-01-01-22.wav
997,/Users/upendrasuryajonnalagadda/mindseye/Audio_Speech_Actors_01-24/Actor_22/03-01-04-01-02-01-22.wav,3,1,sad,4,1,2,1,22,female,03-01-04-01-02-01-22.wav,-627.9106,42.955482,-7.1829095,-1.8173876,1.4497619,-3.6434991,-9.951975,-17.449965,-12.2703,1.0358318,-2.225991,-9.6079235,-1.0974005,0.008342815,0.011733937,0.011543649,0.011234895,0.010819813,0.01031454,0.009738106,0.009111608,0.0084570395,0.0077961017,0.007148965,0.0065336647,0.005964933,03-01-04-01-02-01-22.wav
998,/Users/upendrasuryajonnalagadda/mindseye/Audio_Speech_Actors_01-24/Actor_22/03-01-07-01-02-02-22.wav,3,1,disgust,7,1,2,2,22,female,03-01-07-01-02-02-22.wav,-594.06665,49.88217,-12.720544,1.1680827,1.0331967,-6.060745,-10.7249975,-11.246526,-12.283997,0.9958737,-3.108933,-10.028456,1.4752493,-0.0013966388,-0.002016642,-0.0021291985,-0.00228004,-0.002423631,-0.0025135868,-0.002513667,-0.0024067983,-0.002198564,-0.0019155468,-0.0015977893,-0.0012893103,-0.0010277391,03-01-07-01-02-02-22.wav
999,/Users/upendrasuryajonnalagadda/mindseye/Audio_Speech_Actors_01-24/Actor_22/03-01-05-02-02-02-22.wav,3,1,angry,5,2,2,2,22,female,03-01-05-02-02-02-22.wav,-444.5118,23.55913,-19.745169,-3.4395776,-7.824494,-14.59892,-9.972016,-15.084331,-16.766672,-3.025938,-5.276127,-11.689061,-2.7964215,-1.67679e-07,4.191975e-08,0.0,0.0,1.0479938e-08,2.0959876e-08,2.0959876e-08,-2.0959876e-08,-2.0959876e-08,-1.0479938e-08,5.239969e-09,1.0479938e-08,0.0,03-01-05-02-02-02-22.wav
1000,/Users/upendrasuryajonnalagadda/mindseye/Audio_Speech_Actors_01-24/Actor_22/03-01-06-02-02-01-22.wav,3,1,fearful,6,2,2,1,22,female,03-01-06-02-02-01-22.wav,-477.19095,17.809027,-20.450623,-2.4235432,-4.9953184,-14.370736,-19.74572,-14.7848215,-14.106581,-3.451896,-11.875752,-9.585657,-2.8138623,0.00095180294,0.0013450166,0.001343913,0.0013421166,0.0013396065,0.0013363917,0.001332385,0.0013277186,0.0013224283,0.0013163885,0.0013096527,0.0013022153,0.001294169,03-01-06-02-02-01-22.wav
1001,/Users/upendrasuryajonnalagadda/mindseye/Audio_Speech_Actors_01-24/Actor_22/03-01-06-01-01-01-22.wav,3,1,fearful,6,1,1,1,22,female,03-01-06-01-01-01-22.wav,-587.4438,35.807358,-12.982128,3.4476905,0.99101734,-10.190731,-12.905245,-13.132333,-12.072702,-2.021086,-6.7591624,-6.432233,-0.59881586,-0.0022355118,-0.003159461,-0.0031534417,-0.0031435706,-0.0031298106,-0.0031121427,-0.0030906913,-0.0030655242,-0.0030366725,-0.00300426,-0.0029684072,-0.0029292416,-0.0028868464,03-01-06-01-01-01-22.wav
1002,/Users/upendrasuryajonnalagadda/mindseye/Audio_Speech_Actors_01-24/Actor_22/03-01-05-01-01-02-22.wav,3,1,angry,5,1,1,2,22,female,03-01-05-01-01-02-22.wav,-615.4106,46.959198,-0.9285113,3.7162766,-0.27560785,-7.20735,-7.8782845,-5.347712,-10.9951515,-1.4852391,-2.4142442,-7.6211634,-0.43486097,-0.0015774366,-0.0026577779,-0.0038430586,-0.0055190315,-0.007308415,-0.008809368,-0.009687329,-0.009750108,-0.008990803,-0.0075883335,-0.0058652037,-0.004212905,-0.003001764,03-01-05-01-01-02-22.wav
1003,/Users/upendrasuryajonnalagadda/mindseye/Audio_Speech_Actors_01-24/Actor_22/03-01-08-01-02-02-22.wav,3,1,surprised,8,1,2,2,22,female,03-01-08-01-02-02-22.wav,-557.1884,40.04323,-13.310613,-3.9836383,-4.212637,-6.452361,-14.161658,-14.057114,-16.064396,0.61485326,-6.6739674,-12.350893,0.9176805,0.004264636,0.0059079877,0.0056190738,0.0053027715,0.0049985526,0.0046666707,0.004337592,0.0041430304,0.0041642557,0.00432204,0.0044735516,0.00457436,0.0046679485,03-01-08-01-02-02-22.wav
1004,/Users/upendrasuryajonnalagadda/mindseye/Audio_Speech_Actors_01-24/Actor_22/03-01-08-02-01-02-22.wav,3,1,surprised,8,2,1,2,22,female,03-01-08-02-01-02-22.wav,-527.19867,40.04711,-17.060778,-2.6089227,-4.2432356,-10.057933,-12.005062,-11.310211,-13.124199,0.9418117,-6.647354,-9.837623,-1.518357,-0.0010586377,-0.0014958353,-0.0014928735,-0.0014880518,-0.0014812398,-0.0014726153,-0.0014620242,-0.0014497035,-0.0014356057,-0.0014198137,-0.0014023869,-0.001383389,-0.0013629427,03-01-08-02-01-02-22.wav
1005,/Users/upendrasuryajonnalagadda/mindseye/Audio_Speech_Actors_01-24/Actor_22/03-01-04-02-02-02-22.wav,3,1,sad,4,2,2,2,22,female,03-01-04-02-02-02-22.wav,-619.6789,42.54294,-4.7300277,6.8747134,2.785048,-5.616717,-12.009936,-10.504111,-15.247079,-4.59663,-6.0475345,-9.583365,-1.2074242,-0.17865597,-0.21942934,-0.13238601,-0.02377432,0.06869554,0.117406934,0.114557005,0.072308645,0.0146304555,-0.034296554,-0.059552997,-0.059289288,-0.04245385,03-01-04-02-02-02-22.wav
1006,/Users/upendrasuryajonnalagadda/mindseye/Audio_Speech_Actors_01-24/Actor_22/03-01-07-02-02-01-22.wav,3,1,disgust,7,2,2,1,22,female,03-01-07-02-02-01-22.wav,-573.39996,36.790554,-12.6182165,2.5387938,-4.8161073,-7.81246,-16.527117,-7.2972198,-10.851667,-0.45156837,-7.165036,-9.31473,-0.38721207,-0.19323227,0.19264728,-0.19526878,0.10696076,-0.08693331,0.008119709,-0.013241359,-0.011753512,0.0009886982,-0.023050424,-0.020985551,-0.023590421,-0.009083004,03-01-07-02-02-01-22.wav
1007,/Users/upendrasuryajonnalagadda/mindseye/Audio_Speech_Actors_01-24/Actor_22/03-01-07-01-01-01-22.wav,3,1,disgust,7,1,1,1,22,female,03-01-07-01-01-01-22.wav,-592.05896,47.096718,-14.020029,1.5875866,-2.8215253,-8.12673,-10.704305,-7.7678514,-11.192617,-2.2859254,-4.6061916,-9.050234,0.19687586,0.004354477,0.0061594965,0.006161964,0.00616163,0.006152713,0.006128597,0.006083286,0.006012407,0.005914128,0.005789697,0.0056430576,0.0054805963,0.0053097964,03-01-07-01-01-01-22.wav
1008,/Users/upendrasuryajonnalagadda/mindseye/Audio_Speech_Actors_01-24/Actor_22/03-01-04-01-01-02-22.wav,3,1,sad,4,1,1,2,22,female,03-01-04-01-01-02-22.wav,-636.9012,46.77303,-8.414592,0.0010965348,2.43536,-7.334291,-10.9202385,-11.32507,-12.02946,-0.1830165,-2.9844885,-6.76653,-1.0295999,0.008832741,0.012424278,0.012223733,0.011896062,0.011450971,0.010901523,0.010263634,0.009555733,0.008797765,0.008010959,0.0072166086,0.0064356625,0.005687976,03-01-04-01-01-02-22.wav
1009,/Users/upendrasuryajonnalagadda/mindseye/Audio_Speech_Actors_01-24/Actor_22/03-01-06-02-01-02-22.wav,3,1,fearful,6,2,1,2,22,female,03-01-06-02-01-02-22.wav,-481.2494,21.179514,-19.400227,-1.8241472,-6.6792,-11.703722,-15.264646,-13.602035,-12.8820505,-3.5612094,-11.011316,-8.14854,-2.383463,0.0,2.4770761e-08,0.0,-3.715614e-08,-1.2385381e-08,4.9541523e-08,0.0,0.0,0.0,2.4770761e-08,-1.2385381e-08,-6.1926904e-09,6.1926904e-09,03-01-06-02-01-02-22.wav
1010,/Users/upendrasuryajonnalagadda/mindseye/Audio_Speech_Actors_01-24/Actor_22/03-01-05-02-01-01-22.wav,3,1,angry,5,2,1,1,22,female,03-01-05-02-01-01-22.wav,-477.49545,31.65236,-15.723454,-0.057543542,-4.583507,-13.990733,-9.751678,-10.938259,-12.774452,-1.4167738,-7.131607,-8.414631,-3.2888095,0.0,2.28425e-08,0.0,0.0,5.710625e-09,0.0,5.710625e-09,0.0,1.142125e-08,5.710625e-09,5.710625e-09,1.142125e-08,-1.142125e-08,03-01-05-02-01-01-22.wav
1011,/Users/upendrasuryajonnalagadda/mindseye/Audio_Speech_Actors_01-24/Actor_22/03-01-05-01-02-01-22.wav,3,1,angry,5,1,2,1,22,female,03-01-05-01-02-01-22.wav,-575.15137,41.95396,-8.880157,0.44130027,-3.5544493,-6.8302712,-10.267395,-8.972639,-12.716437,-1.329898,-3.1400523,-9.319418,-0.23345673,-0.006229058,-0.008803818,-0.008788012,-0.008761743,-0.008724955,-0.008677957,-0.008620827,-0.008553853,-0.008477194,-0.008391061,-0.008295927,-0.008192006,-0.008079729,03-01-05-01-02-01-22.wav
1012,/Users/upendrasuryajonnalagadda/mindseye/Audio_Speech_Actors_01-24/Actor_22/03-01-06-01-02-02-22.wav,3,1,fearful,6,1,2,2,22,female,03-01-06-01-02-02-22.wav,-567.7237,36.31655,-12.58446,-1.9167193,-0.056081936,-9.594346,-13.766118,-14.641969,-12.781683,0.5254056,-5.595084,-8.726809,-0.7482993,0.0025716545,0.0036357057,0.0036323024,0.0036266926,0.0036188762,0.003608791,0.0035965114,0.0035820256,0.0035653333,0.0035465152,0.0035255284,0.003502453,0.0034773224,03-01-06-01-02-02-22.wav
1013,/Users/upendrasuryajonnalagadda/mindseye/Audio_Speech_Actors_01-24/Actor_22/03-01-08-01-01-01-22.wav,3,1,surprised,8,1,1,1,22,female,03-01-08-01-01-01-22.wav,-602.25464,50.846172,-10.4092655,-3.978623,-1.6403395,-8.1598425,-10.925253,-7.954708,-12.038823,-1.2250009,-3.492288,-11.10643,-2.256969,-0.0015336579,-0.002168244,-0.0021653268,-0.0021607268,-0.002154182,-0.0021458047,-0.0021356072,-0.002123521,-0.0021096522,-0.0020939696,-0.002076554,-0.0020573684,-0.0020364374,03-01-08-01-01-01-22.wav
1014,/Users/upendrasuryajonnalagadda/mindseye/Audio_Speech_Actors_01-24/Actor_22/03-01-08-02-02-01-22.wav,3,1,surprised,8,2,2,1,22,female,03-01-08-02-02-01-22.wav,-500.4112,26.329199,-9.78586,-9.825239,-7.756627,-8.217685,-15.998776,-11.662085,-16.746893,-2.0105636,-5.2379813,-12.02812,-3.1583354,0.0,0.0,2.3841858e-08,1.1920929e-08,0.0,-2.3841858e-08,-1.1920929e-08,-1.1920929e-08,0.0,1.1920929e-08,0.0,-5.9604646e-09,-4.4703485e-09,03-01-08-02-02-01-22.wav
1015,/Users/upendrasuryajonnalagadda/mindseye/Audio_Speech_Actors_01-24/Actor_22/03-01-01-01-02-02-22.wav,3,1,neutral,1,1,2,2,22,female,03-01-01-01-02-02-22.wav,-681.3661,47.36334,2.2116635,4.895428,5.125852,-0.52755266,-4.6074553,-12.385925,-10.945095,0.06875481,-1.3873413,-7.556114,-1.1137381,0.040386125,0.056849934,0.056149185,0.05518634,0.054000672,0.052404292,0.05013203,0.047120735,0.043662764,0.040267482,0.03731936,0.03481299,0.032398168,03-01-01-01-02-02-22.wav
1016,/Users/upendrasuryajonnalagadda/mindseye/Audio_Speech_Actors_01-24/Actor_22/03-01-02-01-02-01-22.wav,3,1,calm,2,1,2,1,22,female,03-01-02-01-02-01-22.wav,-690.7694,47.764896,1.7343915,2.7291083,3.1831865,-2.0525477,-8.888067,-9.426842,-6.540929,-0.47393513,-2.6947322,-8.704691,-0.52247274,0.024651466,0.034753427,0.03436084,0.033647753,0.03278913,0.03199379,0.031157456,0.029901702,0.028050039,0.02591906,0.02397775,0.022288917,0.020472916,03-01-02-01-02-01-22.wav
1017,/Users/upendrasuryajonnalagadda/mindseye/Audio_Speech_Actors_01-24/Actor_22/03-01-02-02-01-01-22.wav,3,1,calm,2,2,1,1,22,female,03-01-02-02-01-01-22.wav,-685.9486,46.628357,-0.61661685,7.0245605,4.5772295,-1.5846341,-4.5624294,-4.7432923,-5.885591,-0.43222293,-1.641823,-7.5987763,-1.5000657,0.015615081,0.019905949,0.015655678,0.01287294,0.01306541,0.014931506,0.016025443,0.015624571,0.01470418,0.014429319,0.01508261,0.015921459,0.015834969,03-01-02-02-01-01-22.wav
1018,/Users/upendrasuryajonnalagadda/mindseye/Audio_Speech_Actors_01-24/Actor_22/03-01-03-01-01-02-22.wav,3,1,happy,3,1,1,2,22,female,03-01-03-01-01-02-22.wav,-650.00916,47.640152,-15.270755,-1.244532,4.112202,-8.14075,-11.0693655,-11.830378,-10.709128,-0.7992859,-6.374837,-7.696671,-1.9985819,-0.002379347,-0.0033624123,-0.0033572088,-0.0033482802,-0.0033358312,-0.0033198618,-0.0033004556,-0.003277561,-0.003251223,-0.003221627,-0.0031887605,-0.0031526168,-0.0031133562,03-01-03-01-01-02-22.wav
1019,/Users/upendrasuryajonnalagadda/mindseye/Audio_Speech_Actors_01-24/Actor_22/03-01-03-02-02-02-22.wav,3,1,happy,3,2,2,2,22,female,03-01-03-02-02-02-22.wav,-521.55963,34.555458,-15.537925,-8.617991,-0.3022305,-11.491047,-14.8526535,-14.168187,-14.408216,-0.56331676,-8.015698,-12.119561,-4.5219736,0.0008182301,0.0011569753,0.0011557635,0.0011538898,0.0011512756,0.0011478649,0.0011436911,0.0011387881,0.0011331221,0.0011267606,0.0011196698,0.0011118553,0.0011033451,03-01-03-02-02-02-22.wav
1020,/Users/upendrasuryajonnalagadda/mindseye/Audio_Speech_Actors_01-24/Actor_14/03-01-08-01-01-01-14.wav,3,1,surprised,8,1,1,1,14,female,03-01-08-01-01-01-14.wav,-687.7066,39.08859,-5.8601866,6.923982,-10.534793,-5.880984,-6.7571507,-8.113562,-3.6856682,-5.643714,-4.794427,-6.867075,-3.5609748,0.0077922847,0.010517922,0.009229381,0.0076589766,0.006256541,0.0051482255,0.0041307947,0.0029210665,0.0014519114,-1.8118293e-05,-0.0010660514,-0.0014071374,-0.0011067755,03-01-08-01-01-01-14.wav
1021,/Users/upendrasuryajonnalagadda/mindseye/Audio_Speech_Actors_01-24/Actor_14/03-01-08-02-02-01-14.wav,3,1,surprised,8,2,2,1,14,female,03-01-08-02-02-01-14.wav,-597.00116,31.875103,-8.863414,-1.5280632,-11.072211,-10.690824,-9.458921,-12.621957,-4.4307804,-7.610453,-6.723456,-7.0290422,-3.129621,0.0031000138,0.0043421746,0.0042164205,0.0040109158,0.003731662,0.0033866882,0.0029858828,0.002540493,0.002062869,0.0015658617,0.0010625988,0.00056579115,8.765459e-05,03-01-08-02-02-01-14.wav
1022,/Users/upendrasuryajonnalagadda/mindseye/Audio_Speech_Actors_01-24/Actor_14/03-01-04-02-02-02-14.wav,3,1,sad,4,2,2,2,14,female,03-01-04-02-02-02-14.wav,-577.787,32.604824,-15.878628,7.4461365,-13.185079,-16.03146,-10.061306,-20.712385,-4.6453633,-5.830022,-11.845089,2.01128,-9.746998,0.0,-2.2572173e-08,2.2572173e-08,0.0,-2.2572173e-08,2.2572173e-08,1.692913e-08,0.0,2.8215217e-09,0.0,-2.2572173e-08,5.6430434e-09,0.0,03-01-04-02-02-02-14.wav
1023,/Users/upendrasuryajonnalagadda/mindseye/Audio_Speech_Actors_01-24/Actor_14/03-01-07-02-02-01-14.wav,3,1,disgust,7,2,2,1,14,female,03-01-07-02-02-01-14.wav,-598.75256,35.192104,1.506553,4.4441595,-9.856232,-8.856387,-13.587931,-10.984362,-4.8950534,-7.138775,-5.847852,-4.2418675,-5.269292,0.0005913501,0.0008190743,0.0007654196,0.0006785663,0.00056228996,0.00042156005,0.00026263832,9.227249e-05,-8.2087965e-05,-0.00025283766,-0.00041267107,-0.0005546156,-0.00067248434,03-01-07-02-02-01-14.wav
1024,/Users/upendrasuryajonnalagadda/mindseye/Audio_Speech_Actors_01-24/Actor_14/03-01-07-01-01-01-14.wav,3,1,disgust,7,1,1,1,14,female,03-01-07-01-01-01-14.wav,-582.9301,29.21143,-5.2940636,3.696064,-7.645316,-6.5070934,-12.999515,-12.314413,-6.521056,-5.2542434,-3.8580415,-5.8116035,-2.3026724,-0.0011624764,-0.0016421686,-0.0016368971,-0.0016275417,-0.0016138275,-0.0015950232,-0.0015703447,-0.0015388442,-0.0014995856,-0.0014516385,-0.0013940613,-0.0013259583,-0.0012466923,03-01-07-01-01-01-14.wav
1025,/Users/upendrasuryajonnalagadda/mindseye/Audio_Speech_Actors_01-24/Actor_14/03-01-04-01-01-02-14.wav,3,1,sad,4,1,1,2,14,female,03-01-04-01-01-02-14.wav,-699.0145,45.163982,4.4032035,7.278832,-6.5219007,-5.0169835,-8.025428,-8.163357,-3.1800869,-7.1998386,-4.7358046,-5.528751,-5.666058,0.004396683,0.00578401,0.0047064316,0.0034943665,0.0025739914,0.001998669,0.0014573794,0.0005721985,-0.00074858544,-0.002179421,-0.003175842,-0.0033548672,-0.0027652215,03-01-04-01-01-02-14.wav
1026,/Users/upendrasuryajonnalagadda/mindseye/Audio_Speech_Actors_01-24/Actor_14/03-01-06-02-01-02-14.wav,3,1,fearful,6,2,1,2,14,female,03-01-06-02-01-02-14.wav,-425.64655,9.347911,-30.989576,-1.5222706,-10.384486,-18.181458,-4.227081,-16.289661,-4.56295,-2.0805666,-6.472561,10.990945,6.7522397,0.0,0.0,-5.1900642e-08,6.4875803e-09,0.0,0.0,-1.29751605e-08,0.0,0.0,1.29751605e-08,-1.946274e-08,-2.5950321e-08,-1.29751605e-08,03-01-06-02-01-02-14.wav
1027,/Users/upendrasuryajonnalagadda/mindseye/Audio_Speech_Actors_01-24/Actor_14/03-01-05-02-01-01-14.wav,3,1,angry,5,2,1,1,14,female,03-01-05-02-01-01-14.wav,-378.72028,31.012058,-31.116985,-3.1658876,-21.434237,-16.220343,-4.2242436,-14.630979,-6.6407113,-4.7879906,-6.309672,2.3474762,-3.4903176,-8.29282e-08,-2.073205e-08,0.0,-1.0366025e-08,1.0366025e-08,0.0,5.1830127e-09,0.0,0.0,0.0,1.0366025e-08,0.0,2.5915063e-09,03-01-05-02-01-01-14.wav
1028,/Users/upendrasuryajonnalagadda/mindseye/Audio_Speech_Actors_01-24/Actor_14/03-01-05-01-02-01-14.wav,3,1,angry,5,1,2,1,14,female,03-01-05-01-02-01-14.wav,-556.45984,27.281757,-10.733337,6.0158577,-14.797636,-11.529421,-6.2487116,-14.938223,-6.037044,-7.151118,-3.9630513,-5.1819916,-6.2444744,-1.8955018e-07,0.0,0.0,2.3693772e-08,0.0,-2.3693772e-08,1.777033e-08,-2.3693772e-08,5.923443e-09,2.3693772e-08,-5.923443e-09,-1.1846886e-08,1.1846886e-08,03-01-05-01-02-01-14.wav
1029,/Users/upendrasuryajonnalagadda/mindseye/Audio_Speech_Actors_01-24/Actor_14/03-01-06-01-02-02-14.wav,3,1,fearful,6,1,2,2,14,female,03-01-06-01-02-02-14.wav,-652.93427,33.32345,-5.297048,9.299891,-4.369461,-7.8623924,-14.514719,-13.211407,0.03527602,-7.444784,-6.415947,-4.432942,-1.0851954,-0.0026295283,-0.0038786065,-0.0042835064,-0.00474112,-0.0050105657,-0.0048913304,-0.0042962637,-0.0032814757,-0.0020253495,-0.00076508196,0.00028253582,0.0009866218,0.0013308852,03-01-06-01-02-02-14.wav
1030,/Users/upendrasuryajonnalagadda/mindseye/Audio_Speech_Actors_01-24/Actor_14/03-01-01-01-02-02-14.wav,3,1,neutral,1,1,2,2,14,female,03-01-01-01-02-02-14.wav,-730.4317,44.290592,3.5020998,6.7390256,-9.049101,-2.5017166,-7.4125752,-9.813493,-2.4559765,-4.6471295,-3.21102,-5.3630066,-3.0072668,0.0805886,0.10515577,0.085116446,0.06489748,0.0490403,0.03579623,0.023166297,0.012158506,0.0046933903,-8.8877496e-05,-0.0035157017,-0.0034855434,0.0015114561,03-01-01-01-02-02-14.wav
1031,/Users/upendrasuryajonnalagadda/mindseye/Audio_Speech_Actors_01-24/Actor_14/03-01-02-01-02-01-14.wav,3,1,calm,2,1,2,1,14,female,03-01-02-01-02-01-14.wav,-716.9611,25.100967,5.4440193,7.0739174,-7.1707683,-3.8923333,-8.740297,-8.708581,-4.9814587,-6.863103,-5.5601816,-7.7635,-4.989774,-0.0023502687,-0.0031581023,-0.0027031736,-0.0020671766,-0.001387168,-0.0007838554,-0.00032906304,-3.5681693e-05,0.00012949211,0.00022003277,0.00028256007,0.0003391772,0.00038303973,03-01-02-01-02-01-14.wav
1032,/Users/upendrasuryajonnalagadda/mindseye/Audio_Speech_Actors_01-24/Actor_14/03-01-02-02-01-01-14.wav,3,1,calm,2,2,1,1,14,female,03-01-02-02-01-01-14.wav,-778.8709,40.589348,7.282794,6.692961,-4.981519,-4.7299337,-4.8600693,-7.605071,-3.242418,-2.2855647,-2.0929441,-6.656016,-2.9612112,0.026754413,0.035117738,0.028161226,0.019580454,0.011616164,0.005443636,0.001627174,0.0004192912,0.0014509041,0.0035791597,0.005356072,0.005638088,0.0038560764,03-01-02-02-01-01-14.wav
1033,/Users/upendrasuryajonnalagadda/mindseye/Audio_Speech_Actors_01-24/Actor_14/03-01-03-01-01-02-14.wav,3,1,happy,3,1,1,2,14,female,03-01-03-01-01-02-14.wav,-549.6481,29.457449,-11.859425,0.35977778,-6.8978148,-12.53013,-5.6569805,-10.535828,-1.8281668,-5.6349545,-6.581182,-3.6074955,-10.018679,-1.9193445e-07,0.0,2.3991806e-08,2.3991806e-08,0.0,-5.9979515e-09,-2.3991806e-08,0.0,1.1995903e-08,0.0,0.0,1.1995903e-08,1.1995903e-08,03-01-03-01-01-02-14.wav
1034,/Users/upendrasuryajonnalagadda/mindseye/Audio_Speech_Actors_01-24/Actor_14/03-01-03-02-02-02-14.wav,3,1,happy,3,2,2,2,14,female,03-01-03-02-02-02-14.wav,-470.8773,12.603254,-29.544638,-0.7831914,-9.421602,-21.832766,-5.856676,-18.652086,-6.1476765,-6.8806305,-8.298612,6.1333127,5.840024,0.0,0.0,4.7387545e-08,0.0,2.3693772e-08,0.0,-2.9617215e-09,0.0,1.1846886e-08,-1.1846886e-08,5.923443e-09,1.777033e-08,0.0,03-01-03-02-02-02-14.wav
1035,/Users/upendrasuryajonnalagadda/mindseye/Audio_Speech_Actors_01-24/Actor_14/03-01-02-01-01-02-14.wav,3,1,calm,2,1,1,2,14,female,03-01-02-01-01-02-14.wav,-782.67487,39.49441,4.766914,11.048591,-4.4291353,-3.61591,-6.1949778,-6.717832,-5.130753,-6.099262,-3.0449498,-6.9100213,-4.444058,-0.010296314,-0.00741919,-0.00017320336,-0.0018224593,-0.0010291385,0.0035865523,0.0052282284,0.0043344684,0.0034274498,0.004481514,0.0054148976,0.00017445428,-0.007291961,03-01-02-01-01-02-14.wav
1036,/Users/upendrasuryajonnalagadda/mindseye/Audio_Speech_Actors_01-24/Actor_14/03-01-01-01-01-01-14.wav,3,1,neutral,1,1,1,1,14,female,03-01-01-01-01-01-14.wav,-761.8684,42.15133,6.3705907,10.231775,-5.840603,-5.970381,-3.898551,-8.260018,-4.175017,-3.4230433,-1.70419,-5.19563,-2.817518,0.039176635,0.05518931,0.0513185,0.040015213,0.023187893,0.006389726,-0.0048936647,-0.0059464932,0.0028653208,0.011440144,0.0104301805,0.0025201289,-0.0037584242,03-01-01-01-01-01-14.wav
1037,/Users/upendrasuryajonnalagadda/mindseye/Audio_Speech_Actors_01-24/Actor_14/03-01-02-02-02-02-14.wav,3,1,calm,2,2,2,2,14,female,03-01-02-02-02-02-14.wav,-747.27576,37.41935,7.1701636,6.8912487,-6.592995,-4.3025084,-8.298804,-10.0185375,-1.5247037,-7.1648684,-3.1983132,-5.8849325,-4.451325,0.03813237,0.047178492,0.035357364,0.024052322,0.013976214,0.0064098616,0.001130502,-0.0011353756,-0.0036181584,-0.007701815,-0.011010564,-0.012673752,-0.012823184,03-01-02-02-02-02-14.wav
1038,/Users/upendrasuryajonnalagadda/mindseye/Audio_Speech_Actors_01-24/Actor_14/03-01-03-01-02-01-14.wav,3,1,happy,3,1,2,1,14,female,03-01-03-01-02-01-14.wav,-594.15485,27.637175,-10.279879,4.342621,-7.8294296,-12.604057,-13.927255,-13.136806,-1.9214419,-9.334878,-6.180309,-3.9176042,-5.2243752,0.0,-5.1900642e-08,0.0,0.0,0.0,0.0,0.0,0.0,3.2437901e-09,0.0,5.676633e-09,0.0,0.0,03-01-03-01-02-01-14.wav
1039,/Users/upendrasuryajonnalagadda/mindseye/Audio_Speech_Actors_01-24/Actor_14/03-01-03-02-01-01-14.wav,3,1,happy,3,2,1,1,14,female,03-01-03-02-01-01-14.wav,-453.69547,19.144987,-31.78134,-1.734211,-13.752522,-21.101568,-4.0192337,-14.430092,-5.8508744,-2.577052,-11.193909,7.6374393,-1.1721016,-9.36122e-08,4.68061e-08,0.0,1.1701525e-08,0.0,0.0,1.1701525e-08,-3.5104577e-08,1.1701525e-08,-1.7552289e-08,-5.8507625e-09,1.1701525e-08,1.1701525e-08,03-01-03-02-01-01-14.wav
1040,/Users/upendrasuryajonnalagadda/mindseye/Audio_Speech_Actors_01-24/Actor_14/03-01-08-01-02-02-14.wav,3,1,surprised,8,1,2,2,14,female,03-01-08-01-02-02-14.wav,-643.5638,33.87958,-6.270294,1.5885208,-9.164146,-8.127137,-10.115859,-8.4638605,-3.6293528,-6.735925,-5.773004,-6.494518,-4.451454,0.0,-5.335241e-08,0.0,-2.0007153e-08,2.7093021e-08,1.3338102e-08,0.0,0.0,1.3338102e-08,0.0,0.0,3.3345255e-09,-6.669051e-09,03-01-08-01-02-02-14.wav
1041,/Users/upendrasuryajonnalagadda/mindseye/Audio_Speech_Actors_01-24/Actor_14/03-01-08-02-01-02-14.wav,3,1,surprised,8,2,1,2,14,female,03-01-08-02-01-02-14.wav,-597.65967,39.51124,-13.904974,-2.0495777,-12.633971,-10.918184,-7.7642775,-13.194435,-4.508036,-7.0242057,-8.50474,-2.775576,-4.7983265,0.0029535294,0.0041178465,0.003942609,0.0036571682,0.0032711984,0.0027977466,0.0022526025,0.0016539097,0.0010213852,0.0003755212,-0.00026312767,-0.0008745909,-0.0014403581,03-01-08-02-01-02-14.wav
1042,/Users/upendrasuryajonnalagadda/mindseye/Audio_Speech_Actors_01-24/Actor_14/03-01-07-02-01-02-14.wav,3,1,disgust,7,2,1,2,14,female,03-01-07-02-01-02-14.wav,-602.0493,33.115124,-8.673018,4.865856,-13.485521,-6.0586243,-14.415535,-18.758059,-3.433141,-8.065067,-0.13854052,-4.388662,-5.1276183,0.0025395933,0.0035454412,0.0034109317,0.0031910061,0.0028916115,0.0025211654,0.0020900276,0.0016100332,0.001094516,0.00055755593,1.39141675e-05,-0.00052165985,-0.0010347426,03-01-07-02-01-02-14.wav
1043,/Users/upendrasuryajonnalagadda/mindseye/Audio_Speech_Actors_01-24/Actor_14/03-01-04-02-01-01-14.wav,3,1,sad,4,2,1,1,14,female,03-01-04-02-01-01-14.wav,-620.2273,32.411263,-6.0472555,5.813399,-11.222896,-5.795475,-11.086184,-12.899246,-3.4264026,-4.613022,-2.950674,-2.6155121,-5.794796,5.2263636e-05,7.337011e-05,7.06233e-05,6.601482e-05,5.9733135e-05,5.193242e-05,4.280684e-05,3.2607666e-05,2.1551898e-05,9.999304e-06,-1.8232507e-06,-1.362555e-05,-2.5038235e-05,03-01-04-02-01-01-14.wav
1044,/Users/upendrasuryajonnalagadda/mindseye/Audio_Speech_Actors_01-24/Actor_14/03-01-04-01-02-01-14.wav,3,1,sad,4,1,2,1,14,female,03-01-04-01-02-01-14.wav,-686.18207,35.12247,3.6223445,11.270512,-7.646808,-5.2262416,-9.09185,-11.3835535,-1.3617724,-5.7406125,-3.134012,-4.609325,-3.0394444,-0.0016643817,-0.0020469273,-0.0012367711,-0.00013356331,0.0010974958,0.0023405124,0.0035161849,0.0045624515,0.005347365,0.005686809,0.005508672,0.0048906133,0.0039426056,03-01-04-01-02-01-14.wav
1045,/Users/upendrasuryajonnalagadda/mindseye/Audio_Speech_Actors_01-24/Actor_14/03-01-07-01-02-02-14.wav,3,1,disgust,7,1,2,2,14,female,03-01-07-01-02-02-14.wav,-569.078,38.73088,-1.7508447,1.7500896,-14.200839,-9.434873,-11.453416,-15.36566,-7.2588334,-9.040614,-7.254712,-3.0499864,-5.6940536,0.0,-4.68061e-08,-2.9253813e-09,-1.1701525e-08,1.1701525e-08,-1.1701525e-08,1.1701525e-08,2.340305e-08,1.1701525e-08,0.0,5.8507625e-09,1.1701525e-08,0.0,03-01-07-01-02-02-14.wav
1046,/Users/upendrasuryajonnalagadda/mindseye/Audio_Speech_Actors_01-24/Actor_14/03-01-05-02-02-02-14.wav,3,1,angry,5,2,2,2,14,female,03-01-05-02-02-02-14.wav,-425.39883,25.544855,-22.258791,-3.4773605,-21.862026,-13.384576,-4.2806363,-19.718616,-5.521126,-7.535854,-6.905658,-1.4979147,-6.297994,0.0,-2.0077355e-08,2.0077355e-08,1.5058015e-08,1.00386774e-08,2.0077355e-08,1.00386774e-08,-1.00386774e-08,-5.0193387e-09,-1.2548346e-08,2.5096694e-09,-5.0193387e-09,-2.1959605e-09,03-01-05-02-02-02-14.wav
1047,/Users/upendrasuryajonnalagadda/mindseye/Audio_Speech_Actors_01-24/Actor_14/03-01-06-02-02-01-14.wav,3,1,fearful,6,2,2,1,14,female,03-01-06-02-02-01-14.wav,-495.87396,12.857048,-25.855654,-4.2394195,-14.9303875,-16.359148,-7.6033263,-20.304937,-4.7013826,-8.0001955,-14.535096,-1.0799041,-1.8693405,0.0,2.5262896e-08,2.5262896e-08,1.8947173e-08,0.0,0.0,0.0,-2.5262896e-08,-1.578931e-09,0.0,-1.2631448e-08,0.0,1.2631448e-08,03-01-06-02-02-01-14.wav
1048,/Users/upendrasuryajonnalagadda/mindseye/Audio_Speech_Actors_01-24/Actor_14/03-01-06-01-01-01-14.wav,3,1,fearful,6,1,1,1,14,female,03-01-06-01-01-01-14.wav,-716.0896,40.613262,5.747089,17.39877,-3.3097544,-3.642163,-8.988464,-9.8427925,-4.2211018,-6.167196,-6.0618777,-5.9585857,-0.62642753,0.28187478,0.19487026,0.124846056,0.10825595,0.027632609,0.05842199,0.0029780995,-0.012196398,-0.038786896,-0.05040141,-0.03935119,-0.07286186,-0.0118136015,03-01-06-01-01-01-14.wav
1049,/Users/upendrasuryajonnalagadda/mindseye/Audio_Speech_Actors_01-24/Actor_14/03-01-05-01-01-02-14.wav,3,1,angry,5,1,1,2,14,female,03-01-05-01-01-02-14.wav,-580.63416,32.456917,-7.8984056,3.9712303,-11.556729,-8.767048,-3.5943837,-9.672637,-4.453901,-3.9030113,-2.1891637,-3.9951222,-2.8380013,3.757477e-05,5.2642823e-05,5.1867963e-05,5.0663948e-05,4.8947335e-05,4.6777724e-05,4.4125318e-05,4.103184e-05,3.7539005e-05,3.353357e-05,2.9203296e-05,2.4455785e-05,1.936257e-05,03-01-05-01-01-02-14.wav
1050,/Users/upendrasuryajonnalagadda/mindseye/Audio_Speech_Actors_01-24/Actor_14/03-01-03-02-02-01-14.wav,3,1,happy,3,2,2,1,14,female,03-01-03-02-02-01-14.wav,-447.18283,11.656695,-38.915676,-1.3164259,-12.199388,-23.307701,-7.442299,-19.176224,-2.918074,-4.9143133,-9.120228,5.328088,-1.4890345,-0.0008394172,-0.0011865547,-0.001185084,-0.0011825088,-0.0011790517,-0.001174605,-0.0011691501,-0.0011626784,-0.0011553247,-0.00114696,-0.0011376875,-0.0011274671,-0.0011163045,03-01-03-02-02-01-14.wav
1051,/Users/upendrasuryajonnalagadda/mindseye/Audio_Speech_Actors_01-24/Actor_14/03-01-03-01-01-01-14.wav,3,1,happy,3,1,1,1,14,female,03-01-03-01-01-01-14.wav,-532.58936,27.924519,-16.828022,10.335332,-9.289375,-15.854253,-5.031611,-14.072316,-1.984808,-6.496324,-7.260488,1.4989456,-7.534767,-0.024596596,-0.034367286,-0.03315568,-0.03127086,-0.028896023,-0.02625351,-0.023577029,-0.021083593,-0.018948793,-0.01728928,-0.016153837,-0.015524003,-0.015323234,03-01-03-01-01-01-14.wav
1052,/Users/upendrasuryajonnalagadda/mindseye/Audio_Speech_Actors_01-24/Actor_14/03-01-02-02-01-02-14.wav,3,1,calm,2,2,1,2,14,female,03-01-02-02-01-02-14.wav,-770.4944,31.825909,4.1571283,8.541775,-3.731804,-5.841391,-6.280077,-7.138643,-5.2214203,-5.8465657,-3.6322007,-8.19392,-4.418193,-0.0051861824,-0.007105675,-0.006473767,-0.005580987,-0.0046073417,-0.003707818,-0.002963811,-0.0023662783,-0.0018371266,-0.0012784823,-0.00062790426,0.00010487032,0.00083594915,03-01-02-02-01-02-14.wav
1053,/Users/upendrasuryajonnalagadda/mindseye/Audio_Speech_Actors_01-24/Actor_14/03-01-02-01-02-02-14.wav,3,1,calm,2,1,2,2,14,female,03-01-02-01-02-02-14.wav,-727.529,31.93897,4.0185676,8.434593,-6.3244457,-5.3667083,-6.9624743,-10.936519,-4.410407,-7.289149,-5.088006,-9.385755,-5.037486,0.01813593,0.024889283,0.022707958,0.019367369,0.015258164,0.010832174,0.0065325047,0.0027285821,-0.00032969343,-0.0025321252,-0.0039012607,-0.0045619104,-0.0046971617,03-01-02-01-02-02-14.wav
1054,/Users/upendrasuryajonnalagadda/mindseye/Audio_Speech_Actors_01-24/Actor_14/03-01-01-01-02-01-14.wav,3,1,neutral,1,1,2,1,14,female,03-01-01-01-02-01-14.wav,-733.03107,39.995182,2.9514709,8.160871,-5.8677826,-2.4558208,-7.6159725,-9.189661,-3.1535368,-2.8303988,-3.5428846,-5.6412816,-2.8265429,-0.024532268,-0.030669581,-0.02352759,-0.016603444,-0.012519531,-0.011513825,-0.007535833,-0.0010533015,0.0067164865,0.011871185,0.010729853,0.005894979,-0.00033828735,03-01-01-01-02-01-14.wav
1055,/Users/upendrasuryajonnalagadda/mindseye/Audio_Speech_Actors_01-24/Actor_14/03-01-08-02-02-02-14.wav,3,1,surprised,8,2,2,2,14,female,03-01-08-02-02-02-14.wav,-615.5656,29.079481,-1.4491538,4.4311075,-8.182877,-7.8610506,-9.125718,-10.273691,-3.936427,-7.435706,-7.05437,-6.75852,-3.6536622,-0.00062380964,-0.000897141,-0.0009447077,-0.0010306317,-0.0011627718,-0.0013489575,-0.0015941407,-0.0018984516,-0.0022551494,-0.0026503615,-0.0030636343,-0.0034696567,-0.003841033,03-01-08-02-02-02-14.wav
1056,/Users/upendrasuryajonnalagadda/mindseye/Audio_Speech_Actors_01-24/Actor_14/03-01-08-01-01-02-14.wav,3,1,surprised,8,1,1,2,14,female,03-01-08-01-01-02-14.wav,-668.6832,37.756844,-7.6064115,3.5276196,-8.753528,-7.37247,-5.9717407,-7.376365,-3.7919786,-4.3533883,-4.6992908,-5.99342,-3.126144,0.0008913511,0.0012333858,0.0011540698,0.0010266242,0.00085774955,0.00065602886,0.0004319773,0.00019677583,-3.8075756e-05,-0.00026139038,-0.0004631188,-0.00063477556,-0.0007698311,03-01-08-01-01-02-14.wav
1057,/Users/upendrasuryajonnalagadda/mindseye/Audio_Speech_Actors_01-24/Actor_14/03-01-06-01-02-01-14.wav,3,1,fearful,6,1,2,1,14,female,03-01-06-01-02-01-14.wav,-687.9737,36.09944,5.3115954,7.9676456,-4.372245,-3.9385731,-11.155385,-10.206357,-2.2376854,-9.0687,-5.216747,-4.1325536,-3.0442564,-0.011160655,-0.013346267,-0.0065195723,0.0034029973,0.014604837,0.024931699,0.032172687,0.03466665,0.031951282,0.024908379,0.015271967,0.004867201,-0.0050199064,03-01-06-01-02-01-14.wav
1058,/Users/upendrasuryajonnalagadda/mindseye/Audio_Speech_Actors_01-24/Actor_14/03-01-05-01-02-02-14.wav,3,1,angry,5,1,2,2,14,female,03-01-05-01-02-02-14.wav,-552.0463,28.871756,-13.224115,-0.6501557,-15.333359,-11.926716,-7.5402217,-15.300576,-7.5602565,-6.2399435,-5.9919066,-7.600222,-4.622512,1.8057739e-07,4.5144347e-08,2.2572173e-08,0.0,0.0,0.0,-1.1286087e-08,-2.2572173e-08,-1.1286087e-08,-1.1286087e-08,1.1286087e-08,-1.1286087e-08,0.0,03-01-05-01-02-02-14.wav
1059,/Users/upendrasuryajonnalagadda/mindseye/Audio_Speech_Actors_01-24/Actor_14/03-01-05-02-01-02-14.wav,3,1,angry,5,2,1,2,14,female,03-01-05-02-01-02-14.wav,-403.8284,25.601643,-30.876116,-4.449039,-22.530827,-17.140955,-4.3604245,-16.321808,-4.056193,-2.9975874,-4.226953,5.1340046,-2.9199326,-1.6146866e-07,-4.0367166e-08,0.0,1.0091791e-08,0.0,-7.568844e-09,-2.0183583e-08,1.0091791e-08,0.0,3.0275377e-08,5.0458957e-09,-1.0091791e-08,-2.5229479e-09,03-01-05-02-01-02-14.wav
1060,/Users/upendrasuryajonnalagadda/mindseye/Audio_Speech_Actors_01-24/Actor_14/03-01-06-02-01-01-14.wav,3,1,fearful,6,2,1,1,14,female,03-01-06-02-01-01-14.wav,-433.95172,8.689989,-33.521076,-4.4960055,-15.512371,-15.7561455,-5.9831724,-18.45965,-5.049858,-2.7657938,-3.3556833,12.450501,7.470247,0.0,1.3064032e-08,0.0,1.633004e-08,-1.3064032e-08,0.0,0.0,2.6128063e-08,-1.3064032e-08,0.0,1.3064032e-08,0.0,0.0,03-01-06-02-01-01-14.wav
1061,/Users/upendrasuryajonnalagadda/mindseye/Audio_Speech_Actors_01-24/Actor_14/03-01-04-01-01-01-14.wav,3,1,sad,4,1,1,1,14,female,03-01-04-01-01-01-14.wav,-707.6434,47.257954,8.621347,15.943588,-4.9849153,-4.8223996,-8.331793,-7.837008,-4.3635154,-5.5228653,-2.2440755,-2.988547,-2.6972332,0.07149586,0.09300473,0.07502681,0.054966103,0.041363817,0.03364383,0.022732254,0.011140337,-0.0011446935,-0.0149213895,-0.022649076,-0.019928163,-0.012618509,03-01-04-01-01-01-14.wav
1062,/Users/upendrasuryajonnalagadda/mindseye/Audio_Speech_Actors_01-24/Actor_14/03-01-07-01-01-02-14.wav,3,1,disgust,7,1,1,2,14,female,03-01-07-01-01-02-14.wav,-654.2288,41.180656,-4.114414,-0.6948048,-8.844093,-9.899893,-10.331765,-12.164464,-4.5800614,-7.468296,-2.0776694,-2.733542,-6.4901614,0.0012776563,0.001777163,0.0016915632,0.0015511604,0.0013600246,0.0011234648,0.00084814447,0.00054205145,0.00021437019,-0.0001249374,-0.00046537636,-0.00079609937,-0.0011064931,03-01-07-01-01-02-14.wav
1063,/Users/upendrasuryajonnalagadda/mindseye/Audio_Speech_Actors_01-24/Actor_14/03-01-07-02-02-02-14.wav,3,1,disgust,7,2,2,2,14,female,03-01-07-02-02-02-14.wav,-585.2383,34.300312,-8.202141,-1.0190232,-13.929167,-11.020874,-13.376982,-19.725996,-4.5476537,-8.787423,-6.374768,-2.644708,-9.024446,0.0,0.0,-4.6520697e-08,0.0,1.1630174e-08,-2.3260348e-08,2.3260348e-08,2.3260348e-08,-1.1630174e-08,-4.6520697e-08,5.815087e-09,0.0,0.0,03-01-07-02-02-02-14.wav
1064,/Users/upendrasuryajonnalagadda/mindseye/Audio_Speech_Actors_01-24/Actor_14/03-01-04-02-02-01-14.wav,3,1,sad,4,2,2,1,14,female,03-01-04-02-02-01-14.wav,-613.97723,36.53146,-7.682372,4.694976,-12.375718,-8.899731,-12.28234,-14.919637,-5.1647825,-6.4091625,-6.540288,-1.9851342,-6.5188155,-2.456761e-05,-3.375647e-05,-3.0904444e-05,-2.6462963e-05,-2.0453015e-05,-1.3315453e-05,-5.5061196e-06,2.603111e-06,1.0604379e-05,1.8053835e-05,2.4543619e-05,2.9614886e-05,3.312069e-05,03-01-04-02-02-01-14.wav
1065,/Users/upendrasuryajonnalagadda/mindseye/Audio_Speech_Actors_01-24/Actor_14/03-01-08-02-01-01-14.wav,3,1,surprised,8,2,1,1,14,female,03-01-08-02-01-01-14.wav,-636.6063,43.697414,-5.529399,-0.22028919,-10.820278,-7.5303593,-1.9326935,-9.742988,-6.1788087,-3.8691442,-6.1026897,-6.5933623,-3.4890952,-0.0012913194,-0.0018188122,-0.0017940238,-0.0017468542,-0.0016694069,-0.0015526261,-0.0013877181,-0.0011680403,-0.00089065416,-0.00055780244,-0.00017735847,0.0002366942,0.0006650714,03-01-08-02-01-01-14.wav
1066,/Users/upendrasuryajonnalagadda/mindseye/Audio_Speech_Actors_01-24/Actor_14/03-01-08-01-02-01-14.wav,3,1,surprised,8,1,2,1,14,female,03-01-08-01-02-01-14.wav,-666.553,32.183926,-3.1020117,4.1090665,-8.511316,-7.8343287,-10.507788,-10.454772,-3.3516738,-7.7741733,-5.1032124,-5.012346,-3.7366157,0.010300788,0.014231364,0.013250614,0.011702731,0.009708294,0.0074184253,0.0050001834,0.0026199368,0.00042778513,-0.0014557907,-0.0029488232,-0.0040133516,-0.004654684,03-01-08-01-02-01-14.wav
1067,/Users/upendrasuryajonnalagadda/mindseye/Audio_Speech_Actors_01-24/Actor_14/03-01-05-01-01-01-14.wav,3,1,angry,5,1,1,1,14,female,03-01-05-01-01-01-14.wav,-599.6231,30.096987,-6.866103,4.296651,-11.944185,-6.622543,-6.091554,-9.249602,-3.298639,-7.1509976,-6.407582,-5.8760314,-4.2228746,0.0032395583,0.0044911215,0.0042258045,0.0037997197,0.003236037,0.0025649292,0.0018220681,0.0010461166,0.0002764708,-0.00044918977,-0.0010969883,-0.0016389504,-0.002054491,03-01-05-01-01-01-14.wav
1068,/Users/upendrasuryajonnalagadda/mindseye/Audio_Speech_Actors_01-24/Actor_14/03-01-06-01-01-02-14.wav,3,1,fearful,6,1,1,2,14,female,03-01-06-01-01-02-14.wav,-667.6732,35.890144,-2.5674694,9.826792,-6.6465726,-1.9442832,-7.3534017,-9.185719,-0.8043308,-3.9742844,-4.649304,-3.9770143,-1.6165191,0.07678421,0.09691689,0.07418146,0.05217902,0.037604023,0.032950357,0.027505206,0.020298168,0.01088414,0.00022446645,-0.0042905305,-0.008825909,-0.013527826,03-01-06-01-01-02-14.wav
1069,/Users/upendrasuryajonnalagadda/mindseye/Audio_Speech_Actors_01-24/Actor_14/03-01-06-02-02-02-14.wav,3,1,fearful,6,2,2,2,14,female,03-01-06-02-02-02-14.wav,-473.8351,11.02493,-29.950655,-5.7116795,-15.186302,-19.233698,-9.002967,-19.791588,-4.0889826,-2.8884077,-11.525628,1.7175491,1.2959664,0.0,0.0,5.086263e-08,-6.357829e-09,1.2715658e-08,2.5431316e-08,0.0,2.5431316e-08,6.357829e-09,0.0,-1.2715658e-08,3.1789145e-09,0.0,03-01-06-02-02-02-14.wav
1070,/Users/upendrasuryajonnalagadda/mindseye/Audio_Speech_Actors_01-24/Actor_14/03-01-05-02-02-01-14.wav,3,1,angry,5,2,2,1,14,female,03-01-05-02-02-01-14.wav,-381.4566,19.80069,-31.946592,-10.997233,-21.855652,-16.221308,-3.9251587,-18.5646,-3.7900567,-2.9941826,-0.92515546,4.964131,-2.404642,0.0,0.0,0.0,-1.05963815e-08,0.0,0.0,5.2981908e-09,0.0,0.0,0.0,5.2981908e-09,0.0,-2.6490954e-09,03-01-05-02-02-01-14.wav
1071,/Users/upendrasuryajonnalagadda/mindseye/Audio_Speech_Actors_01-24/Actor_14/03-01-07-01-02-01-14.wav,3,1,disgust,7,1,2,1,14,female,03-01-07-01-02-01-14.wav,-654.1124,31.270487,5.1927824,1.2480032,-4.8552275,-3.5602026,-7.2659345,-7.7535977,-4.938879,-7.237135,-3.2448838,-2.9858346,-5.250296,0.27822003,0.25572142,0.08280843,0.022537196,0.0039149662,0.050276205,0.04142726,-0.024647333,-0.018990913,7.2040915e-05,-0.004783429,-0.016504986,-0.004856696,03-01-07-01-02-01-14.wav
1072,/Users/upendrasuryajonnalagadda/mindseye/Audio_Speech_Actors_01-24/Actor_14/03-01-04-01-02-02-14.wav,3,1,sad,4,1,2,2,14,female,03-01-04-01-02-02-14.wav,-676.4511,41.666775,8.428701,10.835909,-5.055442,-2.9257758,-9.881306,-10.149498,-2.4636052,-6.1467857,-3.2205462,-3.4776483,-2.6760345,0.08266095,0.10915921,0.09021922,0.06914446,0.052407466,0.040299807,0.029713662,0.019101273,0.010168275,0.005396837,0.004930097,0.0062341816,0.0064129485,03-01-04-01-02-02-14.wav
1073,/Users/upendrasuryajonnalagadda/mindseye/Audio_Speech_Actors_01-24/Actor_14/03-01-04-02-01-02-14.wav,3,1,sad,4,2,1,2,14,female,03-01-04-02-01-02-14.wav,-678.9607,42.616314,-6.071117,10.16927,-7.242933,-6.265599,-9.719107,-11.477017,-4.3141246,-1.5157936,-4.784275,-1.0298954,-4.664544,0.0018970801,0.0021884847,0.0010294644,-9.355605e-05,-0.0006625697,-0.0006829508,-0.000550426,-0.0006424166,-0.0010352405,-0.0015480279,-0.0019879942,-0.0023434358,-0.0027833106,03-01-04-02-01-02-14.wav
1074,/Users/upendrasuryajonnalagadda/mindseye/Audio_Speech_Actors_01-24/Actor_14/03-01-07-02-01-01-14.wav,3,1,disgust,7,2,1,1,14,female,03-01-07-02-01-01-14.wav,-516.341,28.208961,-16.024343,6.847805,-19.09361,-13.497297,-13.28483,-19.481455,-5.9698453,-1.8746402,-4.6772184,0.9554502,-6.220266,0.0,0.0,0.0,1.1219698e-08,2.2439396e-08,-5.609849e-09,5.609849e-09,2.2439396e-08,1.1219698e-08,0.0,7.0123113e-10,-7.0123113e-10,0.0,03-01-07-02-01-01-14.wav
1075,/Users/upendrasuryajonnalagadda/mindseye/Audio_Speech_Actors_01-24/Actor_14/03-01-03-02-01-02-14.wav,3,1,happy,3,2,1,2,14,female,03-01-03-02-01-02-14.wav,-460.47968,18.814028,-30.853994,0.8849241,-14.175329,-17.10036,-5.577521,-16.559643,-2.3038702,-7.3935585,-8.46057,1.4354862,-8.997431,1.8955018e-07,-4.7387545e-08,0.0,2.3693772e-08,-1.1846886e-08,2.3693772e-08,-2.9617215e-08,-2.3693772e-08,5.923443e-09,-1.1846886e-08,0.0,-5.923443e-09,0.0,03-01-03-02-01-02-14.wav
1076,/Users/upendrasuryajonnalagadda/mindseye/Audio_Speech_Actors_01-24/Actor_14/03-01-03-01-02-02-14.wav,3,1,happy,3,1,2,2,14,female,03-01-03-01-02-02-14.wav,-600.8737,26.246809,-9.0459585,1.75451,-6.654611,-12.252062,-9.061353,-13.175905,-5.25028,-8.369117,-8.295391,-4.0572886,-8.325931,0.0012925211,0.001791687,0.0016858164,0.0015143331,0.0012850952,0.0010080464,0.0006951539,0.00036005655,1.7000833e-05,-0.0003199514,-0.0006367556,-0.00092115405,-0.0011624146,03-01-03-01-02-02-14.wav
1077,/Users/upendrasuryajonnalagadda/mindseye/Audio_Speech_Actors_01-24/Actor_14/03-01-02-02-02-01-14.wav,3,1,calm,2,2,2,1,14,female,03-01-02-02-02-01-14.wav,-782.0967,42.159588,7.5990877,4.2269454,-5.307297,-1.06404,-7.406447,-8.0317335,-3.7889621,-2.346495,-2.4503965,-4.175249,-3.7197797,0.28254348,0.2522576,0.14378804,0.05211573,0.023182888,0.015013227,0.0069434065,0.027199337,0.007109198,0.01680701,-0.0006870927,0.011677031,-6.922728e-05,03-01-02-02-02-01-14.wav
1078,/Users/upendrasuryajonnalagadda/mindseye/Audio_Speech_Actors_01-24/Actor_14/03-01-01-01-01-02-14.wav,3,1,neutral,1,1,1,2,14,female,03-01-01-01-01-02-14.wav,-755.46246,42.71025,5.3803997,11.044181,-5.389654,-3.6523907,-5.6831026,-7.394467,-1.759215,-2.7526853,-2.583764,-5.927907,-2.3584752,0.10091082,0.13485187,0.10879755,0.0710898,0.040322047,0.024921417,0.014405277,2.6610163e-05,-0.013784422,-0.018051147,-0.013063874,-0.004855818,0.004009896,03-01-01-01-01-02-14.wav
1079,/Users/upendrasuryajonnalagadda/mindseye/Audio_Speech_Actors_01-24/Actor_14/03-01-02-01-01-01-14.wav,3,1,calm,2,1,1,1,14,female,03-01-02-01-01-01-14.wav,-715.00867,38.31449,0.6299611,6.307161,-6.859902,-9.323596,-8.668892,-8.72315,-4.9210033,-6.3450828,-4.1150928,-7.037527,-5.493048,-0.00015770574,-0.00021627675,-0.0001968597,-0.0001666383,-0.00012864608,-8.657704e-05,-4.4222943e-05,-5.2837113e-06,2.7271532e-05,5.1605035e-05,6.6864566e-05,7.3592855e-05,7.333222e-05,03-01-02-01-01-01-14.wav
1080,/Users/upendrasuryajonnalagadda/mindseye/Audio_Speech_Actors_01-24/Actor_13/03-01-03-02-02-02-13.wav,3,1,happy,3,2,2,2,13,male,03-01-03-02-02-02-13.wav,-547.847,40.49422,-7.278451,0.54897285,-6.6678524,0.91059846,-13.983383,-6.798315,-8.340428,-4.818708,-0.68397784,-6.6309476,-2.2119057,-0.015482373,-0.021877978,-0.02182587,-0.021739164,-0.021618405,-0.021463891,-0.021276422,-0.02105672,-0.020805664,-0.02052437,-0.020214014,-0.019875752,-0.019511065,03-01-03-02-02-02-13.wav
1081,/Users/upendrasuryajonnalagadda/mindseye/Audio_Speech_Actors_01-24/Actor_13/03-01-03-01-01-02-13.wav,3,1,happy,3,1,1,2,13,male,03-01-03-01-01-02-13.wav,-672.16754,60.62053,-4.7237463,9.176288,9.5708065,1.5910962,-4.3883443,-3.302019,-9.017383,1.0226798,2.449865,-4.2202325,4.911708,0.015922656,0.023455301,0.025955947,0.029174915,0.03199359,0.03335888,0.03260329,0.029646667,0.025020413,0.019707058,0.014846331,0.011396463,0.009854887,03-01-03-01-01-02-13.wav
1082,/Users/upendrasuryajonnalagadda/mindseye/Audio_Speech_Actors_01-24/Actor_13/03-01-02-02-01-01-13.wav,3,1,calm,2,2,1,1,13,male,03-01-02-02-01-01-13.wav,-741.59674,70.56581,7.477882,13.400219,13.70776,5.4733286,-0.48850676,-4.239958,-4.8726044,3.6346674,3.467408,-1.0398728,4.418547,-0.010123533,-0.02315207,-0.03343247,-0.03617314,-0.03813766,-0.0376206,-0.02517243,-0.01434296,-0.012205927,-0.017473087,-0.018940883,-0.012253747,-0.0016086943,03-01-02-02-01-01-13.wav
1083,/Users/upendrasuryajonnalagadda/mindseye/Audio_Speech_Actors_01-24/Actor_13/03-01-01-01-02-02-13.wav,3,1,neutral,1,1,2,2,13,male,03-01-01-01-02-02-13.wav,-705.9097,55.788624,-1.4032242,11.1674595,6.9572167,3.0263386,-2.928418,-4.6762767,-7.9808645,2.0840464,2.195143,-3.872431,5.207421,0.0028664083,0.003619194,0.002730664,0.0021349122,0.002040891,0.0019197745,0.0012021906,2.1597918e-06,-0.0010049763,-0.0013602481,-0.001278134,-0.0012524548,-0.0013670255,03-01-01-01-02-02-13.wav
1084,/Users/upendrasuryajonnalagadda/mindseye/Audio_Speech_Actors_01-24/Actor_13/03-01-02-01-02-01-13.wav,3,1,calm,2,1,2,1,13,male,03-01-02-01-02-01-13.wav,-723.6237,67.2669,13.466118,13.025597,12.038564,5.505085,1.8008764,-4.2568183,-4.077234,2.8865578,0.693032,-3.1057742,6.627595,-0.041579302,-0.05641365,-0.05131487,-0.047225982,-0.045505755,-0.04440375,-0.04170401,-0.037495222,-0.033873472,-0.03223038,-0.032048076,-0.03216048,-0.031786848,03-01-02-01-02-01-13.wav
1085,/Users/upendrasuryajonnalagadda/mindseye/Audio_Speech_Actors_01-24/Actor_13/03-01-08-02-02-01-13.wav,3,1,surprised,8,2,2,1,13,male,03-01-08-02-02-01-13.wav,-569.59863,48.375137,0.8948544,3.6051128,2.6562188,1.9218398,-8.736442,-5.9378424,-6.949694,-2.0067565,-2.035392,-5.73383,1.017494,0.0063145957,0.008929359,0.008925213,0.008918232,0.008908484,0.008895887,0.008880456,0.008862217,0.008841183,0.008817117,0.008790255,0.008760426,0.008727629,03-01-08-02-02-01-13.wav
1086,/Users/upendrasuryajonnalagadda/mindseye/Audio_Speech_Actors_01-24/Actor_13/03-01-08-01-01-01-13.wav,3,1,surprised,8,1,1,1,13,male,03-01-08-01-01-01-13.wav,-612.0017,55.139347,-2.2007546,3.3698037,-1.512453,0.5524716,-10.553659,-7.2420697,-5.696852,-2.998883,-1.1855985,-4.327684,0.3485859,-0.010176263,-0.014396304,-0.01440915,-0.014428327,-0.014450784,-0.014472338,-0.014488065,-0.014492184,-0.014478648,-0.014441393,-0.014374272,-0.0142716775,-0.014128705,03-01-08-01-01-01-13.wav
1087,/Users/upendrasuryajonnalagadda/mindseye/Audio_Speech_Actors_01-24/Actor_13/03-01-05-01-02-01-13.wav,3,1,angry,5,1,2,1,13,male,03-01-05-01-02-01-13.wav,-574.5772,49.817017,-4.61165,10.488314,4.197639,-1.5593295,-4.7329884,-4.149634,-14.778752,-1.4775143,-2.2300835,-6.2548003,4.418374,-0.0037716597,-0.0053328243,-0.005329071,-0.0053227255,-0.0053138733,-0.005302637,-0.00528898,-0.005273079,-0.0052549657,-0.0052346876,-0.0052124048,-0.0051882328,-0.005162233,03-01-05-01-02-01-13.wav
1088,/Users/upendrasuryajonnalagadda/mindseye/Audio_Speech_Actors_01-24/Actor_13/03-01-06-01-02-02-13.wav,3,1,fearful,6,1,2,2,13,male,03-01-06-01-02-02-13.wav,-635.36694,57.80622,6.1611123,11.718574,6.632603,3.3905754,-4.1545277,-0.16553149,-5.533987,3.193552,3.5603106,-1.3778529,5.9186225,-0.00052621023,-0.0009118489,-0.0014255797,-0.0023099082,-0.0035858017,-0.005246142,-0.007236617,-0.009446709,-0.011716931,-0.013860927,-0.01569799,-0.017087324,-0.017954182,03-01-06-01-02-02-13.wav
1089,/Users/upendrasuryajonnalagadda/mindseye/Audio_Speech_Actors_01-24/Actor_13/03-01-06-02-01-02-13.wav,3,1,fearful,6,2,1,2,13,male,03-01-06-02-01-02-13.wav,-497.05197,31.837704,-5.0595345,2.731281,-2.69597,-4.711656,-11.170105,-3.1746008,-4.7377367,-5.7862616,-1.6615187,-5.3334436,-2.8009305,-0.009806748,-0.013863016,-0.013846999,-0.013820296,-0.013783015,-0.0137351155,-0.013676909,-0.0136083895,-0.013529781,-0.01344114,-0.013342749,-0.013234781,-0.013117581,03-01-06-02-01-02-13.wav
1090,/Users/upendrasuryajonnalagadda/mindseye/Audio_Speech_Actors_01-24/Actor_13/03-01-05-02-01-01-13.wav,3,1,angry,5,2,1,1,13,male,03-01-05-02-01-01-13.wav,-363.3938,18.77488,-12.651738,-1.4403409,-9.627059,-5.069323,-10.312122,-4.8745193,-8.812356,-3.9425037,-0.5882428,-5.4879503,-2.9651027,-0.0005402955,-0.00076478685,-0.0007645469,-0.0007642725,-0.00076388713,-0.0007633593,-0.0007627235,-0.00076199404,-0.0007611161,-0.0007601684,-0.0007590633,-0.0007578652,-0.00075654563,03-01-05-02-01-01-13.wav
1091,/Users/upendrasuryajonnalagadda/mindseye/Audio_Speech_Actors_01-24/Actor_13/03-01-07-01-01-01-13.wav,3,1,disgust,7,1,1,1,13,male,03-01-07-01-01-01-13.wav,-736.5806,69.6731,4.5183806,15.620663,10.275804,3.3221347,0.9451434,-2.501401,-2.8087714,2.9100683,0.8461077,0.31232923,6.6155663,0.035031937,0.044293348,0.043141056,0.04147481,0.03414604,0.032093134,0.032073475,0.026693583,0.018976768,0.016756674,0.012044283,0.012526961,0.01257956,03-01-07-01-01-01-13.wav
1092,/Users/upendrasuryajonnalagadda/mindseye/Audio_Speech_Actors_01-24/Actor_13/03-01-04-01-01-02-13.wav,3,1,sad,4,1,1,2,13,male,03-01-04-01-01-02-13.wav,-725.8035,72.587395,11.854309,14.323845,11.665647,4.856668,-5.9478498,-5.3229823,-1.6262301,0.7581813,1.5604737,-4.0757856,3.611785,0.1697284,0.17004943,0.14645387,0.1417964,0.1333671,0.12578909,0.12531693,0.1130327,0.09974486,0.0925794,0.08623665,0.09174738,0.080110565,03-01-04-01-01-02-13.wav
1093,/Users/upendrasuryajonnalagadda/mindseye/Audio_Speech_Actors_01-24/Actor_13/03-01-04-02-02-02-13.wav,3,1,sad,4,2,2,2,13,male,03-01-04-02-02-02-13.wav,-720.6564,62.024555,18.90057,16.560461,13.295681,5.306736,0.6415821,-1.1384163,-0.40361488,-1.1142808,2.3802693,-1.3499371,3.2912917,-0.035983764,-0.047962632,-0.043525364,-0.041577768,-0.040032897,-0.036390673,-0.029559951,-0.022325544,-0.018707482,-0.016325895,-0.011964328,-0.00681468,-0.0023637994,03-01-04-02-02-02-13.wav
1094,/Users/upendrasuryajonnalagadda/mindseye/Audio_Speech_Actors_01-24/Actor_13/03-01-07-02-02-01-13.wav,3,1,disgust,7,2,2,1,13,male,03-01-07-02-02-01-13.wav,-712.2953,68.96305,14.398189,10.866857,6.763539,3.8003047,0.680129,-2.5770414,-2.4538271,0.064769015,1.1219301,-0.25684658,5.6910486,0.06318156,0.08836718,0.08575585,0.081966944,0.07773756,0.07165853,0.06339941,0.05511066,0.04764907,0.041601487,0.03768598,0.034860164,0.029580625,03-01-07-02-02-01-13.wav
1095,/Users/upendrasuryajonnalagadda/mindseye/Audio_Speech_Actors_01-24/Actor_13/03-01-08-02-01-02-13.wav,3,1,surprised,8,2,1,2,13,male,03-01-08-02-01-02-13.wav,-646.55646,55.284473,6.358398,10.104181,8.305063,4.578537,-5.027579,-2.1419187,-1.8109654,-0.6378984,1.0451171,-1.1157674,2.4645977,0.029770004,0.04190421,0.0413212,0.040375248,0.039102368,0.037548583,0.03576622,0.033810705,0.03173784,0.029601714,0.027454026,0.025343582,0.023316324,03-01-08-02-01-02-13.wav
1096,/Users/upendrasuryajonnalagadda/mindseye/Audio_Speech_Actors_01-24/Actor_13/03-01-08-01-02-02-13.wav,3,1,surprised,8,1,2,2,13,male,03-01-08-01-02-02-13.wav,-676.91547,46.510468,0.21180224,6.5229354,-1.0686175,1.553113,-6.2504926,-5.5134897,-4.829918,-3.1521056,0.5355361,-3.5011072,0.7546315,-0.055412233,-0.077666186,-0.07559601,-0.07223007,-0.06768374,-0.062099557,-0.055635583,-0.048457153,-0.04073424,-0.032643706,-0.024372311,-0.016119862,-0.008096087,03-01-08-01-02-02-13.wav
1097,/Users/upendrasuryajonnalagadda/mindseye/Audio_Speech_Actors_01-24/Actor_13/03-01-06-01-01-01-13.wav,3,1,fearful,6,1,1,1,13,male,03-01-06-01-01-01-13.wav,-678.89246,55.4507,5.482715,10.538507,8.028277,1.6363456,-5.952412,-0.6007127,-3.3456588,0.31007126,0.89161974,-4.4724236,2.4098847,0.0040209154,0.005480037,0.0048745098,0.0039086062,0.0026408643,0.0011411555,-0.0005180766,-0.0022704988,-0.004061124,-0.005848976,-0.0076063764,-0.009314825,-0.010959321,03-01-06-01-01-01-13.wav
1098,/Users/upendrasuryajonnalagadda/mindseye/Audio_Speech_Actors_01-24/Actor_13/03-01-05-01-01-02-13.wav,3,1,angry,5,1,1,2,13,male,03-01-05-01-01-02-13.wav,-573.46936,49.461838,-5.369772,8.394792,0.8903166,-2.491404,-3.7082624,-4.4845257,-9.296204,-1.4948013,-1.5512497,-4.906698,4.0890064,0.0040452746,0.0057140174,0.005694645,0.0056623695,0.0056173536,0.0055596596,0.005489496,0.0054070773,0.005312709,0.005206507,0.005088937,0.0049602846,0.0048209624,03-01-05-01-01-02-13.wav
1099,/Users/upendrasuryajonnalagadda/mindseye/Audio_Speech_Actors_01-24/Actor_13/03-01-05-02-02-02-13.wav,3,1,angry,5,2,2,2,13,male,03-01-05-02-02-02-13.wav,-321.17383,10.130473,-17.11768,-8.23301,-18.115438,-4.4833694,-12.967822,-6.248588,-9.107482,-5.899909,-0.5940671,-5.2882624,-6.170699,-1.695421e-07,0.0,0.0,-1.05963815e-08,2.1192763e-08,0.0,0.0,2.6490954e-09,1.05963815e-08,0.0,-5.2981908e-09,-2.6490954e-09,0.0,03-01-05-02-02-02-13.wav
1100,/Users/upendrasuryajonnalagadda/mindseye/Audio_Speech_Actors_01-24/Actor_13/03-01-06-02-02-01-13.wav,3,1,fearful,6,2,2,1,13,male,03-01-06-02-02-01-13.wav,-496.1069,36.72265,-2.6477776,0.70207524,-3.7182517,-5.369731,-10.280506,-3.640321,-9.70883,-4.5451717,-2.0689998,-7.0322995,-1.7787215,-0.0023514703,-0.0033241296,-0.003321818,-0.0033178772,-0.0033124078,-0.0033053972,-0.0032968079,-0.0032867342,-0.0032751071,-0.0032619892,-0.0032473938,-0.0032313012,-0.0032136962,03-01-06-02-02-01-13.wav
1101,/Users/upendrasuryajonnalagadda/mindseye/Audio_Speech_Actors_01-24/Actor_13/03-01-04-01-02-01-13.wav,3,1,sad,4,1,2,1,13,male,03-01-04-01-02-01-13.wav,-726.95374,69.18696,10.819095,12.027654,11.146478,4.227093,-3.0377603,-3.7431953,-0.7878604,0.006318982,1.54534,-1.5759901,3.2766192,0.012886406,0.01859903,0.01963051,0.019785592,0.018157205,0.017365744,0.01930626,0.022088634,0.022915373,0.020404931,0.015155869,0.010385846,0.009238858,03-01-04-01-02-01-13.wav
1102,/Users/upendrasuryajonnalagadda/mindseye/Audio_Speech_Actors_01-24/Actor_13/03-01-07-01-02-02-13.wav,3,1,disgust,7,1,2,2,13,male,03-01-07-01-02-02-13.wav,-710.95416,63.11208,9.436494,11.335046,5.0994,1.733942,-4.2769465,-2.0025218,-2.175573,-0.24707755,2.400079,-1.2575405,4.0380597,0.12747563,0.1693528,0.14308411,0.10951025,0.07320782,0.04296155,0.024052866,0.015600504,0.016229363,0.020069381,0.0209379,0.017711585,0.009544765,03-01-07-01-02-02-13.wav
1103,/Users/upendrasuryajonnalagadda/mindseye/Audio_Speech_Actors_01-24/Actor_13/03-01-07-02-01-02-13.wav,3,1,disgust,7,2,1,2,13,male,03-01-07-02-01-02-13.wav,-622.2064,66.15389,4.2012396,12.631676,4.138491,-0.18064232,-4.7043104,-6.0977774,-3.8976216,-0.34984285,0.055573273,-2.483228,4.4470673,0.010347748,0.014487267,0.014060974,0.013397872,0.012561286,0.011626685,0.01067009,0.009757852,0.008937311,0.008231473,0.007637179,0.0071279528,0.0066603003,03-01-07-02-01-02-13.wav
1104,/Users/upendrasuryajonnalagadda/mindseye/Audio_Speech_Actors_01-24/Actor_13/03-01-04-02-01-01-13.wav,3,1,sad,4,2,1,1,13,male,03-01-04-02-01-01-13.wav,-670.48975,69.14567,1.4745611,14.177929,8.403368,0.8774117,-6.5977325,-5.400931,-3.9169176,-1.6443064,0.57580715,-3.7368758,4.9927063,0.042077806,0.059304927,0.05877064,0.0580432,0.057179134,0.056088287,0.054628477,0.052765317,0.050637025,0.048450377,0.046306506,0.04412498,0.041740008,03-01-04-02-01-01-13.wav
1105,/Users/upendrasuryajonnalagadda/mindseye/Audio_Speech_Actors_01-24/Actor_13/03-01-03-02-01-01-13.wav,3,1,happy,3,2,1,1,13,male,03-01-03-02-01-01-13.wav,-587.16235,56.512714,-9.394262,10.531567,9.08802,0.8927862,-9.6407795,-3.6480358,-7.7289147,0.26917586,1.260063,-7.976776,4.2839904,-0.010323544,-0.014578544,-0.014515006,-0.014410211,-0.014266059,-0.014084836,-0.013869548,-0.013623628,-0.013350813,-0.013054999,-0.012740398,-0.012411162,-0.012071255,03-01-03-02-01-01-13.wav
1106,/Users/upendrasuryajonnalagadda/mindseye/Audio_Speech_Actors_01-24/Actor_13/03-01-03-01-02-01-13.wav,3,1,happy,3,1,2,1,13,male,03-01-03-01-02-01-13.wav,-661.9741,53.927197,-1.4531968,9.362547,4.753347,3.6835706,-6.153079,-5.1524506,-9.170528,0.19828686,0.8347326,-3.5217664,5.0792885,-0.060185153,-0.084824845,-0.08396452,-0.08256696,-0.080684125,-0.07838311,-0.07574171,-0.072843015,-0.069770224,-0.066601574,-0.06340643,-0.0602424,-0.057153646,03-01-03-01-02-01-13.wav
1107,/Users/upendrasuryajonnalagadda/mindseye/Audio_Speech_Actors_01-24/Actor_13/03-01-02-02-02-02-13.wav,3,1,calm,2,2,2,2,13,male,03-01-02-02-02-02-13.wav,-717.25305,63.575275,0.2746349,11.083465,8.590074,1.1136764,1.125524,-5.264408,-7.4399357,1.9341645,0.7797117,-0.51770175,5.4130735,0.029580852,0.042365737,0.043498795,0.04440587,0.044639006,0.044051513,0.042539697,0.040263467,0.037717454,0.035336923,0.033351403,0.031958368,0.031103877,03-01-02-02-02-02-13.wav
1108,/Users/upendrasuryajonnalagadda/mindseye/Audio_Speech_Actors_01-24/Actor_13/03-01-02-01-01-02-13.wav,3,1,calm,2,1,1,2,13,male,03-01-02-01-01-02-13.wav,-734.14557,75.03531,4.2128067,13.393241,11.082356,4.4518347,-0.5450851,-2.0135794,-3.5024097,-0.045681722,-0.88794404,-3.3038785,8.243014,0.0077225068,0.015196306,0.012556814,0.027169568,0.03709228,0.040674947,0.04575117,0.049154215,0.059555992,0.058457047,0.058890983,0.053245217,0.05218747,03-01-02-01-01-02-13.wav
1109,/Users/upendrasuryajonnalagadda/mindseye/Audio_Speech_Actors_01-24/Actor_13/03-01-01-01-01-01-13.wav,3,1,neutral,1,1,1,1,13,male,03-01-01-01-01-01-13.wav,-734.8146,65.16496,3.1671817,11.046908,10.187081,1.6958406,-1.0456284,-1.9742708,-4.389913,0.9717119,2.031387,-1.2649989,4.4575443,0.032971013,0.044849314,0.040206242,0.034271,0.028520625,0.023812037,0.020465594,0.018361012,0.016869072,0.015190626,0.013147173,0.011359709,0.010275131,03-01-01-01-01-01-13.wav
1110,/Users/upendrasuryajonnalagadda/mindseye/Audio_Speech_Actors_01-24/Actor_13/03-01-08-01-01-02-13.wav,3,1,surprised,8,1,1,2,13,male,03-01-08-01-01-02-13.wav,-675.2734,51.40678,0.14517123,2.6781063,0.7177043,2.4865186,-6.3215675,-3.497633,-7.4714355,-2.6024766,2.6847222,-4.7758126,-0.10018792,0.003578186,0.005061935,0.0050649573,0.00506955,0.0050750338,0.0050806156,0.0050850473,0.0050870813,0.0050852667,0.005077783,0.005063029,0.005039103,0.0050040903,03-01-08-01-01-02-13.wav
1111,/Users/upendrasuryajonnalagadda/mindseye/Audio_Speech_Actors_01-24/Actor_13/03-01-08-02-02-02-13.wav,3,1,surprised,8,2,2,2,13,male,03-01-08-02-02-02-13.wav,-579.5372,48.4653,1.1091119,3.8003745,1.7155454,1.2244262,-7.1990113,-5.246746,-7.204764,-2.8814692,-3.3844118,-5.515379,-1.2231033,-0.0043842876,-0.0061983312,-0.0061907335,-0.0061780624,-0.006160396,-0.0061377212,-0.006110051,-0.0060775597,-0.0060401196,-0.0059979847,-0.005951148,-0.0058996696,-0.0058437292,03-01-08-02-02-02-13.wav
1112,/Users/upendrasuryajonnalagadda/mindseye/Audio_Speech_Actors_01-24/Actor_13/03-01-07-02-02-02-13.wav,3,1,disgust,7,2,2,2,13,male,03-01-07-02-02-02-13.wav,-658.88434,66.78461,4.945173,9.581894,3.839349,0.8741439,-3.1761334,-3.2193406,-4.617444,-1.3172109,3.007957,-2.9198616,4.4704175,0.0019121618,0.0027138116,0.0027434265,0.0027921023,0.0028586932,0.0029417204,0.003039392,0.0031495318,0.003269874,0.0033981015,0.0035316544,0.0036680235,0.003804995,03-01-07-02-02-02-13.wav
1113,/Users/upendrasuryajonnalagadda/mindseye/Audio_Speech_Actors_01-24/Actor_13/03-01-04-02-02-01-13.wav,3,1,sad,4,2,2,1,13,male,03-01-04-02-02-01-13.wav,-692.9509,67.118835,13.567043,8.54892,8.868987,2.984286,-1.7321851,-3.3066938,-3.3019903,-1.871788,2.9282987,-2.3781812,5.364111,0.016282255,0.023009332,0.02300064,0.023047684,0.02307477,0.02294164,0.022614524,0.022190861,0.021727659,0.021131612,0.020300053,0.019323196,0.018432904,03-01-04-02-02-01-13.wav
1114,/Users/upendrasuryajonnalagadda/mindseye/Audio_Speech_Actors_01-24/Actor_13/03-01-04-01-01-01-13.wav,3,1,sad,4,1,1,1,13,male,03-01-04-01-01-01-13.wav,-715.08704,73.04636,16.80987,14.810087,11.212738,4.96883,0.10962048,-2.6812341,-0.9315604,1.7429643,3.455783,-0.95357794,3.3777168,0.010316328,0.010166713,0.0026551778,-0.0019997405,-0.0029900537,-0.0024559652,-0.0019610391,0.0009535195,0.007336988,0.015866663,0.022555673,0.026479876,0.029439908,03-01-04-01-01-01-13.wav
1115,/Users/upendrasuryajonnalagadda/mindseye/Audio_Speech_Actors_01-24/Actor_13/03-01-07-01-01-02-13.wav,3,1,disgust,7,1,1,2,13,male,03-01-07-01-01-02-13.wav,-737.36505,69.49746,5.0256124,16.98983,6.904116,2.5694056,0.70973116,-2.771231,-1.670576,3.0728166,2.3515408,0.106934346,6.2911763,-0.030576162,-0.040819544,-0.038171504,-0.036497563,-0.033129893,-0.031853683,-0.032534126,-0.030879915,-0.03359,-0.033261195,-0.035731066,-0.038794693,-0.037535317,03-01-07-01-01-02-13.wav
1116,/Users/upendrasuryajonnalagadda/mindseye/Audio_Speech_Actors_01-24/Actor_13/03-01-05-02-01-02-13.wav,3,1,angry,5,2,1,2,13,male,03-01-05-02-01-02-13.wav,-420.4946,37.324593,-4.71846,6.7709246,-0.23654108,-7.0914125,-6.5153756,-0.18841408,-8.05397,-0.56656605,-0.25173843,-5.619007,0.4440763,0.008815102,0.012465186,0.012461808,0.012456292,0.012448523,0.0124385515,0.01242634,0.012411945,0.012395361,0.012376563,0.012355576,0.012332409,0.012307071,03-01-05-02-01-02-13.wav
1117,/Users/upendrasuryajonnalagadda/mindseye/Audio_Speech_Actors_01-24/Actor_13/03-01-06-02-01-01-13.wav,3,1,fearful,6,2,1,1,13,male,03-01-06-02-01-01-13.wav,-672.3389,52.180676,8.420518,10.523393,5.4619308,2.2206206,-4.0279355,-0.15279871,-2.7773,-0.3211946,1.4810356,-3.721496,1.6302117,-0.016696878,-0.023409229,-0.022864606,-0.02215337,-0.021470971,-0.020946853,-0.02059637,-0.020333137,-0.020031283,-0.01959796,-0.019016873,-0.01834009,-0.017640062,03-01-06-02-01-01-13.wav
1118,/Users/upendrasuryajonnalagadda/mindseye/Audio_Speech_Actors_01-24/Actor_13/03-01-06-01-02-01-13.wav,3,1,fearful,6,1,2,1,13,male,03-01-06-01-02-01-13.wav,-628.3462,49.0421,5.160634,9.610723,7.0123777,1.5414569,-4.622185,-1.0015007,-5.5897074,-0.49504057,0.5755799,-4.3700013,4.0506263,0.052966572,0.07459307,0.07366288,0.07213893,0.07005916,0.06747362,0.06444176,0.06102992,0.057308335,0.053349126,0.04922416,0.04500396,0.04075647,03-01-06-01-02-01-13.wav
1119,/Users/upendrasuryajonnalagadda/mindseye/Audio_Speech_Actors_01-24/Actor_13/03-01-05-01-02-02-13.wav,3,1,angry,5,1,2,2,13,male,03-01-05-01-02-02-13.wav,-561.11005,46.19066,-6.89341,8.22735,0.8819299,-3.1236284,-6.275368,-7.091011,-13.95056,-3.1693776,-3.0495634,-7.335205,2.4769914,-0.009491385,-0.01341859,-0.013406361,-0.0133860735,-0.013357613,-0.0133211315,-0.013276636,-0.013224143,-0.013163867,-0.01309566,-0.013019783,-0.012936304,-0.012845303,03-01-05-01-02-02-13.wav
1120,/Users/upendrasuryajonnalagadda/mindseye/Audio_Speech_Actors_01-24/Actor_13/03-01-02-01-02-02-13.wav,3,1,calm,2,1,2,2,13,male,03-01-02-01-02-02-13.wav,-729.8632,64.629524,8.527916,13.22914,9.263226,3.533572,0.5517962,-6.478726,-4.692914,2.5857434,0.6076924,-1.2363269,6.2950892,-0.055434212,-0.061772734,-0.03712365,-0.02020176,-0.008443271,-0.0021330456,-0.0003355629,0.007795499,0.017165646,0.028059643,0.038676303,0.03616139,0.021932691,03-01-02-01-02-02-13.wav
1121,/Users/upendrasuryajonnalagadda/mindseye/Audio_Speech_Actors_01-24/Actor_13/03-01-01-01-02-01-13.wav,3,1,neutral,1,1,2,1,13,male,03-01-01-01-02-01-13.wav,-719.5033,59.171806,2.500342,8.868761,9.854473,3.8878243,-2.5067408,-5.5320144,-5.0177345,1.4925113,2.981418,-2.3174126,5.3672805,-0.036872808,-0.051458374,-0.049730632,-0.047598932,-0.04535365,-0.042799957,-0.039742146,-0.036399957,-0.033192456,-0.030184474,-0.026965076,-0.023172049,-0.019025104,03-01-01-01-02-01-13.wav
1122,/Users/upendrasuryajonnalagadda/mindseye/Audio_Speech_Actors_01-24/Actor_13/03-01-02-02-01-02-13.wav,3,1,calm,2,2,1,2,13,male,03-01-02-02-01-02-13.wav,-711.7801,69.22627,1.207061,8.308733,11.9555645,4.267732,-0.41052634,-3.9175286,-6.6882663,0.48475868,3.310634,-2.007978,4.337936,-0.0039902837,-0.004713197,-0.0020156805,0.0021972242,0.0075543723,0.01361424,0.019910872,0.026004681,0.031533226,0.036243744,0.0399944,0.042735416,0.044489555,03-01-02-02-01-02-13.wav
1123,/Users/upendrasuryajonnalagadda/mindseye/Audio_Speech_Actors_01-24/Actor_13/03-01-03-01-01-01-13.wav,3,1,happy,3,1,1,1,13,male,03-01-03-01-01-01-13.wav,-669.861,60.157925,-6.0261574,10.191508,8.39052,0.619779,-3.727356,-4.265943,-8.108516,2.0843656,1.6950753,-3.4443846,5.5039124,-0.019251142,-0.025786264,-0.0218356,-0.016312722,-0.010360773,-0.004972199,-0.0008234739,0.001709669,0.0024903978,0.0016283138,-0.0004678871,-0.003117432,-0.0055602756,03-01-03-01-01-01-13.wav
1124,/Users/upendrasuryajonnalagadda/mindseye/Audio_Speech_Actors_01-24/Actor_13/03-01-03-02-02-01-13.wav,3,1,happy,3,2,2,1,13,male,03-01-03-02-02-01-13.wav,-528.9386,34.869865,-6.7261653,-0.61634177,-7.2309017,0.86977565,-16.139782,-7.768032,-9.186013,-5.827167,-1.424262,-7.8177977,-2.189043,-0.012732519,-0.018000668,-0.01798439,-0.017957335,-0.017919553,-0.017871125,-0.017812127,-0.01774279,-0.017663145,-0.017573422,-0.017473835,-0.017364528,-0.017245684,03-01-03-02-02-01-13.wav
1125,/Users/upendrasuryajonnalagadda/mindseye/Audio_Speech_Actors_01-24/Actor_13/03-01-01-01-01-02-13.wav,3,1,neutral,1,1,1,2,13,male,03-01-01-01-01-02-13.wav,-725.99884,65.8402,4.7694845,10.236506,8.644425,3.1547227,-1.8746314,-3.176603,-3.784609,1.9564548,1.9077766,-1.3699125,5.319067,-0.0018743984,-0.0032213735,-0.0045403745,-0.005821988,-0.0066308836,-0.0071679545,-0.007802037,-0.0084042875,-0.008282191,-0.006857585,-0.004384953,-0.001898674,-0.00036294217,03-01-01-01-01-02-13.wav
1126,/Users/upendrasuryajonnalagadda/mindseye/Audio_Speech_Actors_01-24/Actor_13/03-01-02-01-01-01-13.wav,3,1,calm,2,1,1,1,13,male,03-01-02-01-01-01-13.wav,-728.08527,81.58203,7.9868555,16.974941,13.624763,5.229022,-0.716228,-4.234471,-3.907252,1.5260085,-0.5085014,-2.5430388,8.590849,0.09406286,0.11718505,0.08151058,0.03950914,0.002866305,-0.03385644,-0.052664604,-0.054407317,-0.04980711,-0.038601276,-0.016403398,0.008687226,0.03161413,03-01-02-01-01-01-13.wav
1127,/Users/upendrasuryajonnalagadda/mindseye/Audio_Speech_Actors_01-24/Actor_13/03-01-02-02-02-01-13.wav,3,1,calm,2,2,2,1,13,male,03-01-02-02-02-01-13.wav,-711.4438,59.387497,2.315731,12.316387,10.619162,2.9656405,0.9142421,-6.6026635,-6.5438175,3.1891115,3.0962796,-1.2436779,5.909573,-0.020883178,-0.027826045,-0.02309362,-0.016434949,-0.009430988,-0.0037538235,-0.00067373423,-0.000624774,-0.0030258766,-0.0064745024,-0.009257111,-0.009958854,-0.007911616,03-01-02-02-02-01-13.wav
1128,/Users/upendrasuryajonnalagadda/mindseye/Audio_Speech_Actors_01-24/Actor_13/03-01-03-01-02-02-13.wav,3,1,happy,3,1,2,2,13,male,03-01-03-01-02-02-13.wav,-642.75507,54.241375,-2.7477503,9.893187,2.6804857,5.015293,-10.037733,-7.130791,-8.172941,-2.839638,2.2852912,-6.4560637,3.9615893,-0.010623877,-0.015157645,-0.015550973,-0.016184593,-0.017028546,-0.018046254,-0.01919799,-0.020443046,-0.02174076,-0.02304927,-0.024324264,-0.025516594,-0.026571412,03-01-03-01-02-02-13.wav
1129,/Users/upendrasuryajonnalagadda/mindseye/Audio_Speech_Actors_01-24/Actor_13/03-01-03-02-01-02-13.wav,3,1,happy,3,2,1,2,13,male,03-01-03-02-01-02-13.wav,-533.7259,54.160217,-5.7508903,5.1983566,0.80875003,0.32568702,-15.966441,-5.170695,-9.692625,-5.533628,-0.80320954,-8.904784,-1.842264,-0.0077498998,-0.011049026,-0.011310406,-0.011730879,-0.012288668,-0.012954791,-0.013695276,-0.014472188,-0.015246269,-0.01597846,-0.016631946,-0.017173596,-0.017575497,03-01-03-02-01-02-13.wav
1130,/Users/upendrasuryajonnalagadda/mindseye/Audio_Speech_Actors_01-24/Actor_13/03-01-08-01-02-01-13.wav,3,1,surprised,8,1,2,1,13,male,03-01-08-01-02-01-13.wav,-695.112,57.232616,3.5423226,7.8346252,1.0523448,2.1742635,-6.0362663,-5.8183827,-6.782196,-1.3809296,0.4710579,-4.5525503,1.6715685,-0.008490618,-0.009888957,-0.003878425,0.0049431464,0.0147318,0.023129955,0.02795326,0.02804658,0.023703322,0.01631539,0.007629577,-0.00072689616,-0.0073099313,03-01-08-01-02-01-13.wav
1131,/Users/upendrasuryajonnalagadda/mindseye/Audio_Speech_Actors_01-24/Actor_13/03-01-08-02-01-01-13.wav,3,1,surprised,8,2,1,1,13,male,03-01-08-02-01-01-13.wav,-616.9214,47.31682,-0.737856,6.823835,1.5145754,-0.25141978,-8.088614,-3.1325777,-5.3001723,-2.0986278,0.36171558,-6.180385,-1.2177291,-0.0031609004,-0.0044620833,-0.0044388375,-0.0044007036,-0.004348854,-0.0042847265,-0.004210141,-0.0041272244,-0.004038317,-0.0039460263,-0.0038530694,-0.0037621988,-0.0036762026,03-01-08-02-01-01-13.wav
1132,/Users/upendrasuryajonnalagadda/mindseye/Audio_Speech_Actors_01-24/Actor_13/03-01-04-02-01-02-13.wav,3,1,sad,4,2,1,2,13,male,03-01-04-02-01-02-13.wav,-677.95807,60.66542,8.309715,15.885356,8.442338,2.632708,-6.572647,-3.8216527,-0.5304301,-1.3375758,1.0831579,-2.3469512,2.5996013,-0.00704828,-0.00997434,-0.009997988,-0.0100385295,-0.010098731,-0.0101814605,-0.010290572,-0.010430013,-0.010604088,-0.0108168,-0.011072063,-0.011372993,-0.011722044,03-01-04-02-01-02-13.wav
1133,/Users/upendrasuryajonnalagadda/mindseye/Audio_Speech_Actors_01-24/Actor_13/03-01-07-02-01-01-13.wav,3,1,disgust,7,2,1,1,13,male,03-01-07-02-01-01-13.wav,-641.29614,55.834915,7.8488793,11.521797,5.853199,-1.0855144,-4.9572196,-1.300758,-2.007994,0.40017077,0.98607093,-2.6174679,1.9506248,0.017039604,0.024305694,0.024891043,0.02573938,0.026684677,0.027535796,0.028111357,0.028268827,0.02792777,0.02707999,0.025788333,0.024171239,0.022379976,03-01-07-02-01-01-13.wav
1134,/Users/upendrasuryajonnalagadda/mindseye/Audio_Speech_Actors_01-24/Actor_13/03-01-07-01-02-01-13.wav,3,1,disgust,7,1,2,1,13,male,03-01-07-01-02-01-13.wav,-722.7659,68.6019,10.440035,13.266446,11.145674,4.264367,-1.1984361,-2.1470227,-0.87661606,2.3288903,2.6569793,-0.48382202,5.280057,0.10844909,0.13139217,0.09003063,0.050357763,0.021089433,0.005459466,-0.001637966,0.0100884,0.031436756,0.046685923,0.057723247,0.057753406,0.050963275,03-01-07-01-02-01-13.wav
1135,/Users/upendrasuryajonnalagadda/mindseye/Audio_Speech_Actors_01-24/Actor_13/03-01-04-01-02-02-13.wav,3,1,sad,4,1,2,2,13,male,03-01-04-01-02-02-13.wav,-710.92035,65.2308,9.849815,9.765327,7.4160476,1.9257982,-5.4587855,-5.6746793,-3.5124688,0.18084782,0.37560207,-3.5232992,4.993266,0.003556343,0.0050567733,0.005136934,0.0052555553,0.0053928453,0.0055264775,0.0056351703,0.0057022017,0.005716951,0.0056761783,0.005582156,0.0054412866,0.0052612205,03-01-04-01-02-02-13.wav
1136,/Users/upendrasuryajonnalagadda/mindseye/Audio_Speech_Actors_01-24/Actor_13/03-01-06-02-02-02-13.wav,3,1,fearful,6,2,2,2,13,male,03-01-06-02-02-02-13.wav,-648.53784,52.264565,5.367132,11.306005,7.73822,2.841572,-3.858911,-0.36039105,-5.9717803,-0.013518734,-0.78263754,-4.2969456,2.5249681,0.01697109,0.023976533,0.023906384,0.023789806,0.02362746,0.023420293,0.023169171,0.02287526,0.022540106,0.022165358,0.021752607,0.02130373,0.020820614,03-01-06-02-02-02-13.wav
1137,/Users/upendrasuryajonnalagadda/mindseye/Audio_Speech_Actors_01-24/Actor_13/03-01-05-02-02-01-13.wav,3,1,angry,5,2,2,1,13,male,03-01-05-02-02-01-13.wav,-398.1323,24.560383,-13.356357,-3.2157073,-9.88788,-3.7508945,-11.675326,-5.711852,-11.101495,-4.670384,0.33512345,-4.090345,-0.9615631,0.024267815,0.0342561,0.034067508,0.033756927,0.033329777,0.03279347,0.032157082,0.031431187,0.030627567,0.02975864,0.028837439,0.027877014,0.026890278,03-01-05-02-02-01-13.wav
1138,/Users/upendrasuryajonnalagadda/mindseye/Audio_Speech_Actors_01-24/Actor_13/03-01-05-01-01-01-13.wav,3,1,angry,5,1,1,1,13,male,03-01-05-01-01-01-13.wav,-619.9331,56.171864,-3.714882,11.996212,4.1713696,-2.18594,-2.0937612,-3.7077374,-9.226068,-1.8913779,-1.6497166,-4.1082296,6.13775,0.025844702,0.036472347,0.036239587,0.035854056,0.03531955,0.03464101,0.033824895,0.0328789,0.031811684,0.03063333,0.029354261,0.02798613,0.026540961,03-01-05-01-01-01-13.wav
1139,/Users/upendrasuryajonnalagadda/mindseye/Audio_Speech_Actors_01-24/Actor_13/03-01-06-01-01-02-13.wav,3,1,fearful,6,1,1,2,13,male,03-01-06-01-01-02-13.wav,-701.26404,53.454063,11.73071,14.214981,9.113017,5.0550976,-1.9955857,2.0601182,0.77708447,1.9202034,2.5396743,-1.4616534,2.2907407,-0.004241275,-0.005432185,-0.0049653435,-0.0055325083,-0.0063558845,-0.007239418,-0.008007969,-0.007959232,-0.0072984765,-0.006506344,-0.0062589506,-0.007774861,-0.010313451,03-01-06-01-01-02-13.wav
1140,/Users/upendrasuryajonnalagadda/mindseye/Audio_Speech_Actors_01-24/Actor_09/03-01-08-02-01-01-09.wav,3,1,surprised,8,2,1,1,9,male,03-01-08-02-01-01-09.wav,-635.0711,52.684208,3.6204898,13.895631,8.084744,-4.204375,-2.8321443,-2.9080832,-1.769936,-3.2795887,-4.7134624,-1.4730989,-2.8916595,-0.029436871,-0.041448046,-0.040918577,-0.040084705,-0.039014615,-0.037795994,-0.03652676,-0.03530695,-0.034226928,-0.033358462,-0.032744423,-0.03239357,-0.032276995,03-01-08-02-01-01-09.wav
1141,/Users/upendrasuryajonnalagadda/mindseye/Audio_Speech_Actors_01-24/Actor_09/03-01-08-01-02-01-09.wav,3,1,surprised,8,1,2,1,9,male,03-01-08-01-02-01-09.wav,-728.3048,79.30536,14.432838,25.58211,17.956478,5.968206,3.2523572,-0.67958957,4.222053,2.1640923,-3.0966008,4.2637897,1.4383891,0.2723831,0.25200132,0.10030698,0.0695004,0.036448177,-0.0034233069,-0.00813625,0.002974235,-0.012941514,-0.025143309,-0.03210843,-0.03331828,-0.030577244,03-01-08-01-02-01-09.wav
1142,/Users/upendrasuryajonnalagadda/mindseye/Audio_Speech_Actors_01-24/Actor_09/03-01-05-01-01-01-09.wav,3,1,angry,5,1,1,1,9,male,03-01-05-01-01-01-09.wav,-712.1885,71.85685,1.3965434,20.188616,20.661776,2.7026243,-2.961693,-3.5783117,-5.220209,2.1864853,1.0061126,-3.075961,2.5493512,0.65842646,0.4076134,0.03750712,0.11152473,0.1324354,0.07050943,0.023808714,-0.010583184,0.01820057,0.03743117,-0.015787354,-0.035189267,0.015329312,03-01-05-01-01-01-09.wav
1143,/Users/upendrasuryajonnalagadda/mindseye/Audio_Speech_Actors_01-24/Actor_09/03-01-06-01-01-02-09.wav,3,1,fearful,6,1,1,2,9,male,03-01-06-01-01-02-09.wav,-767.7654,56.672207,10.499777,22.087452,14.7288475,5.879609,-0.6909066,-4.5223327,2.9432158,3.354796,0.013736224,2.4980555,0.34799826,0.5352135,0.43728036,0.1322195,0.11609721,0.047520313,0.042465996,0.024453681,-0.000936,0.023282366,-0.003379446,0.019002782,0.0167442,-0.016908916,03-01-06-01-01-02-09.wav
1144,/Users/upendrasuryajonnalagadda/mindseye/Audio_Speech_Actors_01-24/Actor_09/03-01-06-02-02-02-09.wav,3,1,fearful,6,2,2,2,9,male,03-01-06-02-02-02-09.wav,-527.4577,57.259068,-1.100588,11.988393,11.598547,-4.440003,-8.07171,-1.6003798,-10.911636,-3.3892937,-1.2096562,-11.50258,-5.050453,-0.4161342,-0.103122,0.18641031,0.08892092,0.12113778,0.11914076,0.15504658,0.11067524,0.081862316,-0.0024147918,-0.010663121,0.14308856,0.028958349,03-01-06-02-02-02-09.wav
1145,/Users/upendrasuryajonnalagadda/mindseye/Audio_Speech_Actors_01-24/Actor_09/03-01-05-02-02-01-09.wav,3,1,angry,5,2,2,1,9,male,03-01-05-02-02-01-09.wav,-348.84225,44.645103,-16.036463,1.0627896,-0.5132763,-11.053703,-10.632243,-5.5894265,-3.8838983,-4.8841014,0.8322527,0.19775292,-0.3167307,0.014483255,0.020573732,0.020817792,0.021126408,0.02137823,0.021447722,0.021235814,0.020695359,0.019842573,0.018754525,0.017550569,0.016365051,0.015315381,03-01-05-02-02-01-09.wav
1146,/Users/upendrasuryajonnalagadda/mindseye/Audio_Speech_Actors_01-24/Actor_09/03-01-07-01-02-01-09.wav,3,1,disgust,7,1,2,1,9,male,03-01-07-01-02-01-09.wav,-760.2657,68.53182,7.1226325,23.89694,11.982924,3.060479,-0.51228166,-3.180614,-2.4330592,-2.6426299,0.29594326,-3.0723014,1.999847,0.6137014,0.33857405,0.14926784,0.12685107,0.1349756,0.06257314,0.004588324,-0.02122757,-0.01556907,0.039198488,-0.019650783,0.01728967,0.011433383,03-01-07-01-02-01-09.wav
1147,/Users/upendrasuryajonnalagadda/mindseye/Audio_Speech_Actors_01-24/Actor_09/03-01-04-01-02-02-09.wav,3,1,sad,4,1,2,2,9,male,03-01-04-01-02-02-09.wav,-818.4442,65.69397,22.811378,25.594542,16.57482,14.811615,3.6288106,-5.5072656,0.5155329,7.207807,0.21091482,2.867779,4.398376,1.3295035,0.32294187,0.16864307,0.19247489,0.1026436,0.11483466,0.01026789,-0.02269597,0.025723863,0.089167394,-0.008064067,0.08793448,0.061999787,03-01-04-01-02-02-09.wav
1148,/Users/upendrasuryajonnalagadda/mindseye/Audio_Speech_Actors_01-24/Actor_09/03-01-04-02-01-02-09.wav,3,1,sad,4,2,1,2,9,male,03-01-04-02-01-02-09.wav,-691.72363,72.82427,1.582388,23.957737,20.149065,3.8059266,-10.925495,-5.8496532,-5.6661825,-1.8640176,-3.0506625,-8.811733,-2.926363,0.42427957,0.16789499,-0.07517753,-0.024713093,0.017501967,0.0035001314,0.0065922146,-0.0046461094,0.00019588132,0.039061558,0.036629833,0.046191175,0.08523495,03-01-04-02-01-02-09.wav
1149,/Users/upendrasuryajonnalagadda/mindseye/Audio_Speech_Actors_01-24/Actor_09/03-01-07-02-01-01-09.wav,3,1,disgust,7,2,1,1,9,male,03-01-07-02-01-01-09.wav,-700.4368,73.7612,1.5598925,17.243435,10.371039,-4.9570765,-0.91618824,-2.3250701,-1.489497,-6.0957212,-4.985414,-3.9980462,1.6110075,0.5157951,0.34848687,0.08637592,0.13048102,0.010739308,0.057194654,-0.011797873,-0.026188238,0.019588655,-0.028895272,-0.02104968,-0.032715518,-0.0328037,03-01-07-02-01-01-09.wav
1150,/Users/upendrasuryajonnalagadda/mindseye/Audio_Speech_Actors_01-24/Actor_09/03-01-03-02-01-02-09.wav,3,1,happy,3,2,1,2,9,male,03-01-03-02-01-02-09.wav,-476.48523,79.28908,-18.318943,4.3866243,9.305143,-16.612246,-17.430653,-7.1063943,-18.55597,-4.8507786,-2.107836,-6.917914,-5.0306377,-0.17552686,-0.12711185,-0.020769438,-0.053936154,-0.028715493,0.013053407,0.00453576,0.004804113,-0.0032437537,-0.032593153,-0.029077275,-0.004732259,-0.012235959,03-01-03-02-01-02-09.wav
1151,/Users/upendrasuryajonnalagadda/mindseye/Audio_Speech_Actors_01-24/Actor_09/03-01-03-01-02-02-09.wav,3,1,happy,3,1,2,2,9,male,03-01-03-01-02-02-09.wav,-650.5559,66.44662,-4.6175385,14.589339,13.41149,0.891039,-4.8582196,-11.165369,-7.9815845,3.4555354,-4.8051286,-5.022704,1.3854232,0.3280656,0.28980282,0.051655628,0.04802541,0.11832538,0.068957,-0.036587525,-0.056278635,0.021871999,0.049886577,-0.017396176,-0.039830934,-0.0011170959,03-01-03-01-02-02-09.wav
1152,/Users/upendrasuryajonnalagadda/mindseye/Audio_Speech_Actors_01-24/Actor_09/03-01-02-02-02-01-09.wav,3,1,calm,2,2,2,1,9,male,03-01-02-02-02-01-09.wav,-701.3726,82.08718,15.824508,30.367754,17.616703,5.1228848,-2.780741,-4.3114223,2.893005,5.287319,-3.237531,6.959494,-1.6369035,0.73360455,0.3212692,-0.003532247,0.13977669,0.090005584,0.10316928,0.0011876734,-0.017702999,0.07770129,0.053515084,-0.016377542,0.10126813,-0.028984578,03-01-02-02-02-01-09.wav
1153,/Users/upendrasuryajonnalagadda/mindseye/Audio_Speech_Actors_01-24/Actor_09/03-01-01-01-01-02-09.wav,3,1,neutral,1,1,1,2,9,male,03-01-01-01-01-02-09.wav,-774.4514,77.8684,14.380868,21.008358,13.392019,4.733255,1.3457329,-1.6802933,5.3074985,2.486268,-5.6910257,6.45156,2.3873448,0.83136386,0.4486933,0.17869899,0.10862971,0.052624937,0.03992307,0.024800636,0.0067179375,0.03602478,0.058501355,-0.053562082,0.0133995265,0.029071746,03-01-01-01-01-02-09.wav
1154,/Users/upendrasuryajonnalagadda/mindseye/Audio_Speech_Actors_01-24/Actor_09/03-01-02-01-01-01-09.wav,3,1,calm,2,1,1,1,9,male,03-01-02-01-01-01-09.wav,-760.9572,70.84682,14.509408,19.895676,16.550035,6.376459,-3.3023162,-2.0840957,3.5492296,2.0649683,-3.8670201,4.1734357,-0.58105093,0.3091011,0.28805754,0.08810871,-0.010795408,0.007202175,0.066738695,0.042768627,-0.032202005,-0.015223305,0.0059010023,-0.0015808211,-0.009920501,-0.043060485,03-01-02-01-01-01-09.wav
1155,/Users/upendrasuryajonnalagadda/mindseye/Audio_Speech_Actors_01-24/Actor_09/03-01-03-02-02-01-09.wav,3,1,happy,3,2,2,1,9,male,03-01-03-02-02-01-09.wav,-464.53906,38.816082,-14.36377,5.4215074,7.988402,-6.833978,-10.916377,-5.782842,-14.626412,-0.10943792,-6.3774953,-3.1681569,-2.237942,0.0041573266,0.0058789933,0.005877829,0.0058758724,0.005873197,0.0058696177,0.005865221,0.0058599077,0.0058535784,0.0058462867,0.0058378987,0.005828362,0.005817599,03-01-03-02-02-01-09.wav
1156,/Users/upendrasuryajonnalagadda/mindseye/Audio_Speech_Actors_01-24/Actor_09/03-01-03-01-01-01-09.wav,3,1,happy,3,1,1,1,9,male,03-01-03-01-01-01-09.wav,-698.05286,96.59705,11.395731,18.545223,20.758558,4.8262625,-4.267111,-5.396046,-10.633761,-1.4014149,-2.1504571,-0.1832162,1.5968102,1.1265025,0.737382,0.08421144,0.076576866,0.08229889,-0.05773759,-0.12388476,-0.07794812,-0.043847695,-0.043889493,-0.103114694,-0.05490795,0.004598159,03-01-03-01-01-01-09.wav
1157,/Users/upendrasuryajonnalagadda/mindseye/Audio_Speech_Actors_01-24/Actor_09/03-01-02-02-01-02-09.wav,3,1,calm,2,2,1,2,9,male,03-01-02-02-01-02-09.wav,-776.4269,79.11584,25.65453,33.561005,21.067642,13.567872,-1.386615,-1.5140517,5.8736796,2.8306336,-2.207593,9.071489,-0.78788817,0.7095929,0.26380622,0.09393894,0.01673605,0.037832323,0.039888024,-0.034467768,-0.0056379563,0.029072989,0.018932234,-0.03422786,-0.027431373,-0.06687133,03-01-02-02-01-02-09.wav
1158,/Users/upendrasuryajonnalagadda/mindseye/Audio_Speech_Actors_01-24/Actor_09/03-01-02-01-02-02-09.wav,3,1,calm,2,1,2,2,9,male,03-01-02-01-02-02-09.wav,-747.0397,70.07149,17.612688,23.138098,15.820025,10.269398,-0.18146455,-2.9023497,1.5764809,6.6675076,-3.0956655,5.3867073,1.2208668,0.6736462,0.3431362,0.16403335,0.17364994,0.089331605,0.09536777,0.056989484,0.012400132,0.04000644,0.043082938,-0.0039559896,0.031365596,0.034747463,03-01-02-01-02-02-09.wav
1159,/Users/upendrasuryajonnalagadda/mindseye/Audio_Speech_Actors_01-24/Actor_09/03-01-01-01-02-01-09.wav,3,1,neutral,1,1,2,1,9,male,03-01-01-01-02-01-09.wav,-763.7809,66.20733,16.178612,20.421858,13.010476,6.7123027,0.087843895,-4.4293265,-0.32242903,1.7138634,-5.4619274,2.2052736,0.13145818,0.72148937,0.36593807,0.16656552,0.16948189,0.09060069,0.14240511,0.09388471,0.028915724,0.03973055,-0.0047798553,-0.013835748,0.038727123,0.00059573515,03-01-01-01-02-01-09.wav
1160,/Users/upendrasuryajonnalagadda/mindseye/Audio_Speech_Actors_01-24/Actor_09/03-01-08-02-02-02-09.wav,3,1,surprised,8,2,2,2,9,male,03-01-08-02-02-02-09.wav,-714.13275,66.18531,8.013326,21.495272,12.310168,0.010786268,-0.84379023,-2.1564755,-1.5477678,-1.9567351,-5.0205193,-0.6207993,-2.8991365,0.17048676,0.18574934,0.1055995,0.09563505,0.05711631,0.017174369,0.014703699,-0.0007128107,0.00022598881,-0.012443338,-0.036601942,-0.031359002,-0.03679336,03-01-08-02-02-02-09.wav
1161,/Users/upendrasuryajonnalagadda/mindseye/Audio_Speech_Actors_01-24/Actor_09/03-01-08-01-01-02-09.wav,3,1,surprised,8,1,1,2,9,male,03-01-08-01-01-02-09.wav,-762.8508,71.743675,7.8898087,18.871786,14.91997,-0.75332475,-1.006464,-2.868889,3.0005867,-1.139419,-3.7743971,1.1829447,-1.0596209,0.29131952,0.30102104,0.1280643,0.05042843,0.02929114,0.03159494,0.059872184,0.059320338,0.040315047,0.015573846,0.023028215,0.011069425,0.001415256,03-01-08-01-01-02-09.wav
1162,/Users/upendrasuryajonnalagadda/mindseye/Audio_Speech_Actors_01-24/Actor_09/03-01-06-01-02-01-09.wav,3,1,fearful,6,1,2,1,9,male,03-01-06-01-02-01-09.wav,-768.16254,60.82282,18.165966,22.787415,16.37056,11.338635,3.1976018,-2.2371614,4.5240316,6.088352,0.20464909,6.463559,3.1884863,0.011620017,0.07840759,-0.037706483,-0.030723965,-0.068807475,-0.04957063,0.00062280544,-0.06270493,-0.105592616,-0.10451621,-0.10171543,-0.08030716,-0.04280297,03-01-06-01-02-01-09.wav
1163,/Users/upendrasuryajonnalagadda/mindseye/Audio_Speech_Actors_01-24/Actor_09/03-01-05-01-02-02-09.wav,3,1,angry,5,1,2,2,9,male,03-01-05-01-02-02-09.wav,-639.24457,64.33489,-2.1492946,16.705063,20.11579,0.52668536,-1.4200556,-5.7207727,-7.8322277,1.9592952,-1.3867825,-5.6571813,2.5884075,0.18002918,0.18693253,0.08166464,0.015163347,-0.023356432,-0.036651943,-0.04067395,-0.039359696,-0.053301968,-0.06123016,-0.05442662,-0.04432434,-0.032023948,03-01-05-01-02-02-09.wav
1164,/Users/upendrasuryajonnalagadda/mindseye/Audio_Speech_Actors_01-24/Actor_09/03-01-05-02-01-02-09.wav,3,1,angry,5,2,1,2,9,male,03-01-05-02-01-02-09.wav,-372.0478,50.743774,-19.757572,3.0540452,2.2442718,-10.231513,-6.5682096,-6.5028667,-6.7709947,-1.6253167,0.38355887,-0.20298402,-2.0468285,0.021995872,0.031561587,0.031095259,0.030814406,0.03104176,0.029793756,0.029958935,0.029552858,0.027933793,0.02859593,0.027278468,0.025841566,0.026804002,03-01-05-02-01-02-09.wav
1165,/Users/upendrasuryajonnalagadda/mindseye/Audio_Speech_Actors_01-24/Actor_09/03-01-06-02-01-01-09.wav,3,1,fearful,6,2,1,1,9,male,03-01-06-02-01-01-09.wav,-589.099,75.15608,-3.162014,22.801453,19.725555,-4.970696,-9.8460865,1.6935701,-6.049455,-4.7055435,-1.4050752,-4.884601,-5.6614223,-0.07890603,0.2188731,0.2971892,0.020652205,-0.0042719296,0.07569046,0.13189036,0.009492482,0.04763433,0.10991214,0.020513743,0.036671285,0.050676122,03-01-06-02-01-01-09.wav
1166,/Users/upendrasuryajonnalagadda/mindseye/Audio_Speech_Actors_01-24/Actor_09/03-01-04-01-01-01-09.wav,3,1,sad,4,1,1,1,9,male,03-01-04-01-01-01-09.wav,-804.2479,74.03578,12.956501,24.366169,19.558754,11.488704,1.0651054,-7.8167224,-1.1958169,4.0783606,0.5834855,1.8997864,3.5258665,0.013159569,0.1787783,0.09375697,0.033538517,-0.08178688,-0.10975317,-0.07836772,-0.12166242,-0.08950044,-0.0016346063,-0.04844897,-0.040930565,-0.021174269,03-01-04-01-01-01-09.wav
1167,/Users/upendrasuryajonnalagadda/mindseye/Audio_Speech_Actors_01-24/Actor_09/03-01-07-01-01-02-09.wav,3,1,disgust,7,1,1,2,9,male,03-01-07-01-01-02-09.wav,-730.17676,77.21654,-6.209063,19.956032,13.543462,-3.9027617,-7.191378,-7.107752,-0.101062626,0.19190376,-2.6600523,-1.7468221,-0.7433457,0.9277168,0.45577952,0.009876984,0.16835664,0.077556446,0.0014509239,0.007226494,0.0060443752,0.047439896,0.042784873,-0.029095845,-0.01744734,0.057161357,03-01-07-01-01-02-09.wav
1168,/Users/upendrasuryajonnalagadda/mindseye/Audio_Speech_Actors_01-24/Actor_09/03-01-07-02-02-02-09.wav,3,1,disgust,7,2,2,2,9,male,03-01-07-02-02-02-09.wav,-639.74066,86.213905,-7.4242086,16.427103,13.267608,-5.665537,-1.3517294,-2.9703135,-6.156294,-1.1269785,-0.8836647,-6.6842904,-1.603412,-1.2119081,-0.55751127,0.33339912,0.0067736674,0.07425307,0.103208445,0.08199079,0.06353014,-0.032674495,-0.000899266,-0.05079339,-0.077775665,0.056022108,03-01-07-02-02-02-09.wav
1169,/Users/upendrasuryajonnalagadda/mindseye/Audio_Speech_Actors_01-24/Actor_09/03-01-04-02-02-01-09.wav,3,1,sad,4,2,2,1,9,male,03-01-04-02-02-01-09.wav,-708.5314,71.50529,4.005207,22.027151,16.016226,5.842576,-9.575227,-8.601708,-8.306001,-0.13405976,-3.7059078,-10.606948,-3.664412,-0.27432445,0.03660042,0.20734166,0.03457683,-0.11218891,-0.044288598,0.097216174,0.06538705,-0.01914894,-0.059389055,0.046361376,0.06551613,-0.04963634,03-01-04-02-02-01-09.wav
1170,/Users/upendrasuryajonnalagadda/mindseye/Audio_Speech_Actors_01-24/Actor_09/03-01-02-01-01-02-09.wav,3,1,calm,2,1,1,2,9,male,03-01-02-01-01-02-09.wav,-712.0099,64.448746,1.3877724,29.286903,15.122463,0.7200199,-7.4595633,-4.768696,5.138053,4.0435085,-7.1305923,5.2754307,-0.08575106,0.3824588,0.3782637,0.2836106,0.0509492,-0.021857599,0.089007534,0.076159544,0.0035152633,-0.05827278,-0.022150533,0.073750705,-0.0014921692,-0.069207266,03-01-02-01-01-02-09.wav
1171,/Users/upendrasuryajonnalagadda/mindseye/Audio_Speech_Actors_01-24/Actor_09/03-01-01-01-01-01-09.wav,3,1,neutral,1,1,1,1,9,male,03-01-01-01-01-01-09.wav,-736.1229,92.02211,21.974056,31.902098,22.148632,9.448862,5.301554,5.607601,6.9287577,6.6251793,-0.13331637,8.490708,6.1544666,-0.43887934,-0.11464783,0.03252284,-0.055789854,-0.042935878,-0.09273061,-0.035118878,-0.0771792,-0.07416103,-0.04069439,-0.047593843,-0.0784623,0.008313998,03-01-01-01-01-01-09.wav
1172,/Users/upendrasuryajonnalagadda/mindseye/Audio_Speech_Actors_01-24/Actor_09/03-01-02-02-02-02-09.wav,3,1,calm,2,2,2,2,9,male,03-01-02-02-02-02-09.wav,-752.4509,72.9066,16.223257,20.750114,12.443536,9.436656,-2.2646053,-3.6084325,-0.19588894,2.7514043,-7.464745,4.6273484,0.5280455,0.52558774,0.28407556,0.17606439,0.14559186,0.06782511,0.09221141,0.035683833,0.01953962,0.03944094,0.006491403,-0.0136035625,0.042569228,0.019686377,03-01-02-02-02-02-09.wav
1173,/Users/upendrasuryajonnalagadda/mindseye/Audio_Speech_Actors_01-24/Actor_09/03-01-03-01-02-01-09.wav,3,1,happy,3,1,2,1,9,male,03-01-03-01-02-01-09.wav,-706.23627,68.20473,5.6514673,14.952039,16.743828,4.572454,-4.644878,-4.6024795,-3.4521916,3.1945791,-6.3470783,0.5039459,-0.49199384,0.2316487,0.23956369,0.08771643,0.049061276,0.07534618,0.046298552,-0.008339715,-0.014139028,0.013588644,0.030653851,0.020198595,-0.007577739,-0.016996317,03-01-03-01-02-01-09.wav
1174,/Users/upendrasuryajonnalagadda/mindseye/Audio_Speech_Actors_01-24/Actor_09/03-01-03-02-01-01-09.wav,3,1,happy,3,2,1,1,9,male,03-01-03-02-01-01-09.wav,-480.8839,56.8582,-17.446117,2.633607,7.5450387,-12.68466,-15.042939,-7.816285,-14.532588,-1.8004781,-1.3633707,-4.4582915,-5.008393,-0.10218446,-0.06822631,0.00043422022,-0.036549002,-0.059752915,-0.04348948,-0.041547295,-0.068021715,-0.0681782,-0.033257443,-0.022111846,-0.034740742,-0.04203316,03-01-03-02-01-01-09.wav
1175,/Users/upendrasuryajonnalagadda/mindseye/Audio_Speech_Actors_01-24/Actor_09/03-01-08-01-02-02-09.wav,3,1,surprised,8,1,2,2,9,male,03-01-08-01-02-02-09.wav,-748.5712,72.617714,7.105947,17.94434,12.53586,0.31413218,-2.2314174,-5.2972574,-3.5439548,-1.1460665,-5.0762925,-0.63585615,-0.8705943,0.35478938,0.3000605,0.12103997,0.12455552,0.09301975,0.06800567,0.028243417,0.027141584,0.03292902,0.007853994,-0.0040519894,0.0010986392,0.018177211,03-01-08-01-02-02-09.wav
1176,/Users/upendrasuryajonnalagadda/mindseye/Audio_Speech_Actors_01-24/Actor_09/03-01-08-02-01-02-09.wav,3,1,surprised,8,2,1,2,9,male,03-01-08-02-01-02-09.wav,-702.41614,76.88889,14.526176,24.579586,18.013536,1.1452065,-0.61717623,-0.8021573,4.786394,0.019176077,-0.4326992,3.4558105,0.5393385,-0.16807155,-0.104898386,-0.15066522,-0.23914593,-0.22456166,-0.19721842,-0.14295615,-0.13647689,-0.1565021,-0.12504716,-0.09922905,-0.06686072,-0.02880646,03-01-08-02-01-02-09.wav
1177,/Users/upendrasuryajonnalagadda/mindseye/Audio_Speech_Actors_01-24/Actor_09/03-01-07-02-01-02-09.wav,3,1,disgust,7,2,1,2,9,male,03-01-07-02-01-02-09.wav,-660.5469,74.53181,-0.11871577,21.378948,11.625083,-4.6467075,-2.1156256,0.5137574,-3.935819,-3.9737206,-3.510933,-3.9011817,1.2604815,0.11874549,0.17577122,0.16503084,0.113282874,0.06764258,0.054868486,0.041362945,0.011617952,-0.0018329994,0.013101469,0.019450106,0.0007658706,-0.011820488,03-01-07-02-01-02-09.wav
1178,/Users/upendrasuryajonnalagadda/mindseye/Audio_Speech_Actors_01-24/Actor_09/03-01-04-02-01-01-09.wav,3,1,sad,4,2,1,1,9,male,03-01-04-02-01-01-09.wav,-708.2432,84.343025,6.3724127,23.965912,18.191729,5.167454,-8.311118,-8.154005,-8.851384,-2.0212903,-0.28856495,-8.614777,0.12835164,0.9122765,0.47326583,0.16451447,0.15288739,0.14617151,0.12702307,0.06601517,0.04384641,0.030418744,0.024653241,0.023881795,0.013651393,0.023696879,03-01-04-02-01-01-09.wav
1179,/Users/upendrasuryajonnalagadda/mindseye/Audio_Speech_Actors_01-24/Actor_09/03-01-04-01-02-01-09.wav,3,1,sad,4,1,2,1,9,male,03-01-04-01-02-01-09.wav,-793.2345,54.19791,13.4121,18.525732,11.431909,12.058417,0.7700096,-7.2473435,-2.326805,1.838298,-1.2233762,-1.3986659,3.054113,0.2589128,0.16649477,0.012103697,0.010298009,-0.07420837,-0.07575427,-0.075726286,-0.10785967,-0.063634224,-0.06403965,-0.07668475,-0.06737864,-0.050323643,03-01-04-01-02-01-09.wav
1180,/Users/upendrasuryajonnalagadda/mindseye/Audio_Speech_Actors_01-24/Actor_09/03-01-07-01-02-02-09.wav,3,1,disgust,7,1,2,2,9,male,03-01-07-01-02-02-09.wav,-679.42804,71.56426,-1.2502508,27.961924,12.567528,1.3154104,-7.7639594,-13.081204,3.4559338,-1.0308263,-2.742611,-0.21598491,0.73585105,0.15578891,0.23701249,0.18644768,0.09157142,0.06851793,0.061378103,0.05420629,0.045826633,0.016478447,0.006333802,0.012279082,0.008997469,0.014832675,03-01-07-01-02-02-09.wav
1181,/Users/upendrasuryajonnalagadda/mindseye/Audio_Speech_Actors_01-24/Actor_09/03-01-05-02-02-02-09.wav,3,1,angry,5,2,2,2,9,male,03-01-05-02-02-02-09.wav,-349.67084,42.818672,-17.762695,-1.4405055,-2.070455,-8.561678,-5.4271255,-7.3312984,-1.5551325,-3.2604334,1.9374986,0.18694979,-1.5727235,-0.09789223,-0.05694926,0.07530576,0.09193972,0.014624318,-0.0044092024,0.07285014,0.12664962,0.07698353,-0.0072619747,-0.032638162,-0.009357995,0.0027210785,03-01-05-02-02-02-09.wav
1182,/Users/upendrasuryajonnalagadda/mindseye/Audio_Speech_Actors_01-24/Actor_09/03-01-06-02-02-01-09.wav,3,1,fearful,6,2,2,1,9,male,03-01-06-02-02-01-09.wav,-559.7779,49.33011,0.005936977,12.543461,9.293218,-4.829167,-7.9153295,0.43498966,-9.587213,-5.126391,-3.1654727,-8.303905,-4.5874705,0.3270255,0.21583414,0.004052012,0.026612172,0.0952547,0.12368845,0.008217158,-0.019352624,0.009991033,0.07076857,0.045748506,-0.056451876,-0.025347123,03-01-06-02-02-01-09.wav
1183,/Users/upendrasuryajonnalagadda/mindseye/Audio_Speech_Actors_01-24/Actor_09/03-01-06-01-01-01-09.wav,3,1,fearful,6,1,1,1,9,male,03-01-06-01-01-01-09.wav,-803.2566,57.53709,9.824237,19.6487,14.7189245,6.3337255,0.47146183,-1.4685001,3.8797731,2.0546668,-1.6835198,3.9990926,1.4093125,1.0972439,0.4222248,0.16219842,0.15389623,0.062467072,0.037906077,0.044128757,0.030194791,0.023841593,-0.022250216,-0.035644714,0.014943415,-0.0018426867,03-01-06-01-01-01-09.wav
1184,/Users/upendrasuryajonnalagadda/mindseye/Audio_Speech_Actors_01-24/Actor_09/03-01-05-01-01-02-09.wav,3,1,angry,5,1,1,2,9,male,03-01-05-01-01-02-09.wav,-674.9629,68.09888,0.98026067,18.68076,20.181646,5.3376946,-2.0390625,-4.20572,-2.818906,3.0021517,-0.21518314,-1.3703904,3.6611507,0.48021924,0.45308796,0.17123242,0.12724873,0.15963268,0.125844,0.040197738,0.017815081,0.058485057,0.10572613,0.08016342,0.019668529,0.016665384,03-01-05-01-01-02-09.wav
1185,/Users/upendrasuryajonnalagadda/mindseye/Audio_Speech_Actors_01-24/Actor_09/03-01-08-01-01-01-09.wav,3,1,surprised,8,1,1,1,9,male,03-01-08-01-01-01-09.wav,-762.6613,78.36314,16.64151,22.067526,18.31563,8.710409,2.8984895,1.9532106,4.4592047,3.771004,-0.81791466,5.7424226,2.4349642,0.37276718,0.35359472,0.07320986,0.011100568,0.030185036,-0.018652264,-0.03443885,-0.03772179,-0.057526287,-0.051229775,-0.04742841,-0.019186996,-0.054803964,03-01-08-01-01-01-09.wav
1186,/Users/upendrasuryajonnalagadda/mindseye/Audio_Speech_Actors_01-24/Actor_09/03-01-08-02-02-01-09.wav,3,1,surprised,8,2,2,1,9,male,03-01-08-02-02-01-09.wav,-727.1127,66.059135,13.472497,19.291088,11.279463,4.0854154,-1.534409,-1.9304062,-1.1815919,-4.6174836,-3.9721265,-0.92568046,-3.2159452,0.20111749,0.21115631,0.13047022,0.12602566,0.098137565,0.056232505,0.026365774,0.028270774,0.016467707,-0.027727976,-0.012483078,0.027231554,0.01346026,03-01-08-02-02-01-09.wav
1187,/Users/upendrasuryajonnalagadda/mindseye/Audio_Speech_Actors_01-24/Actor_09/03-01-04-02-02-02-09.wav,3,1,sad,4,2,2,2,9,male,03-01-04-02-02-02-09.wav,-700.6417,82.07693,9.283639,28.763704,18.899244,7.049788,-5.476059,-9.066193,-8.49226,1.060913,-3.3077433,-11.571926,-1.1155974,-0.22933266,-0.08759642,0.17878322,0.100254014,0.0398756,0.11941485,0.15004079,0.085545525,-0.049781103,-0.14395359,-0.09829888,-0.05342825,-0.045445237,03-01-04-02-02-02-09.wav
1188,/Users/upendrasuryajonnalagadda/mindseye/Audio_Speech_Actors_01-24/Actor_09/03-01-07-02-02-01-09.wav,3,1,disgust,7,2,2,1,9,male,03-01-07-02-02-01-09.wav,-653.64764,74.02552,-3.9471662,21.783476,11.605717,-2.0698552,0.36317018,-4.340038,-3.9287481,-3.5583298,-2.8631344,-4.7973957,-1.2190157,0.03535838,0.041878935,0.020926116,-0.0019958422,-0.014650455,-0.01376967,-0.004912649,0.0045063463,0.008787192,0.0056741177,-0.0012194769,-0.005262418,-0.0037206705,03-01-07-02-02-01-09.wav
1189,/Users/upendrasuryajonnalagadda/mindseye/Audio_Speech_Actors_01-24/Actor_09/03-01-07-01-01-01-09.wav,3,1,disgust,7,1,1,1,9,male,03-01-07-01-01-01-09.wav,-723.4064,83.10357,-4.8652196,18.083227,12.602726,-0.47872156,-7.168428,-7.325751,1.1405993,-1.4299744,-2.9543161,-1.3579042,-0.7247628,0.36847216,0.34280947,0.09442989,0.059558026,0.09166349,0.05936611,0.014179671,-0.004890429,0.0073029296,0.034134917,0.015459294,-0.035333067,-0.025690561,03-01-07-01-01-01-09.wav
1190,/Users/upendrasuryajonnalagadda/mindseye/Audio_Speech_Actors_01-24/Actor_09/03-01-04-01-01-02-09.wav,3,1,sad,4,1,1,2,9,male,03-01-04-01-01-02-09.wav,-822.64264,56.3403,10.158319,18.47137,12.467964,8.534565,-3.7739656,-6.4877744,0.06232437,0.6712779,0.0126834335,1.1599809,1.968835,0.2894742,0.24063796,0.12159893,0.09123191,0.06896035,0.065450795,0.017858852,0.0033637052,0.0042633084,0.029104143,0.028215082,0.018674517,0.024217963,03-01-04-01-01-02-09.wav
1191,/Users/upendrasuryajonnalagadda/mindseye/Audio_Speech_Actors_01-24/Actor_09/03-01-06-02-01-02-09.wav,3,1,fearful,6,2,1,2,9,male,03-01-06-02-01-02-09.wav,-694.7694,55.743496,3.9667814,23.68012,17.474352,2.295081,-3.2815037,1.6077714,-0.5113796,-1.2884476,-1.016993,-2.5813468,-6.830816,0.8192957,0.351703,-0.11329361,0.0077731083,0.03774946,0.007305416,0.0026037947,-0.00738008,-0.023660444,-0.013239759,-0.013867878,-0.124807626,-0.12105033,03-01-06-02-01-02-09.wav
1192,/Users/upendrasuryajonnalagadda/mindseye/Audio_Speech_Actors_01-24/Actor_09/03-01-05-02-01-01-09.wav,3,1,angry,5,2,1,1,9,male,03-01-05-02-01-01-09.wav,-361.3976,48.584114,-17.521996,4.2073812,3.4910011,-9.708622,-7.4286156,-3.291482,-5.6283445,-0.28187895,0.71575636,-0.46756232,0.17258313,0.01087747,0.014952823,0.014300649,0.01426491,0.014494385,0.01411666,0.013297848,0.013004954,0.01337584,0.013484526,0.012891653,0.012329904,0.012380426,03-01-05-02-01-01-09.wav
1193,/Users/upendrasuryajonnalagadda/mindseye/Audio_Speech_Actors_01-24/Actor_09/03-01-05-01-02-01-09.wav,3,1,angry,5,1,2,1,9,male,03-01-05-01-02-01-09.wav,-585.8362,58.271313,-8.782108,12.954035,17.98696,-1.5246334,-1.3434956,-6.402169,-11.695985,0.6267042,0.7813692,-4.749986,1.6323026,0.020989839,0.028104035,0.024782097,0.022267431,0.021129964,0.019292299,0.014985742,0.009794531,0.0073680994,0.008694426,0.010156489,0.0077757747,0.0024062092,03-01-05-01-02-01-09.wav
1194,/Users/upendrasuryajonnalagadda/mindseye/Audio_Speech_Actors_01-24/Actor_09/03-01-06-01-02-02-09.wav,3,1,fearful,6,1,2,2,9,male,03-01-06-01-02-02-09.wav,-797.6689,53.278637,15.852629,23.180864,11.181984,6.4737997,1.3126198,-5.5416336,-0.45975,2.558483,-0.017505113,3.116382,-0.3619581,1.3425316,0.3772804,0.18459165,0.19610599,0.07666742,0.097845696,0.07399994,0.06876357,0.054533064,0.035736334,-0.018509554,0.0024071143,-0.012170827,03-01-06-01-02-02-09.wav
1195,/Users/upendrasuryajonnalagadda/mindseye/Audio_Speech_Actors_01-24/Actor_09/03-01-01-01-02-02-09.wav,3,1,neutral,1,1,2,2,9,male,03-01-01-01-02-02-09.wav,-760.3386,71.225006,13.172239,21.12285,11.821007,4.013674,1.3334689,-3.6378193,0.11413084,1.8248465,-4.953582,3.3389966,0.3813403,0.6391268,0.3902111,0.16749279,0.16803387,0.110732436,0.08437624,0.09085158,0.05975369,0.09013299,0.055063058,-0.028049659,0.047609463,0.0075997896,03-01-01-01-02-02-09.wav
1196,/Users/upendrasuryajonnalagadda/mindseye/Audio_Speech_Actors_01-24/Actor_09/03-01-02-01-02-01-09.wav,3,1,calm,2,1,2,1,9,male,03-01-02-01-02-01-09.wav,-675.9515,65.246086,8.900715,21.83042,8.193551,-2.1621363,-3.3512764,-2.5337958,-0.09904073,2.4159472,-5.1049123,6.0223627,-1.7098132,1.327312,0.6220236,0.10600045,0.2203601,0.14249755,0.12721026,-0.022377549,-0.08785838,0.052881442,0.0036837452,-0.03165119,0.11401052,0.0005546697,03-01-02-01-02-01-09.wav
1197,/Users/upendrasuryajonnalagadda/mindseye/Audio_Speech_Actors_01-24/Actor_09/03-01-02-02-01-01-09.wav,3,1,calm,2,2,1,1,9,male,03-01-02-02-01-01-09.wav,-801.6312,63.451565,21.316479,22.81147,15.832623,10.119566,-1.6117538,-3.0529976,7.5037875,5.764485,-0.6809117,8.796833,1.695983,1.9160886,0.82223207,0.22831528,0.35762417,0.23828118,0.21904716,0.09065709,0.02302611,0.14168474,0.050582215,-0.008900762,0.18596894,0.016714407,03-01-02-02-01-01-09.wav
1198,/Users/upendrasuryajonnalagadda/mindseye/Audio_Speech_Actors_01-24/Actor_09/03-01-03-01-01-02-09.wav,3,1,happy,3,1,1,2,9,male,03-01-03-01-01-02-09.wav,-664.61725,76.90651,1.4158583,15.875766,19.001732,0.36348066,-4.1466713,-4.0842724,-2.4926202,3.2975652,-2.0252256,-1.6971812,-1.0314841,0.1245566,0.1158364,0.02445964,0.005045333,0.01441981,-0.011779336,-0.048897065,-0.05079925,-0.020008504,-0.0014372277,-0.015775256,-0.023075422,-0.0037080727,03-01-03-01-01-02-09.wav
1199,/Users/upendrasuryajonnalagadda/mindseye/Audio_Speech_Actors_01-24/Actor_09/03-01-03-02-02-02-09.wav,3,1,happy,3,2,2,2,9,male,03-01-03-02-02-02-09.wav,-506.02274,60.68213,-8.945006,6.156165,10.142997,-4.1607766,-9.935587,-10.763996,-15.684214,-1.4575965,-4.2521706,-3.868325,-0.5577046,0.44120997,0.11014546,-0.21624325,-0.06962946,0.016415881,0.028259339,-0.07279614,4.4897006e-05,0.037490174,-0.019687988,-0.06413359,-0.005003768,0.041883226,03-01-03-02-02-02-09.wav
1200,/Users/upendrasuryajonnalagadda/mindseye/Audio_Speech_Actors_01-24/Actor_07/03-01-03-02-02-02-07.wav,3,1,happy,3,2,2,2,7,male,03-01-03-02-02-02-07.wav,-451.84018,48.623047,-11.483981,5.861837,8.803364,-10.313653,-16.78572,-3.5848482,-7.820214,0.055020344,-4.183503,-3.263661,2.8687074,-0.3549753,-0.10118457,0.24753833,0.105617784,0.022058487,0.07397442,0.101424,0.061926596,0.041396912,0.009483292,-0.041810025,-0.04109284,-0.0036527307,03-01-03-02-02-02-07.wav
1201,/Users/upendrasuryajonnalagadda/mindseye/Audio_Speech_Actors_01-24/Actor_07/03-01-03-01-01-02-07.wav,3,1,happy,3,1,1,2,7,male,03-01-03-01-01-02-07.wav,-636.4077,77.046036,-5.493263,14.967543,8.586665,-6.111676,-7.806066,-8.928539,1.5642301,-1.0575184,-5.099205,1.8876492,2.3199124,0.25137043,0.3797109,0.28350398,0.0730537,-0.0028036626,0.057102624,0.12606204,0.077029705,-0.08091822,-0.11562752,-0.014661859,-0.008863755,-0.031443715,03-01-03-01-01-02-07.wav
1202,/Users/upendrasuryajonnalagadda/mindseye/Audio_Speech_Actors_01-24/Actor_07/03-01-02-02-01-01-07.wav,3,1,calm,2,2,1,1,7,male,03-01-02-02-01-01-07.wav,-627.77454,65.62896,2.1947322,22.399145,17.403778,-4.0059237,-13.416574,-7.93594,7.1460385,-4.2180753,1.5943269,0.6270975,2.622565,0.20711839,0.6067347,0.049504347,-0.08700971,0.16920528,0.0067458954,0.04051589,0.119246304,-0.035098918,0.031146446,-0.011042741,0.010456198,-0.011456903,03-01-02-02-01-01-07.wav
1203,/Users/upendrasuryajonnalagadda/mindseye/Audio_Speech_Actors_01-24/Actor_07/03-01-02-01-02-01-07.wav,3,1,calm,2,1,2,1,7,male,03-01-02-01-02-01-07.wav,-684.672,83.23516,14.276167,18.36835,17.42526,8.392051,-0.6316312,-4.602575,3.8891287,1.9737535,0.6816957,2.839181,6.6644573,0.5722624,0.32077956,0.015338443,-0.07024179,-0.027687604,-0.04746557,-0.06703205,0.0043390035,-0.056462087,-0.091440454,-0.10016078,-0.024549188,0.05406643,03-01-02-01-02-01-07.wav
1204,/Users/upendrasuryajonnalagadda/mindseye/Audio_Speech_Actors_01-24/Actor_07/03-01-01-01-02-02-07.wav,3,1,neutral,1,1,2,2,7,male,03-01-01-01-02-02-07.wav,-647.5503,72.78343,12.891841,16.450842,8.964961,-0.87523687,-6.944928,-7.2962747,4.6732965,-5.8999705,-1.5077094,1.1568074,2.0812635,-0.32272056,0.51239127,0.28897023,-0.11058907,0.0242277,-0.028821744,0.06549935,0.09691416,-0.1522892,-0.008632411,-0.02647432,-0.010331794,-0.1305691,03-01-01-01-02-02-07.wav
1205,/Users/upendrasuryajonnalagadda/mindseye/Audio_Speech_Actors_01-24/Actor_07/03-01-08-02-02-01-07.wav,3,1,surprised,8,2,2,1,7,male,03-01-08-02-02-01-07.wav,-525.3845,44.213985,1.1774427,8.841893,2.0408647,-10.518717,-11.621033,-11.430614,-5.877294,-5.119501,-8.303649,-1.7527883,-3.7489984,0.13546896,0.124275975,0.07823775,0.063004605,0.026930207,0.01822432,-0.023173338,-0.0516514,-0.042535115,-0.002387258,0.011727237,-0.007054918,0.0018945156,03-01-08-02-02-01-07.wav
1206,/Users/upendrasuryajonnalagadda/mindseye/Audio_Speech_Actors_01-24/Actor_07/03-01-08-01-01-01-07.wav,3,1,surprised,8,1,1,1,7,male,03-01-08-01-01-01-07.wav,-636.30176,65.80612,6.5092373,12.24987,6.8765273,-8.013875,-4.943942,-9.711286,-1.3166355,-2.7536213,-6.2326736,-1.4256808,-2.5779772,0.29496866,0.3348726,0.16474624,0.046315208,0.025154177,0.03503746,0.01730175,-0.020178359,-0.03925624,-0.02430472,-0.004607156,-0.010875956,-0.02769173,03-01-08-01-01-01-07.wav
1207,/Users/upendrasuryajonnalagadda/mindseye/Audio_Speech_Actors_01-24/Actor_07/03-01-06-01-02-02-07.wav,3,1,fearful,6,1,2,2,7,male,03-01-06-01-02-02-07.wav,-641.8527,43.289642,1.7896099,5.8378873,2.0314202,-9.491835,-13.072909,-14.39013,-8.416283,-7.0812445,-8.63722,-3.1306152,-3.3830035,-0.057307415,-0.019881679,0.042904645,0.03780915,0.020381784,0.023970434,0.02950543,0.02432486,0.010422733,0.0072197067,0.023811942,0.017479876,0.031039715,03-01-06-01-02-02-07.wav
1208,/Users/upendrasuryajonnalagadda/mindseye/Audio_Speech_Actors_01-24/Actor_07/03-01-05-01-02-01-07.wav,3,1,angry,5,1,2,1,7,male,03-01-05-01-02-01-07.wav,-588.7124,56.840233,5.9468565,16.410358,7.3068676,-4.181266,-1.9918596,-9.588319,-5.645373,0.27694982,-4.4116163,-2.3489382,5.057839,0.110438354,0.14504807,0.118157886,0.08902562,0.06641616,0.048934255,0.030635834,0.010396351,-0.0055999644,-0.010569947,-0.005088828,0.0026661041,0.0046078125,03-01-05-01-02-01-07.wav
1209,/Users/upendrasuryajonnalagadda/mindseye/Audio_Speech_Actors_01-24/Actor_07/03-01-05-02-01-01-07.wav,3,1,angry,5,2,1,1,7,male,03-01-05-02-01-01-07.wav,-430.61908,43.367043,-4.660624,14.156897,9.494504,-10.049196,-4.9433513,-1.1130356,-5.437209,4.2757277,-0.47792023,1.7620087,5.7402787,0.03286,0.04851483,0.05333377,0.061345518,0.07698969,0.09890405,0.112807974,0.10363581,0.073034264,0.036621075,0.0053491653,-0.021096352,-0.04235161,03-01-05-02-01-01-07.wav
1210,/Users/upendrasuryajonnalagadda/mindseye/Audio_Speech_Actors_01-24/Actor_07/03-01-06-02-01-02-07.wav,3,1,fearful,6,2,1,2,7,male,03-01-06-02-01-02-07.wav,-520.04315,31.62373,-11.594005,2.580599,-3.0210807,-18.587263,-10.290366,-5.427503,-10.424314,-7.8268905,-4.334054,-8.302431,-3.965487,-0.036023967,-0.014868723,0.02808202,0.0065030414,-0.028053563,-0.0078098043,0.029297352,0.018864227,-0.019250667,-0.024234938,0.0058031366,0.016934989,-0.010251834,03-01-06-02-01-02-07.wav
1211,/Users/upendrasuryajonnalagadda/mindseye/Audio_Speech_Actors_01-24/Actor_07/03-01-04-01-01-02-07.wav,3,1,sad,4,1,1,2,7,male,03-01-04-01-01-02-07.wav,-694.7864,80.92776,7.7761917,17.321959,14.979085,-1.1099131,0.55913115,-9.924978,-3.530226,0.9500601,-3.3024004,-0.14873336,4.2297373,0.3484722,0.3267034,0.06293125,-0.009702451,0.030587295,0.029588576,-0.033066396,-0.09275424,-0.08783901,-0.047123373,-0.03157603,-0.007330693,0.010295467,03-01-04-01-01-02-07.wav
1212,/Users/upendrasuryajonnalagadda/mindseye/Audio_Speech_Actors_01-24/Actor_07/03-01-07-01-01-01-07.wav,3,1,disgust,7,1,1,1,7,male,03-01-07-01-01-01-07.wav,-686.0836,50.24728,7.8531947,13.398187,4.2547894,-8.367795,-6.4519424,-3.510214,-1.3203635,-3.6914263,-1.4087638,-1.7648069,-1.908646,0.12112068,0.15806702,0.12659803,0.092834495,0.06653963,0.047428466,0.031238824,0.019113451,0.017428737,0.025196923,0.03158927,0.02955337,0.022036431,03-01-07-01-01-01-07.wav
1213,/Users/upendrasuryajonnalagadda/mindseye/Audio_Speech_Actors_01-24/Actor_07/03-01-07-02-02-01-07.wav,3,1,disgust,7,2,2,1,7,male,03-01-07-02-02-01-07.wav,-581.76074,59.009537,17.096273,21.25344,6.5160227,-8.890973,-4.89927,0.29523832,-3.9110134,-6.7271667,2.1571696,-1.492024,-2.6535416,-0.71172225,-0.15731955,0.16520514,-0.0657878,-0.048517887,-0.030585306,0.17270453,0.07310301,0.02274865,0.09356528,-0.0715672,-0.01846957,0.025270622,03-01-07-02-02-01-07.wav
1214,/Users/upendrasuryajonnalagadda/mindseye/Audio_Speech_Actors_01-24/Actor_07/03-01-04-02-02-02-07.wav,3,1,sad,4,2,2,2,7,male,03-01-04-02-02-02-07.wav,-596.57965,55.796394,1.6499803,11.262543,11.893613,-9.5402775,-14.219031,-6.4509373,-16.124762,-5.0785594,-7.287067,-7.937906,-2.1286304,0.12101801,0.15639834,0.12115766,0.083482854,0.054790955,0.035293832,0.021741109,0.013672645,0.010755711,0.008610943,0.0016448124,-0.010196537,-0.020029748,03-01-04-02-02-02-07.wav
1215,/Users/upendrasuryajonnalagadda/mindseye/Audio_Speech_Actors_01-24/Actor_07/03-01-08-02-01-02-07.wav,3,1,surprised,8,2,1,2,7,male,03-01-08-02-01-02-07.wav,-587.6065,48.644344,8.312825,13.077208,6.117894,-10.250266,-6.869985,-6.628063,-4.4790716,-5.078595,-6.2876387,-3.0450401,-3.6921022,0.12160536,0.12183507,0.059179757,0.064471714,0.057148587,-0.019415012,-0.07127065,-0.041690126,-0.020317676,-0.05029366,-0.055297196,-0.01267336,0.0022740546,03-01-08-02-01-02-07.wav
1216,/Users/upendrasuryajonnalagadda/mindseye/Audio_Speech_Actors_01-24/Actor_07/03-01-08-01-02-02-07.wav,3,1,surprised,8,1,2,2,7,male,03-01-08-01-02-02-07.wav,-623.5042,63.976326,10.04571,15.080756,8.768374,-8.761827,-2.3443525,-8.567229,-1.198245,-3.79293,-5.966588,0.35763228,-0.35676685,0.22446887,0.2692419,0.16659243,0.08706893,0.06422514,0.072537675,0.072642565,0.049063396,0.011712759,-0.0203058,-0.03347298,-0.026917048,-0.010459929,03-01-08-01-02-02-07.wav
1217,/Users/upendrasuryajonnalagadda/mindseye/Audio_Speech_Actors_01-24/Actor_07/03-01-05-01-01-02-07.wav,3,1,angry,5,1,1,2,7,male,03-01-05-01-01-02-07.wav,-428.15683,39.477787,-10.19383,10.718497,4.505499,-13.663071,-1.5924313,-6.1257024,-4.6416187,1.7590119,-2.4308283,-2.5606952,3.2542703,0.12399008,0.15991725,0.12515841,0.09221529,0.07043927,0.055126213,0.040732227,0.028248925,0.021082139,0.019290054,0.018738484,0.015096531,0.0092984075,03-01-05-01-01-02-07.wav
1218,/Users/upendrasuryajonnalagadda/mindseye/Audio_Speech_Actors_01-24/Actor_07/03-01-06-01-01-01-07.wav,3,1,fearful,6,1,1,1,7,male,03-01-06-01-01-01-07.wav,-648.84393,57.47994,-1.1098137,13.015428,7.874677,-5.3717504,-7.460407,-13.254996,-7.9411955,0.5151814,-3.304996,-3.374312,4.265489,-0.23692168,-0.24389997,-0.08232377,-0.03187102,-0.056877047,-0.054141395,-0.038702574,-0.058446463,-0.09820694,-0.10619521,-0.0841699,-0.08895749,-0.09637385,03-01-06-01-01-01-07.wav
1219,/Users/upendrasuryajonnalagadda/mindseye/Audio_Speech_Actors_01-24/Actor_07/03-01-06-02-02-01-07.wav,3,1,fearful,6,2,2,1,7,male,03-01-06-02-02-01-07.wav,-434.72516,22.329231,-16.36783,0.11344526,-0.54990935,-19.678627,-15.121634,-15.0372305,-11.515545,-7.316682,-9.331518,-3.8137953,-5.549604,0.00019784525,0.00027982233,0.00027971852,0.00027962768,0.00027944605,0.00027930332,0.0002790049,0.00027875835,0.00027844694,0.0002780577,0.0002776944,0.00027724676,0.00027676017,03-01-06-02-02-01-07.wav
1220,/Users/upendrasuryajonnalagadda/mindseye/Audio_Speech_Actors_01-24/Actor_07/03-01-05-02-02-02-07.wav,3,1,angry,5,2,2,2,7,male,03-01-05-02-02-02-07.wav,-366.46887,27.860262,-17.687834,7.0120325,3.7941747,-14.186117,-4.950356,-7.084775,-13.993525,3.9273558,-3.4952896,-5.883084,0.3690732,0.01991835,0.028262103,0.028516106,0.028859379,0.029192267,0.029412255,0.02943913,0.029235065,0.02881406,0.028238567,0.02760419,0.027016124,0.026563335,03-01-05-02-02-02-07.wav
1221,/Users/upendrasuryajonnalagadda/mindseye/Audio_Speech_Actors_01-24/Actor_07/03-01-07-01-02-02-07.wav,3,1,disgust,7,1,2,2,7,male,03-01-07-01-02-02-07.wav,-670.7348,52.50115,11.012454,14.246876,6.3150015,-10.52374,-5.1550593,-2.6216717,-3.309077,-6.4102817,-1.1778046,-3.4948723,-1.5416385,0.08930341,0.11996812,0.09927142,0.07321546,0.053154647,0.0416178,0.04100757,0.040578738,0.02846471,0.015344994,0.008934283,0.0031844743,-0.00026341202,03-01-07-01-02-02-07.wav
1222,/Users/upendrasuryajonnalagadda/mindseye/Audio_Speech_Actors_01-24/Actor_07/03-01-04-01-02-01-07.wav,3,1,sad,4,1,2,1,7,male,03-01-04-01-02-01-07.wav,-706.748,75.68725,10.462437,9.995412,7.7961807,-0.8141417,-3.8673687,-12.025189,-5.398387,-1.6866539,-5.773629,-4.606046,1.3564936,0.27094483,0.33533648,0.25113794,0.08058961,0.0147197945,0.046519697,0.064865686,0.07877924,-0.04067912,-0.13162176,-0.04555904,-0.040524587,-0.06605723,03-01-04-01-02-01-07.wav
1223,/Users/upendrasuryajonnalagadda/mindseye/Audio_Speech_Actors_01-24/Actor_07/03-01-04-02-01-01-07.wav,3,1,sad,4,2,1,1,7,male,03-01-04-02-01-01-07.wav,-595.3763,73.63094,-8.953109,14.37116,13.750571,-11.537727,-16.592735,-8.30707,-17.779594,-9.041086,-12.127893,-7.3498206,-2.7757714,-0.72396654,0.051583055,0.30336568,-0.19550785,-0.15152816,0.027186854,0.26071528,0.17832582,0.091799475,-0.027152786,-0.023896217,0.101959296,-0.061576508,03-01-04-02-01-01-07.wav
1224,/Users/upendrasuryajonnalagadda/mindseye/Audio_Speech_Actors_01-24/Actor_07/03-01-07-02-01-02-07.wav,3,1,disgust,7,2,1,2,7,male,03-01-07-02-01-02-07.wav,-576.60394,54.063774,11.296183,20.705832,6.048329,-9.645399,-3.9227545,2.270164,-4.4210744,-3.281112,3.9691947,-1.8321786,-0.14251736,-0.005238262,-0.008207221,-0.010336765,-0.01314883,-0.01595461,-0.01831658,-0.020118758,-0.021443691,-0.02242212,-0.02319601,-0.023976201,-0.025056453,-0.026685756,03-01-07-02-01-02-07.wav
1225,/Users/upendrasuryajonnalagadda/mindseye/Audio_Speech_Actors_01-24/Actor_07/03-01-03-02-01-01-07.wav,3,1,happy,3,2,1,1,7,male,03-01-03-02-01-01-07.wav,-480.7328,64.91248,-11.367149,7.572598,7.9090405,-13.907801,-13.029341,-8.926921,-9.96219,1.3678827,-4.4543056,0.08726958,5.7695665,-0.12814969,0.027423104,0.25306457,0.1783268,0.066780254,0.09172101,0.17702891,0.1422545,0.014057267,-0.002798048,-0.0036849815,-0.06614408,-0.052853733,03-01-03-02-01-01-07.wav
1226,/Users/upendrasuryajonnalagadda/mindseye/Audio_Speech_Actors_01-24/Actor_07/03-01-03-01-02-01-07.wav,3,1,happy,3,1,2,1,7,male,03-01-03-01-02-01-07.wav,-613.04474,72.07157,-8.338316,14.75273,7.88534,-2.3400495,-10.324597,-10.825143,-0.21125285,0.86042535,-6.8369937,1.2841066,4.6142144,0.23784964,0.50954205,0.28204355,-0.031652022,0.016457759,-0.008504336,0.08386137,0.05083313,-0.106087625,-0.06428533,0.0039091567,-0.023675691,-0.100171275,03-01-03-01-02-01-07.wav
1227,/Users/upendrasuryajonnalagadda/mindseye/Audio_Speech_Actors_01-24/Actor_07/03-01-02-02-02-02-07.wav,3,1,calm,2,2,2,2,7,male,03-01-02-02-02-02-07.wav,-665.0967,89.0828,6.3139653,16.856203,12.340229,-3.6007314,-8.971119,-12.714769,4.2979045,-0.8495335,0.8511942,-0.625159,6.297964,0.18054803,0.30805427,0.36315572,0.03275549,0.021986919,0.0471209,0.18038942,0.130762,-0.045275316,-0.10028154,-0.026631078,-0.012541852,-0.09999951,03-01-02-02-02-02-07.wav
1228,/Users/upendrasuryajonnalagadda/mindseye/Audio_Speech_Actors_01-24/Actor_07/03-01-01-01-01-01-07.wav,3,1,neutral,1,1,1,1,7,male,03-01-01-01-01-01-07.wav,-650.27673,71.56553,6.6284614,17.708052,10.26493,-2.472069,-5.9334826,-7.738141,2.293481,-4.296726,-3.3096173,-1.1172878,2.49902,-0.22615872,0.61169875,0.28848234,-0.07673412,0.089158975,0.0066184998,0.08612755,0.16194631,-0.044643477,0.025873257,-0.013505067,0.02640118,-0.08972742,03-01-01-01-01-01-07.wav
1229,/Users/upendrasuryajonnalagadda/mindseye/Audio_Speech_Actors_01-24/Actor_07/03-01-02-01-01-02-07.wav,3,1,calm,2,1,1,2,7,male,03-01-02-01-01-02-07.wav,-702.64557,81.39135,2.51899,11.255156,12.166302,-2.3540673,-4.872402,-7.6555705,3.1762357,-2.2764614,-2.9039853,0.92352957,3.479626,0.5909054,0.4339015,0.08233986,0.038692106,0.03470936,0.021208817,0.0034298364,-0.022319593,-0.01634827,-0.011501122,-0.024276353,-0.021443,-0.036188237,03-01-02-01-01-02-07.wav
1230,/Users/upendrasuryajonnalagadda/mindseye/Audio_Speech_Actors_01-24/Actor_07/03-01-08-01-01-02-07.wav,3,1,surprised,8,1,1,2,7,male,03-01-08-01-01-02-07.wav,-614.6455,59.40789,9.861067,13.462201,4.949957,-9.663009,-5.5047693,-5.1408906,-1.4057177,-4.3616686,-4.4229383,-1.7794766,-2.6858368,0.2223373,0.2741041,0.18465813,0.10500608,0.06307859,0.04619768,0.034964748,0.02560326,0.020548213,0.014717588,0.0015476077,-0.013534982,-0.01833007,03-01-08-01-01-02-07.wav
1231,/Users/upendrasuryajonnalagadda/mindseye/Audio_Speech_Actors_01-24/Actor_07/03-01-08-02-02-02-07.wav,3,1,surprised,8,2,2,2,7,male,03-01-08-02-02-02-07.wav,-579.27075,47.319576,6.808731,11.002593,3.0304842,-9.848827,-7.4324455,-7.2785573,-3.9382515,-4.0085044,-7.676205,-1.0197169,-2.7527056,0.0,0.0,2.5431316e-08,0.0,2.5431316e-08,0.0,2.5431316e-08,-6.357829e-09,0.0,0.0,1.2715658e-08,-6.357829e-09,6.357829e-09,03-01-08-02-02-02-07.wav
1232,/Users/upendrasuryajonnalagadda/mindseye/Audio_Speech_Actors_01-24/Actor_07/03-01-04-02-02-01-07.wav,3,1,sad,4,2,2,1,7,male,03-01-04-02-02-01-07.wav,-566.94086,55.199852,2.6939867,10.326438,8.528308,-2.5360346,-14.198379,-8.47,-10.112606,-6.4758105,-8.49852,-6.3108044,1.2865126,-0.3361828,0.31262335,0.31242076,0.079938546,-0.051639568,0.098482415,0.23870485,-0.0691116,0.012072168,0.1689272,0.09599519,0.12944531,0.02814712,03-01-04-02-02-01-07.wav
1233,/Users/upendrasuryajonnalagadda/mindseye/Audio_Speech_Actors_01-24/Actor_07/03-01-07-02-02-02-07.wav,3,1,disgust,7,2,2,2,7,male,03-01-07-02-02-02-07.wav,-584.5026,51.02321,18.779337,15.634164,4.2063565,-11.045533,-4.655751,-0.60769445,-8.109948,-7.612223,-1.0459353,-4.99,-3.2861447,0.11891026,0.14922759,0.1021025,0.04869613,0.008258829,-0.012440764,-0.017584607,-0.014231267,-0.0065249377,0.0042040185,0.016523685,0.027445488,0.033409204,03-01-07-02-02-02-07.wav
1234,/Users/upendrasuryajonnalagadda/mindseye/Audio_Speech_Actors_01-24/Actor_07/03-01-07-01-01-02-07.wav,3,1,disgust,7,1,1,2,7,male,03-01-07-01-01-02-07.wav,-656.2848,60.49723,3.5567725,14.105927,4.2866735,-10.349011,-7.9967113,-4.0311756,-0.70098466,-3.6903298,-1.226044,-2.1571648,0.49282378,0.14848985,0.19077595,0.13208877,0.06949514,0.04005197,0.031028217,0.031034656,0.029188648,0.024332767,0.031179074,0.03690256,0.035291694,0.03167758,03-01-07-01-01-02-07.wav
1235,/Users/upendrasuryajonnalagadda/mindseye/Audio_Speech_Actors_01-24/Actor_07/03-01-04-01-01-01-07.wav,3,1,sad,4,1,1,1,7,male,03-01-04-01-01-01-07.wav,-721.97406,71.64146,2.2744608,10.949551,7.7313514,-2.3157432,-4.327162,-10.995677,-5.955909,-2.2326045,-5.077754,-5.9224524,-0.8381282,0.3882568,0.38482505,0.10007118,-0.051303387,-0.060538135,-0.016909031,0.02609817,-0.0044863177,-0.027391989,-0.0073464215,-0.015281395,-0.026961327,-0.033382833,03-01-04-01-01-01-07.wav
1236,/Users/upendrasuryajonnalagadda/mindseye/Audio_Speech_Actors_01-24/Actor_07/03-01-06-02-01-01-07.wav,3,1,fearful,6,2,1,1,7,male,03-01-06-02-01-01-07.wav,-473.7268,33.1737,-17.385698,-0.07524371,-1.2830884,-17.614967,-13.460589,-13.664288,-11.909425,-8.961267,-9.073079,-4.1419325,-2.4544666,0.00039459034,0.00055811205,0.00055799057,0.00055777194,0.0005574803,0.0005571159,0.00055662537,0.00055607717,0.00055544544,0.0005547651,0.0005539451,0.00055306277,0.0005520924,03-01-06-02-01-01-07.wav
1237,/Users/upendrasuryajonnalagadda/mindseye/Audio_Speech_Actors_01-24/Actor_07/03-01-05-02-01-02-07.wav,3,1,angry,5,2,1,2,7,male,03-01-05-02-01-02-07.wav,-363.42252,33.200634,-12.125655,11.891399,5.642279,-14.986983,-4.2209444,0.3556242,-6.5518017,2.9054368,-2.4058468,-1.088655,2.6650186,0.035035238,0.049107634,0.047822356,0.045788378,0.043155085,0.040107,0.036843963,0.03356107,0.030430127,0.02758626,0.025119843,0.023074513,0.02145071,03-01-05-02-01-02-07.wav
1238,/Users/upendrasuryajonnalagadda/mindseye/Audio_Speech_Actors_01-24/Actor_07/03-01-05-01-02-02-07.wav,3,1,angry,5,1,2,2,7,male,03-01-05-01-02-02-07.wav,-508.83832,48.361454,-1.2202388,13.228263,0.6911693,-10.207876,-4.5368576,-10.628401,-4.0334916,-0.9029385,-4.7465672,-0.32724708,0.737226,-0.0014812491,-0.002088679,-0.0020690544,-0.0020365412,-0.00199168,-0.0019350107,-0.0018673274,-0.0017894513,-0.0017023417,-0.0016071232,-0.0015048429,-0.0013967511,-0.0012839981,03-01-05-01-02-02-07.wav
1239,/Users/upendrasuryajonnalagadda/mindseye/Audio_Speech_Actors_01-24/Actor_07/03-01-06-01-02-01-07.wav,3,1,fearful,6,1,2,1,7,male,03-01-06-01-02-01-07.wav,-650.8201,48.950523,0.45158264,10.640433,6.339901,-7.3021846,-11.986554,-9.244442,-8.15621,-4.6516967,-2.9337893,-2.2302907,0.36481863,0.0090086255,0.012332941,0.01110996,0.00912706,0.0065968405,0.0039343867,0.0016666643,0.00023187087,-0.00021519756,0.00013458969,0.0008544922,0.001488404,0.0017224478,03-01-06-01-02-01-07.wav
1240,/Users/upendrasuryajonnalagadda/mindseye/Audio_Speech_Actors_01-24/Actor_07/03-01-01-01-02-01-07.wav,3,1,neutral,1,1,2,1,7,male,03-01-01-01-02-01-07.wav,-648.194,64.6553,7.708081,12.35713,10.693769,-2.367368,-8.878729,-11.402903,-1.4164186,-5.5561256,-5.2749014,-2.9594555,0.7040225,-0.052780494,0.3131516,0.21640842,-0.04238651,0.08626826,0.013771654,0.068074286,0.10333772,0.025755355,0.034685925,0.042143844,0.09509418,-0.033961184,03-01-01-01-02-01-07.wav
1241,/Users/upendrasuryajonnalagadda/mindseye/Audio_Speech_Actors_01-24/Actor_07/03-01-02-01-02-02-07.wav,3,1,calm,2,1,2,2,7,male,03-01-02-01-02-02-07.wav,-683.99646,79.22825,2.368401,13.047002,12.349645,1.4710788,-4.062867,-10.716002,0.18872689,-1.5904206,-4.9322553,0.0069299773,3.6491437,0.42008224,0.33685523,0.05752744,-0.04108414,-0.02403339,0.022956474,-0.006083831,-0.07364158,-0.056870814,-0.049561214,-0.057710275,-0.045851566,-0.08567588,03-01-02-01-02-02-07.wav
1242,/Users/upendrasuryajonnalagadda/mindseye/Audio_Speech_Actors_01-24/Actor_07/03-01-02-02-01-02-07.wav,3,1,calm,2,2,1,2,7,male,03-01-02-02-01-02-07.wav,-651.6989,65.71329,1.668805,20.023048,8.239936,-1.4996054,-7.5002813,-16.107794,-0.74690276,-3.2699888,-4.395131,-1.1538966,1.9217893,-1.4420221,0.28440276,0.18059386,-0.24263467,-0.034385405,-0.105249025,0.016708514,0.07825689,0.0068725552,-0.021448575,-0.07601515,0.0007448453,-0.06459832,03-01-02-02-01-02-07.wav
1243,/Users/upendrasuryajonnalagadda/mindseye/Audio_Speech_Actors_01-24/Actor_07/03-01-03-01-01-01-07.wav,3,1,happy,3,1,1,1,7,male,03-01-03-01-01-01-07.wav,-651.31946,73.875595,-4.2752295,21.810318,12.825294,1.9610183,-2.8536723,-7.2183022,2.1406217,4.1174445,-0.9834156,3.0579417,5.5896344,0.57604235,0.46091157,0.04840027,-0.024692852,-0.0009342029,-0.022924714,-0.03551971,-0.014319922,-0.025929015,-0.043453936,-0.02987729,-0.046332423,-0.044925928,03-01-03-01-01-01-07.wav
1244,/Users/upendrasuryajonnalagadda/mindseye/Audio_Speech_Actors_01-24/Actor_07/03-01-03-02-02-01-07.wav,3,1,happy,3,2,2,1,7,male,03-01-03-02-02-01-07.wav,-489.06802,64.012665,-18.394392,9.183152,7.069768,-17.78734,-10.4369755,-11.667598,-11.177217,2.5710354,-9.503173,-1.5959684,0.8247963,0.33512545,0.32649887,0.061449423,-0.057032444,-0.015951004,0.023907805,-0.017154234,-0.061987273,-0.030337466,0.031123018,0.055244733,0.057710428,0.058046814,03-01-03-02-02-01-07.wav
1245,/Users/upendrasuryajonnalagadda/mindseye/Audio_Speech_Actors_01-24/Actor_07/03-01-02-01-01-01-07.wav,3,1,calm,2,1,1,1,7,male,03-01-02-01-01-01-07.wav,-692.48737,77.656525,7.499142,12.848807,14.525526,-2.322648,-4.504285,-6.7670045,3.3824642,-2.116253,-2.8210185,2.5469756,2.9055283,0.38871786,0.3848103,0.13845514,0.059125297,0.07492531,0.0934002,0.07407256,0.0378434,0.0054245885,-0.019779447,-0.00052494684,0.035663724,0.030150607,03-01-02-01-01-01-07.wav
1246,/Users/upendrasuryajonnalagadda/mindseye/Audio_Speech_Actors_01-24/Actor_07/03-01-01-01-01-02-07.wav,3,1,neutral,1,1,1,2,7,male,03-01-01-01-01-02-07.wav,-647.45294,74.718925,7.6044416,18.76212,10.770361,-2.1660209,-5.9988356,-8.206123,3.7424383,-3.104027,-2.5165565,1.2952237,4.528597,-0.51477665,0.6692934,0.2802057,-0.117057405,0.13467734,0.12230983,0.1800545,0.20753391,-0.045884546,0.0877691,0.024334695,0.014925602,-0.06231116,03-01-01-01-01-02-07.wav
1247,/Users/upendrasuryajonnalagadda/mindseye/Audio_Speech_Actors_01-24/Actor_07/03-01-02-02-02-01-07.wav,3,1,calm,2,2,2,1,7,male,03-01-02-02-02-01-07.wav,-638.9017,69.73913,9.074793,18.022198,12.298825,-0.9523774,-8.341359,-10.686602,-1.7231398,-4.183672,-2.9586039,-2.3932557,0.9252701,-0.09450813,0.45676064,0.21211751,-0.07170749,0.12921028,0.0140882265,0.074797995,0.07520203,-0.061036784,-0.031061359,-0.047609035,0.049233146,-0.048723336,03-01-02-02-02-01-07.wav
1248,/Users/upendrasuryajonnalagadda/mindseye/Audio_Speech_Actors_01-24/Actor_07/03-01-03-01-02-02-07.wav,3,1,happy,3,1,2,2,7,male,03-01-03-01-02-02-07.wav,-613.04474,72.07157,-8.338316,14.75273,7.88534,-2.3400495,-10.324597,-10.825143,-0.21125285,0.86042535,-6.8369937,1.2841066,4.6142144,0.23784964,0.50954205,0.28204355,-0.031652022,0.016457759,-0.008504336,0.08386137,0.05083313,-0.106087625,-0.06428533,0.0039091567,-0.023675691,-0.100171275,03-01-03-01-02-02-07.wav
1249,/Users/upendrasuryajonnalagadda/mindseye/Audio_Speech_Actors_01-24/Actor_07/03-01-03-02-01-02-07.wav,3,1,happy,3,2,1,2,7,male,03-01-03-02-01-02-07.wav,-434.43942,48.289837,-12.470585,13.043017,3.930115,-12.64649,-14.257565,-6.722171,-7.4910517,-0.93832606,-5.87043,-2.0011516,0.96576333,-0.37683702,0.2659019,0.16490878,-0.10994423,0.060434364,-0.0011163909,0.0874843,0.07942944,0.011434139,0.028121615,-0.021314282,-0.008772639,-0.10280442,03-01-03-02-01-02-07.wav
1250,/Users/upendrasuryajonnalagadda/mindseye/Audio_Speech_Actors_01-24/Actor_07/03-01-08-01-02-01-07.wav,3,1,surprised,8,1,2,1,7,male,03-01-08-01-02-01-07.wav,-633.84174,66.64101,13.403842,13.374286,7.1275997,-7.1679983,-3.9518266,-6.619846,0.15224543,-3.2242157,-4.4053884,1.2972035,0.100145645,0.34532174,0.39792234,0.21366204,0.089532994,0.06664053,0.071024135,0.04834815,0.02187821,0.022462564,0.028390488,0.00953714,-0.016293798,-0.018523142,03-01-08-01-02-01-07.wav
1251,/Users/upendrasuryajonnalagadda/mindseye/Audio_Speech_Actors_01-24/Actor_07/03-01-08-02-01-01-07.wav,3,1,surprised,8,2,1,1,7,male,03-01-08-02-01-01-07.wav,-494.78152,50.934666,1.8069041,9.666546,0.13705097,-9.197773,-10.612983,-8.787089,-7.7384434,-3.6977978,-5.3117404,-2.724682,-2.3354177,0.29211518,0.28760526,0.083758645,0.02454689,0.054994445,0.024019446,-0.052263487,-0.07377413,-0.043205902,-0.027328195,-0.01482483,0.032570004,0.06550406,03-01-08-02-01-01-07.wav
1252,/Users/upendrasuryajonnalagadda/mindseye/Audio_Speech_Actors_01-24/Actor_07/03-01-07-02-01-01-07.wav,3,1,disgust,7,2,1,1,7,male,03-01-07-02-01-01-07.wav,-535.6063,47.671432,4.2808676,17.18747,0.055173393,-15.273571,-1.0487901,-0.24277689,-8.968086,-4.2871633,-0.83812195,-3.9166617,-1.7932798,0.013442226,0.01906298,0.01916923,0.019196602,0.018994119,0.018452661,0.017535983,0.016276695,0.014755163,0.013081662,0.011386868,0.009808658,0.008463204,03-01-07-02-01-01-07.wav
1253,/Users/upendrasuryajonnalagadda/mindseye/Audio_Speech_Actors_01-24/Actor_07/03-01-04-02-01-02-07.wav,3,1,sad,4,2,1,2,7,male,03-01-04-02-01-02-07.wav,-600.78754,60.50648,1.6679437,12.631041,10.283223,-10.620159,-9.325543,-4.6715345,-10.275342,-1.9739679,-6.629715,-6.846422,-0.12802473,0.4424942,0.39798534,0.1017619,0.042132135,0.10815322,0.10282254,0.05927034,0.078090586,0.0660503,0.04438322,-0.019505685,-0.0022591222,0.08048553,03-01-04-02-01-02-07.wav
1254,/Users/upendrasuryajonnalagadda/mindseye/Audio_Speech_Actors_01-24/Actor_07/03-01-04-01-02-02-07.wav,3,1,sad,4,1,2,2,7,male,03-01-04-01-02-02-07.wav,-623.452,74.17573,-2.1983662,14.116749,7.7194505,-9.593446,-5.954732,-13.528625,-9.130251,-1.4461366,-7.546156,-0.27717927,0.6922592,0.29965174,0.2878547,0.051274374,-0.05471982,-0.041689456,-0.017336246,-0.040695556,-0.09172375,-0.09704779,-0.069456615,-0.056980237,-0.06174931,-0.0725851,03-01-04-01-02-02-07.wav
1255,/Users/upendrasuryajonnalagadda/mindseye/Audio_Speech_Actors_01-24/Actor_07/03-01-07-01-02-01-07.wav,3,1,disgust,7,1,2,1,7,male,03-01-07-01-02-01-07.wav,-719.8946,65.27997,15.967641,13.939168,11.110053,1.0393789,-6.039924,-2.477087,2.926788,0.20515831,0.10597994,1.0961295,2.7100232,0.26388878,0.12939884,0.05238657,-0.025094563,-0.031563163,-0.09361231,-0.121295676,-0.08246784,-0.07568456,-0.070991985,-0.05193343,-0.021835059,-0.07742807,03-01-07-01-02-01-07.wav
1256,/Users/upendrasuryajonnalagadda/mindseye/Audio_Speech_Actors_01-24/Actor_07/03-01-05-02-02-01-07.wav,3,1,angry,5,2,2,1,7,male,03-01-05-02-02-01-07.wav,-351.63287,21.150246,-21.423985,2.4456077,-0.37487057,-17.182234,-5.7201266,-9.985716,-13.259282,2.193396,-5.6408205,-4.104843,-0.094995864,-0.005807532,-0.008126106,-0.007884106,-0.007541806,-0.0071761003,-0.006868753,-0.006688727,-0.006676111,-0.006832973,-0.007123522,-0.007481506,-0.007825656,-0.008077752,03-01-05-02-02-01-07.wav
1257,/Users/upendrasuryajonnalagadda/mindseye/Audio_Speech_Actors_01-24/Actor_07/03-01-06-02-02-02-07.wav,3,1,fearful,6,2,2,2,7,male,03-01-06-02-02-02-07.wav,-453.80267,23.709328,-15.452321,-2.5374978,-4.80542,-17.741163,-11.553603,-14.983117,-9.891551,-5.2485776,-7.269604,-1.6898137,-3.807063,0.008075032,0.011140785,0.0108227,0.010939718,0.010963971,0.010541701,0.010305897,0.010592997,0.01076483,0.01055936,0.010615229,0.011069184,0.011203703,03-01-06-02-02-02-07.wav
1258,/Users/upendrasuryajonnalagadda/mindseye/Audio_Speech_Actors_01-24/Actor_07/03-01-06-01-01-02-07.wav,3,1,fearful,6,1,1,2,7,male,03-01-06-01-01-02-07.wav,-632.5396,54.31383,-7.0982594,7.887507,5.3967805,-10.248753,-13.12009,-12.843887,-10.576144,-1.1163833,-6.085366,-5.7372327,0.87053734,0.093555376,0.11273077,0.06680654,0.022896811,-0.002010156,-0.01107351,-0.012624033,-0.014891264,-0.022256473,-0.02742929,-0.023362424,-0.01783563,-0.015866533,03-01-06-01-01-02-07.wav
1259,/Users/upendrasuryajonnalagadda/mindseye/Audio_Speech_Actors_01-24/Actor_07/03-01-05-01-01-01-07.wav,3,1,angry,5,1,1,1,7,male,03-01-05-01-01-01-07.wav,-514.1966,49.5024,-8.296544,14.323765,6.689875,-7.830781,0.6107287,-10.37409,-4.7427053,4.1673,-1.0342565,-3.3966594,7.795166,0.13058719,0.17222242,0.14192088,0.10900137,0.08503847,0.07163965,0.063874744,0.05743801,0.05168233,0.04740296,0.044125002,0.040431727,0.03598922,03-01-05-01-01-01-07.wav
1260,/Users/upendrasuryajonnalagadda/mindseye/Audio_Speech_Actors_01-24/Actor_06/03-01-01-01-02-02-06.wav,3,1,neutral,1,1,2,2,6,female,03-01-01-01-02-02-06.wav,-710.5711,53.051273,-14.801418,8.403964,-0.16601409,-10.802906,-11.535567,-10.901442,-6.1201296,0.14787795,-8.3742285,-2.5629935,-5.523456,0.29684818,0.28505075,0.11596585,0.048931915,0.041796155,0.04371556,0.042268764,0.033717673,0.02587732,0.032207835,0.023109794,-0.008179469,-0.006016699,03-01-01-01-02-02-06.wav
1261,/Users/upendrasuryajonnalagadda/mindseye/Audio_Speech_Actors_01-24/Actor_06/03-01-02-01-02-01-06.wav,3,1,calm,2,1,2,1,6,female,03-01-02-01-02-01-06.wav,-699.43115,64.44927,-4.012507,5.07022,4.282751,-6.839473,-19.00791,-12.2518425,-3.122242,4.5190306,-6.253594,-5.268788,-5.2041097,0.45222208,0.2824185,0.11255267,0.047968686,0.051380955,0.028226875,0.008153372,0.016867531,0.05527941,0.011763528,-0.02129705,0.0072539155,-0.015252967,03-01-02-01-02-01-06.wav
1262,/Users/upendrasuryajonnalagadda/mindseye/Audio_Speech_Actors_01-24/Actor_06/03-01-02-02-01-01-06.wav,3,1,calm,2,2,1,1,6,female,03-01-02-02-01-01-06.wav,-698.56964,52.51681,-9.7409935,11.873466,4.272354,-11.44193,-14.926325,-9.880668,-0.09415396,-1.6417108,-5.088742,-3.0375338,-6.408349,0.22682118,0.21474707,0.034497112,-0.016282374,0.054432373,-0.039083403,-0.06447709,0.016019398,0.050099775,0.04925797,0.062063895,-0.0004171096,0.00070669234,03-01-02-02-01-01-06.wav
1263,/Users/upendrasuryajonnalagadda/mindseye/Audio_Speech_Actors_01-24/Actor_06/03-01-03-01-01-02-06.wav,3,1,happy,3,1,1,2,6,female,03-01-03-01-01-02-06.wav,-573.9299,41.64294,-50.23238,7.408246,-2.8475814,-24.291723,-15.487392,-16.604845,-10.643718,5.517235,-17.061312,-3.2783082,-5.3733773,0.018923832,0.016134653,-0.00033315024,-0.0030776905,-0.00072365004,-0.011048855,-0.026435522,-0.026504297,-0.014402414,-0.011083297,-0.018535566,-0.018030057,-0.005101986,03-01-03-01-01-02-06.wav
1264,/Users/upendrasuryajonnalagadda/mindseye/Audio_Speech_Actors_01-24/Actor_06/03-01-03-02-02-02-06.wav,3,1,happy,3,2,2,2,6,female,03-01-03-02-02-02-06.wav,-441.92703,20.755121,-47.170673,-3.99528,-4.296935,-25.527172,-18.921124,-12.233521,-10.756468,3.7313976,-11.2838745,4.7141366,13.839013,0.2946036,0.040142626,-0.032660168,0.11111265,0.055731356,0.0062743947,-0.0058794757,0.023867765,-0.012238453,0.05339859,0.00395633,-0.003814147,0.045935508,03-01-03-02-02-02-06.wav
1265,/Users/upendrasuryajonnalagadda/mindseye/Audio_Speech_Actors_01-24/Actor_06/03-01-08-01-01-01-06.wav,3,1,surprised,8,1,1,1,6,female,03-01-08-01-01-01-06.wav,-732.39526,54.986607,-10.176512,3.2443967,-1.1978983,-8.032019,-9.451846,-9.335159,-3.9941406,-0.3777896,-6.6957603,-2.9512951,-5.9812937,0.09489594,0.0647256,-0.015706962,-0.026598958,-0.047875583,-0.08439776,-0.08583978,-0.07022483,-0.074246205,-0.074225634,-0.061340045,-0.041778047,-0.01328655,03-01-08-01-01-01-06.wav
1266,/Users/upendrasuryajonnalagadda/mindseye/Audio_Speech_Actors_01-24/Actor_06/03-01-08-02-02-01-06.wav,3,1,surprised,8,2,2,1,6,female,03-01-08-02-02-01-06.wav,-591.6237,32.50254,-23.604517,-1.3301809,-4.1097383,-17.185587,-13.511535,-17.001339,-5.2235236,0.021317702,-11.65762,-2.3003814,-3.9318638,-0.06263957,-0.0858595,-0.07837821,-0.06808899,-0.05775043,-0.05021534,-0.047575783,-0.050461963,-0.057804447,-0.067207925,-0.07578939,-0.08110766,-0.08180095,03-01-08-02-02-01-06.wav
1267,/Users/upendrasuryajonnalagadda/mindseye/Audio_Speech_Actors_01-24/Actor_06/03-01-04-02-02-02-06.wav,3,1,sad,4,2,2,2,6,female,03-01-04-02-02-02-06.wav,-559.1688,26.109644,-33.18177,2.905165,-6.3301897,-26.76463,-15.503424,-19.772926,-11.748393,8.572304,-16.754896,-2.2517078,-0.80227554,0.0024393017,0.0028719518,0.0013353633,-0.00071533246,-0.0029034992,-0.005138704,-0.007560855,-0.010271884,-0.01310423,-0.015638217,-0.01746422,-0.018466204,-0.01888273,03-01-04-02-02-02-06.wav
1268,/Users/upendrasuryajonnalagadda/mindseye/Audio_Speech_Actors_01-24/Actor_06/03-01-07-02-02-01-06.wav,3,1,disgust,7,2,2,1,6,female,03-01-07-02-02-01-06.wav,-606.1093,49.37549,-14.719982,1.4098037,-2.9827194,-14.225357,-15.782128,-6.491744,-5.2139487,-2.1775255,-10.718266,-0.45512393,-6.772619,0.11435866,0.09768602,-0.0021818972,-0.019709883,0.0022835636,-0.028576117,-0.07454527,-0.05081429,0.005470495,0.0010022898,-0.04536886,-0.043468926,0.0039711,03-01-07-02-02-01-06.wav
1269,/Users/upendrasuryajonnalagadda/mindseye/Audio_Speech_Actors_01-24/Actor_06/03-01-07-01-01-01-06.wav,3,1,disgust,7,1,1,1,6,female,03-01-07-01-01-01-06.wav,-683.0766,57.195293,-6.289338,4.3516936,-4.7204523,-8.9980345,-15.196865,-11.978428,-6.732116,-2.780249,-5.804217,-4.6868186,-9.094305,0.40538985,0.24106881,0.015893444,0.0031838196,-0.0076013906,-0.008821462,0.0066474765,-0.014549905,-0.00022993024,-0.0074766707,-0.028304446,-0.044059712,-0.027237348,03-01-07-01-01-01-06.wav
1270,/Users/upendrasuryajonnalagadda/mindseye/Audio_Speech_Actors_01-24/Actor_06/03-01-04-01-01-02-06.wav,3,1,sad,4,1,1,2,6,female,03-01-04-01-01-02-06.wav,-727.0622,55.815666,-10.316249,15.540366,4.3620553,-10.232832,-12.886127,-10.294194,-2.2895532,0.4342896,-7.1445436,-4.9117246,-2.1864586,0.1467246,0.36826652,0.04026046,-0.100432664,0.17397606,-0.122697845,0.032845557,0.092707366,-0.097729154,0.13386168,-0.024973866,-0.077503905,0.046300504,03-01-04-01-01-02-06.wav
1271,/Users/upendrasuryajonnalagadda/mindseye/Audio_Speech_Actors_01-24/Actor_06/03-01-06-02-01-02-06.wav,3,1,fearful,6,2,1,2,6,female,03-01-06-02-01-02-06.wav,-376.2241,5.6681514,-49.888973,-12.137797,-16.2629,-22.261307,-18.829643,-3.7612329,-4.001686,20.48812,11.183813,6.042255,1.8064857,-0.05496646,0.021874156,0.08242651,0.0072526564,-0.0015717897,0.007392101,-0.0014777061,0.00047678978,-0.058584508,-0.06459221,0.027717443,0.032168876,-0.011224123,03-01-06-02-01-02-06.wav
1272,/Users/upendrasuryajonnalagadda/mindseye/Audio_Speech_Actors_01-24/Actor_06/03-01-05-02-01-01-06.wav,3,1,angry,5,2,1,1,6,female,03-01-05-02-01-01-06.wav,-351.48755,23.282288,-43.678757,-9.904858,-13.166671,-19.746656,-8.774983,-12.824528,-8.449241,4.692501,-1.1871107,10.387512,10.245672,-0.0007162148,-0.0010128776,-0.0010126836,-0.0010123495,-0.0010117999,-0.0010110887,-0.0010102644,-0.0010092568,-0.0010081361,-0.0010068538,-0.0010053775,-0.0010038042,-0.0010020585,03-01-05-02-01-01-06.wav
1273,/Users/upendrasuryajonnalagadda/mindseye/Audio_Speech_Actors_01-24/Actor_06/03-01-05-01-02-01-06.wav,3,1,angry,5,1,2,1,6,female,03-01-05-01-02-01-06.wav,-578.7339,40.61902,-20.754139,3.0516412,-8.271964,-19.116573,-9.644246,-15.119929,-8.276416,0.9033618,-7.93471,-3.8601081,-6.731193,-0.0092053255,-0.013122978,-0.013305035,-0.013287764,-0.0129007455,-0.012243816,-0.011618027,-0.011279242,-0.011224422,-0.011195661,-0.010900571,-0.010261323,-0.00948208,03-01-05-01-02-01-06.wav
1274,/Users/upendrasuryajonnalagadda/mindseye/Audio_Speech_Actors_01-24/Actor_06/03-01-06-01-02-02-06.wav,3,1,fearful,6,1,2,2,6,female,03-01-06-01-02-02-06.wav,-653.5617,43.752323,-9.844876,4.859367,4.134323,-12.52491,-12.1888275,-11.209746,-4.371469,0.49919936,-8.905047,-5.6650763,-6.4481635,0.087732784,0.10729099,0.052363835,0.006662255,-0.007294876,-0.0048511582,-0.0012908581,-0.0026246381,-0.008637283,-0.012393181,-0.005846756,-0.004106383,-0.015424539,03-01-06-01-02-02-06.wav
1275,/Users/upendrasuryajonnalagadda/mindseye/Audio_Speech_Actors_01-24/Actor_06/03-01-08-01-02-02-06.wav,3,1,surprised,8,1,2,2,6,female,03-01-08-01-02-02-06.wav,-679.55316,56.328686,-4.6923127,5.250986,2.0243838,-13.309534,-14.036066,-11.633525,-0.39404118,1.5602883,-7.808323,-3.0974853,-2.354555,0.22120488,0.2604613,0.16847639,0.09623202,0.06804279,0.06611967,0.07262791,0.059881855,0.022589207,0.005549999,0.022900006,0.025479225,0.02370321,03-01-08-01-02-02-06.wav
1276,/Users/upendrasuryajonnalagadda/mindseye/Audio_Speech_Actors_01-24/Actor_06/03-01-08-02-01-02-06.wav,3,1,surprised,8,2,1,2,6,female,03-01-08-02-01-02-06.wav,-575.6946,34.114697,-29.312384,-5.3724422,-10.295927,-16.176697,-10.862703,-14.728642,-7.9254837,0.1857715,-8.294897,-3.6197731,-3.544848,-0.005484176,-0.006986461,-0.0052124965,-0.0036095788,-0.0030659714,-0.0035254466,-0.0041328454,-0.004028843,-0.0030978215,-0.0020306339,-0.0016662389,-0.002204686,-0.0029895469,03-01-08-02-01-02-06.wav
1277,/Users/upendrasuryajonnalagadda/mindseye/Audio_Speech_Actors_01-24/Actor_06/03-01-07-02-01-02-06.wav,3,1,disgust,7,2,1,2,6,female,03-01-07-02-01-02-06.wav,-656.6925,41.39602,-22.571152,0.587408,-11.324267,-15.276663,-12.021711,-9.284982,-6.619114,-1.6740931,-7.480578,-1.4004425,-9.116852,-0.00048128015,3.2761516e-05,8.809707e-05,-0.002060071,-0.0029186585,0.0005206613,0.005037678,0.00616636,0.005030531,0.0052399803,0.0067370106,0.007603676,0.008336112,03-01-07-02-01-02-06.wav
1278,/Users/upendrasuryajonnalagadda/mindseye/Audio_Speech_Actors_01-24/Actor_06/03-01-04-02-01-01-06.wav,3,1,sad,4,2,1,1,6,female,03-01-04-02-01-01-06.wav,-507.7749,14.442532,-37.94605,4.3505526,-2.1588025,-20.19325,-3.352006,-12.81709,-8.309452,6.7694063,-11.516565,2.6811316,5.7689323,0.008189359,0.011576097,0.011561111,0.011536367,0.011501962,0.011458219,0.011405599,0.011344517,0.011275439,0.0111989975,0.011115808,0.011026448,0.010931691,03-01-04-02-01-01-06.wav
1279,/Users/upendrasuryajonnalagadda/mindseye/Audio_Speech_Actors_01-24/Actor_06/03-01-04-01-02-01-06.wav,3,1,sad,4,1,2,1,6,female,03-01-04-01-02-01-06.wav,-714.11346,49.50808,-4.2954392,1.1246487,-1.2677304,-10.522167,-12.540991,-13.639496,-6.916057,-2.0840197,-7.024113,-3.2841487,-5.498889,0.00012207031,0.0037425233,0.011244456,0.016947543,0.018313129,0.015889918,0.010320358,0.0028886413,-0.0029012808,-0.0045351284,-0.0046374705,-0.007815781,-0.013344612,03-01-04-01-02-01-06.wav
1280,/Users/upendrasuryajonnalagadda/mindseye/Audio_Speech_Actors_01-24/Actor_06/03-01-07-01-02-02-06.wav,3,1,disgust,7,1,2,2,6,female,03-01-07-01-02-02-06.wav,-723.3554,42.344654,0.50679713,-1.9785969,-0.20297493,-7.216157,-17.553532,-10.01415,-2.8476121,-4.103619,-10.0384245,-0.9944596,-5.8834476,0.21683206,0.19937408,0.057511263,0.00062282785,0.047542702,0.034418084,0.0060522975,0.01648531,0.019417286,0.012560115,0.0062493943,0.026066875,0.029675573,03-01-07-01-02-02-06.wav
1281,/Users/upendrasuryajonnalagadda/mindseye/Audio_Speech_Actors_01-24/Actor_06/03-01-05-02-02-02-06.wav,3,1,angry,5,2,2,2,6,female,03-01-05-02-02-02-06.wav,-379.7553,19.31459,-36.0883,-6.242816,-11.75388,-18.160234,-3.849696,-13.729935,-11.142831,0.019437958,-10.4465475,-0.6033965,7.2613397,-0.032158293,-0.030389914,-0.006481724,-0.00073926063,-0.0026711677,0.008289633,0.02059436,0.012051192,-0.008575193,-0.016345927,-0.009906779,-0.0057667745,-0.006804926,03-01-05-02-02-02-06.wav
1282,/Users/upendrasuryajonnalagadda/mindseye/Audio_Speech_Actors_01-24/Actor_06/03-01-06-02-02-01-06.wav,3,1,fearful,6,2,2,1,6,female,03-01-06-02-02-01-06.wav,-394.1578,8.820122,-45.1075,-12.44744,-13.336454,-24.763163,-22.584335,-11.099389,-10.843486,13.573784,0.3286639,6.8428206,13.275074,-0.16361137,-0.08978571,0.031816803,-0.025167631,-0.0386827,0.0076845298,0.07708132,0.08513927,-0.03221121,-0.054105867,0.07233355,0.07183819,-0.035346836,03-01-06-02-02-01-06.wav
1283,/Users/upendrasuryajonnalagadda/mindseye/Audio_Speech_Actors_01-24/Actor_06/03-01-06-01-01-01-06.wav,3,1,fearful,6,1,1,1,6,female,03-01-06-01-01-01-06.wav,-677.82074,46.53548,-11.327108,3.4127252,3.1690521,-9.58525,-8.924841,-9.855503,-3.4450173,0.9050079,-7.7689342,-4.1752715,-5.2429214,-0.59648514,-0.012184095,0.3525859,-0.112327926,-0.058918376,0.13436182,0.0070629455,0.02666484,-0.08480615,-0.16917259,0.009071235,0.083455496,-0.020724388,03-01-06-01-01-01-06.wav
1284,/Users/upendrasuryajonnalagadda/mindseye/Audio_Speech_Actors_01-24/Actor_06/03-01-05-01-01-02-06.wav,3,1,angry,5,1,1,2,6,female,03-01-05-01-01-02-06.wav,-613.15173,53.818966,-9.018339,14.973305,-1.4467235,-9.699907,-7.290907,-9.399537,-5.9128346,2.2141192,-3.7553644,-1.4445121,-4.1356792,0.3124544,0.36499384,0.19793239,0.049513318,-0.03565214,-0.06614311,-0.057054438,-0.030670071,-0.008437079,0.0067528845,0.020282667,0.036273297,0.049404312,03-01-05-01-01-02-06.wav
1285,/Users/upendrasuryajonnalagadda/mindseye/Audio_Speech_Actors_01-24/Actor_06/03-01-02-01-01-02-06.wav,3,1,calm,2,1,1,2,6,female,03-01-02-01-01-02-06.wav,-722.12714,54.29466,-5.9690247,9.02107,6.2974825,-8.623025,-17.869726,-12.482069,-1.6699972,1.1028706,-6.4406047,-6.8317018,-5.684165,-0.3343617,0.1897637,0.2606165,-0.07294814,0.0640063,0.03679227,0.035699908,0.046709746,-0.085301526,-0.11426805,0.059070922,0.11070218,-0.074157976,03-01-02-01-01-02-06.wav
1286,/Users/upendrasuryajonnalagadda/mindseye/Audio_Speech_Actors_01-24/Actor_06/03-01-01-01-01-01-06.wav,3,1,neutral,1,1,1,1,6,female,03-01-01-01-01-01-06.wav,-736.0868,50.89171,-18.464659,8.632231,0.63062984,-10.233562,-8.63306,-9.96855,-7.245039,0.26921877,-6.277717,-3.4392781,-7.3254495,0.1632841,0.12840621,-0.018291341,-0.024549045,-0.01072167,-0.030817866,-0.03904381,-0.042084005,-0.0600674,-0.06603971,-0.0583581,-0.0646781,-0.043049864,03-01-01-01-01-01-06.wav
1287,/Users/upendrasuryajonnalagadda/mindseye/Audio_Speech_Actors_01-24/Actor_06/03-01-02-02-02-02-06.wav,3,1,calm,2,2,2,2,6,female,03-01-02-02-02-02-06.wav,-729.11646,62.31869,0.21002167,2.4254901,0.9128326,-6.5711746,-13.285455,-10.275111,-5.339099,0.9466541,-3.034445,-6.375654,-8.305277,0.20365572,0.22505178,0.021094572,0.033306375,0.09710025,0.031718876,-0.041683156,-0.03760368,0.018732432,0.016709767,-0.033089958,-0.028669748,0.001172288,03-01-02-02-02-02-06.wav
1288,/Users/upendrasuryajonnalagadda/mindseye/Audio_Speech_Actors_01-24/Actor_06/03-01-03-01-02-01-06.wav,3,1,happy,3,1,2,1,6,female,03-01-03-01-02-01-06.wav,-646.7023,44.627403,-31.921175,7.449852,-4.3590527,-18.03013,-13.933757,-16.59844,-6.4042544,0.6523883,-14.55373,-2.6133525,-5.1299877,1.1915796,0.21197715,-0.24904403,0.07428373,0.092611566,-0.031731464,-0.15341076,-0.07813679,0.030676536,-0.09390254,-0.07293391,-0.04900116,-0.060955796,03-01-03-01-02-01-06.wav
1289,/Users/upendrasuryajonnalagadda/mindseye/Audio_Speech_Actors_01-24/Actor_06/03-01-03-02-01-01-06.wav,3,1,happy,3,2,1,1,6,female,03-01-03-02-01-01-06.wav,-427.75732,15.81041,-52.225025,-4.7078943,-3.9109015,-18.926865,-24.123531,-9.719073,-15.200921,11.464634,0.27211857,14.480455,18.660755,0.027692378,0.04958904,0.010596572,-0.0032403334,0.027801083,0.031641196,0.0043063383,-0.0074738003,0.03035376,0.03494774,0.029188914,-0.010024418,-0.00607032,03-01-03-02-01-01-06.wav
1290,/Users/upendrasuryajonnalagadda/mindseye/Audio_Speech_Actors_01-24/Actor_06/03-01-08-02-02-02-06.wav,3,1,surprised,8,2,2,2,6,female,03-01-08-02-02-02-06.wav,-578.7569,34.27308,-22.334126,-8.80502,-4.363685,-17.305048,-11.619077,-18.277882,-6.7500787,1.9375818,-11.027574,-7.6978354,-3.639272,0.011438342,0.015911752,0.015191023,0.014170121,0.012978025,0.011638696,0.010095734,0.008314921,0.006373074,0.004452166,0.0027421592,0.0013334786,0.0001910493,03-01-08-02-02-02-06.wav
1291,/Users/upendrasuryajonnalagadda/mindseye/Audio_Speech_Actors_01-24/Actor_06/03-01-08-01-01-02-06.wav,3,1,surprised,8,1,1,2,6,female,03-01-08-01-01-02-06.wav,-706.4529,48.765984,-13.521224,0.9787987,-3.0387871,-11.408022,-9.769102,-13.9277115,-5.20407,-1.6517853,-9.948383,-2.892572,-6.7896767,0.3247964,0.35217232,0.17571607,0.10679441,0.112170465,0.09792887,0.06655596,0.061272737,0.07524151,0.062448602,0.03245182,0.024813479,0.02890266,03-01-08-01-01-02-06.wav
1292,/Users/upendrasuryajonnalagadda/mindseye/Audio_Speech_Actors_01-24/Actor_06/03-01-06-01-02-01-06.wav,3,1,fearful,6,1,2,1,6,female,03-01-06-01-02-01-06.wav,-645.6575,47.710827,-17.030174,0.007801799,-1.6296839,-18.35951,-14.062272,-17.951765,-7.7520547,0.24635121,-12.008512,-5.609642,-7.3993425,0.2962932,0.20857814,0.036502592,0.07473095,-0.005394078,-0.08541043,-0.118858725,-0.122184046,-0.017120374,0.029189197,-0.04258696,-0.025479883,0.06142687,03-01-06-01-02-01-06.wav
1293,/Users/upendrasuryajonnalagadda/mindseye/Audio_Speech_Actors_01-24/Actor_06/03-01-05-01-02-02-06.wav,3,1,angry,5,1,2,2,6,female,03-01-05-01-02-02-06.wav,-541.34985,32.2259,-14.75288,2.2268865,-6.732497,-14.901286,-8.139105,-9.951652,-9.554412,0.89807606,-6.519437,-3.8885076,-4.9986386,1.8057739e-07,0.0,6.771652e-08,0.0,1.4107608e-08,-4.5144347e-08,0.0,-2.2572173e-08,0.0,0.0,0.0,5.6430434e-09,1.1286087e-08,03-01-05-01-02-02-06.wav
1294,/Users/upendrasuryajonnalagadda/mindseye/Audio_Speech_Actors_01-24/Actor_06/03-01-05-02-01-02-06.wav,3,1,angry,5,2,1,2,6,female,03-01-05-02-01-02-06.wav,-364.66458,21.62511,-41.659554,-7.0726643,-12.074263,-18.58011,-9.203848,-10.314622,-8.039837,1.8346367,-1.5252851,9.233312,9.738051,-0.20758274,-0.093680486,0.07439856,-0.012284761,-0.013064919,0.062689394,0.09523306,0.051939283,-0.057442088,-0.05431021,0.0298001,0.005154086,-0.013789554,03-01-05-02-01-02-06.wav
1295,/Users/upendrasuryajonnalagadda/mindseye/Audio_Speech_Actors_01-24/Actor_06/03-01-06-02-01-01-06.wav,3,1,fearful,6,2,1,1,6,female,03-01-06-02-01-01-06.wav,-375.76205,10.333246,-55.78422,-11.231371,-15.705115,-18.73719,-25.929207,-9.953243,-6.811568,17.336304,6.977476,12.280225,15.012843,0.1907164,0.02944967,0.055600695,-0.011255301,-0.077560425,-0.047200877,-0.038555965,-0.025576433,-0.18265946,0.06754272,-0.02630309,-0.012622202,0.024301274,03-01-06-02-01-01-06.wav
1296,/Users/upendrasuryajonnalagadda/mindseye/Audio_Speech_Actors_01-24/Actor_06/03-01-04-01-01-01-06.wav,3,1,sad,4,1,1,1,6,female,03-01-04-01-01-01-06.wav,-748.2751,52.651924,-1.3787141,11.587991,3.9418025,-4.429444,-11.34843,-8.3197565,-3.8007777,0.7020114,-2.975342,-3.0051806,-3.722974,0.18290216,0.17762277,0.09725281,0.046775024,0.011715511,0.021703415,-0.0013128163,-0.006530474,0.0014984569,0.0022605225,-0.0031456824,-0.023868242,-0.0281793,03-01-04-01-01-01-06.wav
1297,/Users/upendrasuryajonnalagadda/mindseye/Audio_Speech_Actors_01-24/Actor_06/03-01-07-01-01-02-06.wav,3,1,disgust,7,1,1,2,6,female,03-01-07-01-01-02-06.wav,-714.337,45.342445,-3.3032212,11.051666,-2.1978219,-3.373647,-10.406924,-8.678525,-2.6209805,2.3993404,-6.4439855,-1.8327467,-3.3744745,0.26938066,0.13474034,-0.10717925,-0.0091804275,0.0073652165,-0.04742244,-0.10366353,-0.121047,-0.06144076,-0.02270823,-0.04836335,-0.058502782,-0.022738902,03-01-07-01-01-02-06.wav
1298,/Users/upendrasuryajonnalagadda/mindseye/Audio_Speech_Actors_01-24/Actor_06/03-01-07-02-02-02-06.wav,3,1,disgust,7,2,2,2,6,female,03-01-07-02-02-02-06.wav,-646.13,49.39429,2.1531959,3.3594522,-1.6527969,-6.200443,-7.691568,-0.9645867,-1.6215777,3.0812685,0.24373595,4.6002965,0.1694911,0.2256963,0.27973446,0.1810746,0.06789852,-0.019824522,-0.066348255,-0.07757253,-0.06639247,-0.04243652,-0.011840477,0.018900562,0.041865733,0.050454106,03-01-07-02-02-02-06.wav
1299,/Users/upendrasuryajonnalagadda/mindseye/Audio_Speech_Actors_01-24/Actor_06/03-01-04-02-02-01-06.wav,3,1,sad,4,2,2,1,6,female,03-01-04-02-02-01-06.wav,-514.46185,27.29788,-20.663517,-2.7806127,-8.103601,-16.992455,-7.1249876,-13.565977,-7.092171,0.29886484,-13.811729,-5.5656724,2.603139,1.5335466e-07,8.6261997e-07,7.8594263e-07,7.76358e-07,6.9488834e-07,6.230033e-07,5.4632596e-07,4.6964865e-07,3.8338666e-07,2.7795534e-07,1.9648566e-07,6.7092664e-08,-1.9169333e-08,03-01-04-02-02-01-06.wav
1300,/Users/upendrasuryajonnalagadda/mindseye/Audio_Speech_Actors_01-24/Actor_06/03-01-03-02-02-01-06.wav,3,1,happy,3,2,2,1,6,female,03-01-03-02-02-01-06.wav,-455.86865,9.776974,-50.191082,-5.843604,-7.6837373,-23.714895,-17.726625,-14.577716,-12.85008,3.274386,-10.852058,6.9530416,15.088049,-0.0047686687,-0.0067430222,-0.006740223,-0.0067356033,-0.00672912,-0.0067208526,-0.006710548,-0.0066984845,-0.0066846376,-0.006668995,-0.006651544,-0.006632223,-0.0066112545,03-01-03-02-02-01-06.wav
1301,/Users/upendrasuryajonnalagadda/mindseye/Audio_Speech_Actors_01-24/Actor_06/03-01-03-01-01-01-06.wav,3,1,happy,3,1,1,1,6,female,03-01-03-01-01-01-06.wav,-614.2468,61.173622,-40.498077,15.648337,1.4935443,-23.826866,-16.221949,-13.577771,-4.0955453,0.41511527,-13.927419,-3.7257197,-2.6977549,0.10771429,0.085503176,0.0059925155,0.017503638,0.05134736,0.02144457,-0.019814635,-0.012130239,0.022995973,0.025715329,-0.023601383,-0.017141862,0.024108587,03-01-03-01-01-01-06.wav
1302,/Users/upendrasuryajonnalagadda/mindseye/Audio_Speech_Actors_01-24/Actor_06/03-01-02-02-01-02-06.wav,3,1,calm,2,2,1,2,6,female,03-01-02-02-01-02-06.wav,-708.6624,52.639084,-5.304446,9.08978,1.9176795,-9.410091,-13.678144,-9.7122135,-0.07851234,-1.2277015,-5.207504,-6.14859,-5.5092735,-0.45305657,0.08106951,0.10220535,-0.08956858,0.048432346,0.11969015,0.050370008,0.007414594,-0.031908073,-0.025400525,-0.021434674,0.01822763,-0.028551808,03-01-02-02-01-02-06.wav
1303,/Users/upendrasuryajonnalagadda/mindseye/Audio_Speech_Actors_01-24/Actor_06/03-01-02-01-02-02-06.wav,3,1,calm,2,1,2,2,6,female,03-01-02-01-02-02-06.wav,-679.65686,62.071774,-8.461224,2.5809357,4.202793,-11.273902,-22.04398,-11.232704,-0.3783691,1.8081421,-10.190519,-3.7769554,-3.312509,-0.6592906,-0.10199222,0.1989796,-0.22143446,-0.055381067,0.0022350668,0.023805555,-0.012585902,-0.14099568,-0.12909503,-0.015462126,0.05907461,-0.10349666,03-01-02-01-02-02-06.wav
1304,/Users/upendrasuryajonnalagadda/mindseye/Audio_Speech_Actors_01-24/Actor_06/03-01-01-01-02-01-06.wav,3,1,neutral,1,1,2,1,6,female,03-01-01-01-02-01-06.wav,-704.21606,50.68633,-11.04975,9.263934,0.47050372,-8.964568,-10.850555,-9.529205,-5.836636,1.5158615,-6.5852017,-1.3031588,-3.9353359,0.6310562,0.34052262,0.08896224,0.06078671,0.0488372,0.032799467,0.04526071,0.06473935,-0.0013293182,0.04554837,0.013841447,-0.008543976,-0.020077763,03-01-01-01-02-01-06.wav
1305,/Users/upendrasuryajonnalagadda/mindseye/Audio_Speech_Actors_01-24/Actor_06/03-01-03-02-01-02-06.wav,3,1,happy,3,2,1,2,6,female,03-01-03-02-01-02-06.wav,-459.32068,13.444444,-49.441086,-5.7993717,-7.7323895,-18.312616,-18.151405,-11.156025,-17.534197,2.9471266,-10.917785,4.1851597,15.275692,1.5258789e-05,2.1425883e-05,2.0039877e-05,1.7789205e-05,1.4724731e-05,1.1049907e-05,6.8823497e-06,2.415975e-06,-2.1616618e-06,-6.6248576e-06,-1.0808309e-05,-1.4540355e-05,-1.759847e-05,03-01-03-02-01-02-06.wav
1306,/Users/upendrasuryajonnalagadda/mindseye/Audio_Speech_Actors_01-24/Actor_06/03-01-03-01-02-02-06.wav,3,1,happy,3,1,2,2,6,female,03-01-03-01-02-02-06.wav,-614.3838,41.683403,-29.96724,7.4777093,0.20265761,-19.117033,-10.926557,-15.603345,-6.837148,3.4588442,-11.017519,-3.9077263,-2.4843004,-0.00030599505,-0.0005860809,-0.0010152727,-0.0016445442,-0.002378446,-0.0031270278,-0.0038182752,-0.0043957345,-0.0048159915,-0.005053757,-0.0051170452,-0.00505592,-0.0049540373,03-01-03-01-02-02-06.wav
1307,/Users/upendrasuryajonnalagadda/mindseye/Audio_Speech_Actors_01-24/Actor_06/03-01-02-02-02-01-06.wav,3,1,calm,2,2,2,1,6,female,03-01-02-02-02-01-06.wav,-707.62787,55.945625,1.2488133,0.69856113,0.64053786,-9.203819,-18.465292,-15.622073,-4.4644213,-1.134105,-9.300658,-7.2909713,-8.039702,-0.22338752,0.2794009,0.15988953,-0.13701163,0.022281198,0.073048696,-0.00925672,0.011960096,-0.091203414,-0.08340617,-0.0075385557,0.06985882,-0.03783531,03-01-02-02-02-01-06.wav
1308,/Users/upendrasuryajonnalagadda/mindseye/Audio_Speech_Actors_01-24/Actor_06/03-01-01-01-01-02-06.wav,3,1,neutral,1,1,1,2,6,female,03-01-01-01-01-02-06.wav,-697.0333,52.721966,-18.3946,13.298957,-0.0799642,-12.791262,-9.582618,-9.804232,-3.5838494,1.7724875,-5.053646,-0.6990579,-6.310236,0.052840013,0.06034851,0.034276426,0.0149721,-0.001236665,-0.015557194,-0.02167766,-0.022230238,-0.026504021,-0.027524691,-0.011514101,0.0052985963,0.0026162588,03-01-01-01-01-02-06.wav
1309,/Users/upendrasuryajonnalagadda/mindseye/Audio_Speech_Actors_01-24/Actor_06/03-01-02-01-01-01-06.wav,3,1,calm,2,1,1,1,6,female,03-01-02-01-01-01-06.wav,-727.5514,46.937634,-3.4761486,9.773694,4.917168,-9.099193,-16.531698,-8.444364,-2.729411,-0.7322741,-6.269356,-5.909162,-6.685888,0.028482547,0.056320257,0.015927304,0.0104228,0.016289448,0.005972358,-0.003606851,-0.017503552,-0.013903124,-0.0052983845,-0.026728405,-0.040306915,-0.011462639,03-01-02-01-01-01-06.wav
1310,/Users/upendrasuryajonnalagadda/mindseye/Audio_Speech_Actors_01-24/Actor_06/03-01-08-02-01-01-06.wav,3,1,surprised,8,2,1,1,6,female,03-01-08-02-01-01-06.wav,-685.1561,58.81702,-14.848517,9.240658,-0.7601463,-15.956421,-12.699199,-11.794307,0.7118609,-1.8172218,-9.429703,-4.685001,-6.398555,-0.19661713,-0.084622845,0.030217417,-0.08861823,-0.07510673,-0.023807893,-0.04305106,-0.06713312,-0.07981102,-0.044094466,-0.01669926,-0.043389484,-0.031664353,03-01-08-02-01-01-06.wav
1311,/Users/upendrasuryajonnalagadda/mindseye/Audio_Speech_Actors_01-24/Actor_06/03-01-08-01-02-01-06.wav,3,1,surprised,8,1,2,1,6,female,03-01-08-01-02-01-06.wav,-685.8698,45.726303,-9.697616,-2.5628428,-3.474418,-12.54176,-12.430642,-12.73432,-4.1051908,-0.95997477,-9.583192,-3.0270195,-7.542216,0.08744436,0.11519269,0.09374902,0.06798235,0.045257755,0.028449127,0.016409833,0.0066949525,-0.0015781514,-0.0069757476,-0.007772487,-0.0045694266,-0.00015020026,03-01-08-01-02-01-06.wav
1312,/Users/upendrasuryajonnalagadda/mindseye/Audio_Speech_Actors_01-24/Actor_06/03-01-05-01-01-01-06.wav,3,1,angry,5,1,1,1,6,female,03-01-05-01-01-01-06.wav,-620.1191,40.45414,-18.601866,7.925742,-3.843255,-11.310838,-9.179123,-10.090404,-5.70887,-0.4043786,-7.405224,-3.9531586,-3.3518887,0.004183342,0.004563478,0.0014684127,-0.0012885134,-0.0022545913,-0.0017918546,-0.0017014632,-0.00361614,-0.007543441,-0.01180719,-0.014431056,-0.014775619,-0.014027052,03-01-05-01-01-01-06.wav
1313,/Users/upendrasuryajonnalagadda/mindseye/Audio_Speech_Actors_01-24/Actor_06/03-01-06-01-01-02-06.wav,3,1,fearful,6,1,1,2,6,female,03-01-06-01-01-02-06.wav,-652.2811,49.77189,-22.734543,10.348046,3.9551575,-12.011139,-9.543407,-14.920105,-3.1872115,4.605555,-9.837167,-6.9655604,-0.28589728,0.13419029,0.124111995,0.15432362,-0.03676556,-0.032202203,0.02258729,-0.055216346,0.020105816,0.02156677,-0.077112176,0.020106258,0.068236664,-0.051180232,03-01-06-01-01-02-06.wav
1314,/Users/upendrasuryajonnalagadda/mindseye/Audio_Speech_Actors_01-24/Actor_06/03-01-06-02-02-02-06.wav,3,1,fearful,6,2,2,2,6,female,03-01-06-02-02-02-06.wav,-334.81918,10.201432,-48.19265,-20.430021,-12.76998,-20.476168,-17.76642,-0.37109223,-0.29349646,24.083012,6.11078,-2.6768675,5.962263,0.3607481,-0.024562921,-0.061827667,0.016207179,0.02915264,-0.017874628,-0.13171242,-0.031053845,0.0010163533,0.06331711,-0.01907806,-0.11024563,0.09170443,03-01-06-02-02-02-06.wav
1315,/Users/upendrasuryajonnalagadda/mindseye/Audio_Speech_Actors_01-24/Actor_06/03-01-05-02-02-01-06.wav,3,1,angry,5,2,2,1,6,female,03-01-05-02-02-01-06.wav,-370.06357,20.48599,-34.419662,-11.536446,-12.797208,-21.496017,-6.0878196,-12.96151,-10.379996,1.70296,-9.984507,-1.2272652,1.6437942,-0.003424565,-0.0048427978,-0.0048416853,-0.004839907,-0.004837369,-0.004834056,-0.0048300647,-0.0048253336,-0.00481989,-0.004813691,-0.004806774,-0.0047991327,-0.004790773,03-01-05-02-02-01-06.wav
1316,/Users/upendrasuryajonnalagadda/mindseye/Audio_Speech_Actors_01-24/Actor_06/03-01-07-01-02-01-06.wav,3,1,disgust,7,1,2,1,6,female,03-01-07-01-02-01-06.wav,-760.7073,43.23903,7.3998494,-2.150902,-2.9714215,-2.1468842,-16.688158,-7.573629,-4.6196613,-1.7917435,-6.4482355,-1.5103688,-5.909223,0.4424033,0.29235798,0.0954642,0.009594663,0.061668407,0.100254074,0.04558998,0.025616374,0.035828713,0.056238484,0.039380796,0.024349036,0.049810372,03-01-07-01-02-01-06.wav
1317,/Users/upendrasuryajonnalagadda/mindseye/Audio_Speech_Actors_01-24/Actor_06/03-01-04-01-02-02-06.wav,3,1,sad,4,1,2,2,6,female,03-01-04-01-02-02-06.wav,-743.1232,53.72402,-2.6473987,2.6727574,1.937209,-8.898521,-13.272689,-11.373473,-5.6751847,-0.24744415,-6.451387,-3.0061588,-4.756922,0.44309393,0.35050115,0.14284092,0.10344349,0.11000635,0.04250825,0.040421594,0.02647519,0.039323524,0.0516301,0.043249324,0.028540425,0.014481794,03-01-04-01-02-02-06.wav
1318,/Users/upendrasuryajonnalagadda/mindseye/Audio_Speech_Actors_01-24/Actor_06/03-01-04-02-01-02-06.wav,3,1,sad,4,2,1,2,6,female,03-01-04-02-01-02-06.wav,-696.2595,35.222622,-15.295753,4.25272,-4.7829657,-15.927985,-9.556318,-14.188618,-5.7147374,5.33301,-6.501,-0.23208633,0.92420673,-0.25086173,-0.32689264,-0.182381,-0.07634167,-0.12928657,-0.085545644,-0.007117347,-0.072191134,-0.08676067,-0.04006468,-0.043762192,-0.01931657,-0.019272843,03-01-04-02-01-02-06.wav
1319,/Users/upendrasuryajonnalagadda/mindseye/Audio_Speech_Actors_01-24/Actor_06/03-01-07-02-01-01-06.wav,3,1,disgust,7,2,1,1,6,female,03-01-07-02-01-01-06.wav,-557.968,28.739578,-19.281618,2.699189,-11.6604185,-18.24449,-11.898902,-8.231114,-8.804026,-1.2721541,-7.936022,-6.79675,-8.188657,-0.02661461,-0.012806554,0.014661635,0.007536642,0.0018037622,0.014143072,0.02819133,0.029780695,0.012430232,0.0033296668,0.020893283,0.02526231,0.0035119723,03-01-07-02-01-01-06.wav
1320,/Users/upendrasuryajonnalagadda/mindseye/Audio_Speech_Actors_01-24/Actor_01/03-01-08-02-02-01-01.wav,3,1,surprised,8,2,2,1,1,male,03-01-08-02-02-01-01.wav,-592.51135,45.14188,-4.394385,7.735556,0.5503257,-4.1455994,-6.748184,-9.417959,-14.750461,-2.5515637,-2.767845,-5.6659083,-0.9816044,0.0,-2.5262896e-08,0.0,0.0,7.894655e-09,0.0,-1.2631448e-08,1.2631448e-08,1.2631448e-08,0.0,-6.315724e-09,0.0,6.315724e-09,03-01-08-02-02-01-01.wav
1321,/Users/upendrasuryajonnalagadda/mindseye/Audio_Speech_Actors_01-24/Actor_01/03-01-08-01-01-01-01.wav,3,1,surprised,8,1,1,1,1,male,03-01-08-01-01-01-01.wav,-660.50183,52.980663,-0.44145453,8.232829,4.5118365,-2.5249932,-6.031237,-6.618407,-9.726553,-5.8924103,-0.2597242,-5.319383,-0.80951935,0.0,0.0,-3.2437901e-09,0.0,0.0,1.29751605e-08,-1.29751605e-08,0.0,-6.4875803e-09,0.0,6.4875803e-09,1.6218951e-09,-3.2437901e-09,03-01-08-01-01-01-01.wav
1322,/Users/upendrasuryajonnalagadda/mindseye/Audio_Speech_Actors_01-24/Actor_01/03-01-05-01-02-01-01.wav,3,1,angry,5,1,2,1,1,male,03-01-05-01-02-01-01.wav,-570.9829,45.415054,-1.5627903,11.880344,-0.43858024,-1.7890209,-5.26024,-6.6141477,-13.445087,-4.125199,-3.681512,-4.405502,-1.0022496,-0.0052716588,-0.005965479,-0.0025367737,0.0011757604,0.0048872037,0.009012753,0.012724485,0.014258605,0.013134559,0.010669954,0.008000993,0.0049127536,0.0012490102,03-01-05-01-02-01-01.wav
1323,/Users/upendrasuryajonnalagadda/mindseye/Audio_Speech_Actors_01-24/Actor_01/03-01-06-01-02-02-01.wav,3,1,fearful,6,1,2,2,1,male,03-01-06-01-02-02-01.wav,-624.02625,60.417793,-3.3307755,15.390852,6.7717643,-0.058078505,-3.9153352,-10.592283,-10.528063,-0.66487485,-0.90128005,-1.2349017,0.28941718,0.0071588517,0.010094213,0.010005211,0.009857798,0.009653354,0.009394455,0.009085035,0.008730793,0.008339047,0.007918894,0.00748046,0.0070346356,0.0065922113,03-01-06-01-02-02-01.wav
1324,/Users/upendrasuryajonnalagadda/mindseye/Audio_Speech_Actors_01-24/Actor_01/03-01-06-02-01-02-01.wav,3,1,fearful,6,2,1,2,1,male,03-01-06-02-01-02-01.wav,-404.05585,42.662426,-17.537214,-3.2199833,1.9150127,-0.23162158,-11.389852,-15.012191,-17.22242,-7.2708745,-4.4906826,-9.206505,-6.413215,0.041986268,0.016576964,-0.040672157,-0.02483032,0.028719094,0.033035316,-0.020156829,-0.05094054,-0.014226804,0.023345832,0.00013589078,-0.039075997,-0.03258995,03-01-06-02-01-02-01.wav
1325,/Users/upendrasuryajonnalagadda/mindseye/Audio_Speech_Actors_01-24/Actor_01/03-01-05-02-01-01-01.wav,3,1,angry,5,2,1,1,1,male,03-01-05-02-01-01-01.wav,-349.08368,29.868893,-20.021608,0.8248058,-11.387679,-4.3352494,-12.862408,-13.475211,-13.617985,-8.423021,-5.636474,-4.9704933,-7.1078973,0.0062531726,-0.09432694,-0.07887882,-0.040945202,-0.05620669,-0.033578042,-0.01882454,-0.0078074355,-0.024278555,-0.04462312,-0.022732427,0.0072474317,0.023328306,03-01-05-02-01-01-01.wav
1326,/Users/upendrasuryajonnalagadda/mindseye/Audio_Speech_Actors_01-24/Actor_01/03-01-07-01-01-01-01.wav,3,1,disgust,7,1,1,1,1,male,03-01-07-01-01-01-01.wav,-647.6113,63.878666,-3.1636646,11.068919,3.8989284,0.49626222,-7.210091,-7.3021765,-13.785376,-4.531086,-0.6824674,-7.298968,-1.648921,0.13281323,0.10668913,-0.023787584,-0.062464274,-0.038762625,-0.030136552,-0.043604393,-0.057790466,-0.054708242,-0.030230474,-0.008091855,-0.010743329,-0.027736258,03-01-07-01-01-01-01.wav
1327,/Users/upendrasuryajonnalagadda/mindseye/Audio_Speech_Actors_01-24/Actor_01/03-01-04-01-01-02-01.wav,3,1,sad,4,1,1,2,1,male,03-01-04-01-01-02-01.wav,-699.10425,65.49692,-1.0995513,16.531912,8.523047,-0.46712247,0.1738202,-7.589049,-10.304403,-5.5254693,-1.7454497,-2.0158567,-1.7528474,0.052443862,0.05910898,0.027426781,0.0040567694,-0.000634503,0.0043729437,0.0070973556,0.0052336534,0.0033120117,0.004455133,0.0073978654,0.008745503,0.0068860427,03-01-04-01-01-02-01.wav
1328,/Users/upendrasuryajonnalagadda/mindseye/Audio_Speech_Actors_01-24/Actor_01/03-01-04-02-02-02-01.wav,3,1,sad,4,2,2,2,1,male,03-01-04-02-02-02-01.wav,-605.889,50.817352,-4.1009364,13.333532,2.3143537,-3.1249647,-6.993569,-8.871109,-15.973222,-3.851796,-1.3603265,-6.091595,0.43329066,-1.8955018e-07,-9.477509e-08,-2.3693772e-08,2.3693772e-08,0.0,1.1846886e-08,1.1846886e-08,0.0,0.0,0.0,-5.923443e-09,0.0,5.923443e-09,03-01-04-02-02-02-01.wav
1329,/Users/upendrasuryajonnalagadda/mindseye/Audio_Speech_Actors_01-24/Actor_01/03-01-07-02-02-01-01.wav,3,1,disgust,7,2,2,1,1,male,03-01-07-02-02-01-01.wav,-520.7532,43.31225,9.500733,-0.62784654,-7.1643276,0.42984307,-12.050826,-15.976675,-5.460499,-8.713773,-8.803649,-2.977452,-7.663945,-1.7538838e-07,0.0,0.0,-8.22133e-09,-5.480887e-09,1.0961774e-08,-2.1923547e-08,0.0,-4.795776e-09,-5.480887e-09,-5.480887e-09,-2.7404434e-09,0.0,03-01-07-02-02-01-01.wav
1330,/Users/upendrasuryajonnalagadda/mindseye/Audio_Speech_Actors_01-24/Actor_01/03-01-03-02-02-02-01.wav,3,1,happy,3,2,2,2,1,male,03-01-03-02-02-02-01.wav,-539.19855,49.672794,-8.996246,6.914048,-1.1240028,-3.3295467,-9.793234,-9.628174,-17.208342,-7.140059,-1.7678518,-7.01247,-0.2807721,-0.00031522862,-0.0005722046,-0.0007369322,-0.00067315385,-0.00053056265,-0.0006157482,-0.00083858264,-0.0008353065,-0.0005898588,-0.0004889544,-0.00067735,-0.00079176284,-0.00056004245,03-01-03-02-02-02-01.wav
1331,/Users/upendrasuryajonnalagadda/mindseye/Audio_Speech_Actors_01-24/Actor_01/03-01-03-01-01-02-01.wav,3,1,happy,3,1,1,2,1,male,03-01-03-01-01-02-01.wav,-631.407,62.999477,-5.81921,15.460053,6.5266376,-1.5888863,-6.5974183,-4.806329,-13.677246,-1.3645005,0.13336559,-6.366864,3.4054472,-0.007162272,-0.010116272,-0.010078214,-0.010015017,-0.009926913,-0.009814415,-0.009678027,-0.009518401,-0.009336344,-0.009132697,-0.008908415,-0.0086646015,-0.008402376,03-01-03-01-01-02-01.wav
1332,/Users/upendrasuryajonnalagadda/mindseye/Audio_Speech_Actors_01-24/Actor_01/03-01-02-02-01-01-01.wav,3,1,calm,2,2,1,1,1,male,03-01-02-02-01-01-01.wav,-734.1256,70.53291,4.22518,13.866501,9.276525,1.8420305,-3.7091072,-2.884507,-6.332503,-4.4839163,2.0064914,-0.029676009,-0.17859049,0.020366479,0.027984714,0.025952732,0.023492884,0.02097565,0.018311799,0.015591872,0.013401699,0.012329501,0.0123540405,0.012949777,0.013719693,0.014671735,03-01-02-02-01-01-01.wav
1333,/Users/upendrasuryajonnalagadda/mindseye/Audio_Speech_Actors_01-24/Actor_01/03-01-01-01-02-02-01.wav,3,1,neutral,1,1,2,2,1,male,03-01-01-01-02-02-01.wav,-685.10547,55.87942,2.7832625,13.252022,6.9896693,2.9812741,-1.5860294,-6.96166,-10.348491,-3.2707682,1.1761646,-1.4986562,0.55154985,-0.07446935,-0.054432053,0.017542915,0.016333336,-0.022307063,-0.018985393,0.03656244,0.070206605,0.031476773,-0.011677053,0.0035598157,0.028404772,0.014085032,03-01-01-01-02-02-01.wav
1334,/Users/upendrasuryajonnalagadda/mindseye/Audio_Speech_Actors_01-24/Actor_01/03-01-02-01-02-01-01.wav,3,1,calm,2,1,2,1,1,male,03-01-02-01-02-01-01.wav,-697.16614,65.1082,0.930369,13.633627,5.9595957,2.8950708,-1.3418187,-4.775753,-8.671515,-4.552998,1.9706047,-1.6276453,1.4267255,-0.0041641337,-0.005881758,-0.0058594383,-0.005822087,-0.0057703294,-0.00570421,-0.005624228,-0.005530869,-0.0054246257,-0.005306193,-0.005176238,-0.0050355205,-0.0048848526,03-01-02-01-02-01-01.wav
1335,/Users/upendrasuryajonnalagadda/mindseye/Audio_Speech_Actors_01-24/Actor_01/03-01-03-02-01-01-01.wav,3,1,happy,3,2,1,1,1,male,03-01-03-02-01-01-01.wav,-596.5581,49.15078,-5.986514,5.6085687,-1.2716347,-1.206762,-12.037279,-8.814259,-11.101425,-8.968306,-0.6817097,-7.0525794,-1.9013778,-1.9193445e-07,-4.798361e-08,-4.798361e-08,0.0,-2.3991806e-08,2.3991806e-08,-1.1995903e-08,0.0,1.1995903e-08,0.0,1.4994879e-09,1.4994879e-09,1.1995903e-08,03-01-03-02-01-01-01.wav
1336,/Users/upendrasuryajonnalagadda/mindseye/Audio_Speech_Actors_01-24/Actor_01/03-01-03-01-02-01-01.wav,3,1,happy,3,1,2,1,1,male,03-01-03-01-02-01-01.wav,-656.2289,62.20653,-2.3432083,12.916072,1.824127,-0.17071222,-5.6699915,-7.286774,-13.776977,-3.312201,2.361758,-7.0014305,1.9307778,0.00053774763,0.00075949874,0.00075713365,0.0007532656,0.00074780534,0.0007408335,0.000732372,0.0007224488,0.0007110795,0.0006983389,0.00068425195,0.0006689309,0.00065233506,03-01-03-01-02-01-01.wav
1337,/Users/upendrasuryajonnalagadda/mindseye/Audio_Speech_Actors_01-24/Actor_01/03-01-02-02-02-02-01.wav,3,1,calm,2,2,2,2,1,male,03-01-02-02-02-02-01.wav,-690.9957,65.29337,-3.5145001,14.551638,6.7378383,2.951479,-4.3670077,-8.268066,-9.742737,-3.7135787,3.7736468,-0.9587886,-0.2662221,0.024420766,0.034272343,0.033487838,0.032209273,0.03047877,0.02835256,0.025898883,0.023194788,0.020322956,0.017368224,0.0144143365,0.0115404045,0.008818078,03-01-02-02-02-02-01.wav
1338,/Users/upendrasuryajonnalagadda/mindseye/Audio_Speech_Actors_01-24/Actor_01/03-01-02-01-01-02-01.wav,3,1,calm,2,1,1,2,1,male,03-01-02-01-01-02-01.wav,-707.3582,66.73646,2.2534893,11.169914,9.74208,1.0580922,-4.4261856,-4.683615,-8.313273,-4.813666,1.7525567,-2.3765419,-0.20692004,0.0034979796,0.004925997,0.0048631034,0.004759104,0.0046147075,0.004431529,0.004211129,0.0039555933,0.0036672996,0.0033492064,0.0030042757,0.0026359772,0.002247951,03-01-02-01-01-02-01.wav
1339,/Users/upendrasuryajonnalagadda/mindseye/Audio_Speech_Actors_01-24/Actor_01/03-01-01-01-01-01-01.wav,3,1,neutral,1,1,1,1,1,male,03-01-01-01-01-01-01.wav,-697.7926,54.89004,0.6634658,12.435786,7.7339525,0.5307496,-3.2166302,-3.1593947,-10.977551,-2.8487103,0.8152966,-3.037066,1.9554468,-0.0025370137,-0.0035840014,-0.003572664,-0.003554084,-0.0035279547,-0.0034946562,-0.003454065,-0.003406438,-0.003351825,-0.003290523,-0.003222599,-0.003148309,-0.0030678601,03-01-01-01-01-01-01.wav
1340,/Users/upendrasuryajonnalagadda/mindseye/Audio_Speech_Actors_01-24/Actor_01/03-01-08-02-01-02-01.wav,3,1,surprised,8,2,1,2,1,male,03-01-08-02-01-02-01.wav,-553.19366,41.932564,-5.2114596,7.3127418,0.06964441,-3.3563766,-6.6405888,-7.5790653,-11.458306,-6.6911635,-1.2373774,-6.6593413,-1.9200144,0.0,0.0,0.0,2.4770761e-08,-2.4770761e-08,-6.1926904e-09,6.1926904e-09,0.0,-1.2385381e-08,-2.4770761e-08,0.0,0.0,6.1926904e-09,03-01-08-02-01-02-01.wav
1341,/Users/upendrasuryajonnalagadda/mindseye/Audio_Speech_Actors_01-24/Actor_01/03-01-08-01-02-02-01.wav,3,1,surprised,8,1,2,2,1,male,03-01-08-01-02-02-01.wav,-666.4035,49.284126,-1.8099357,8.199509,-0.46807018,-3.9114852,-4.3231125,-7.2129054,-9.476639,-5.4546947,-0.9426419,-6.5836406,-0.95098424,2.1643672e-07,-4.0581885e-08,-1.3527295e-08,-2.705459e-08,-6.7636474e-09,-6.7636474e-09,-1.3527295e-08,2.705459e-08,-1.3527295e-08,6.7636474e-09,0.0,-1.3527295e-08,0.0,03-01-08-01-02-02-01.wav
1342,/Users/upendrasuryajonnalagadda/mindseye/Audio_Speech_Actors_01-24/Actor_01/03-01-06-01-01-01-01.wav,3,1,fearful,6,1,1,1,1,male,03-01-06-01-01-01-01.wav,-595.331,57.99092,2.2590292,14.343322,8.518201,-2.4230087,-4.1882496,-8.528271,-12.255306,-1.4047105,-2.2603824,0.5045401,3.646284,0.06829392,0.07691025,0.035353996,0.0026927325,-0.011954374,-0.023060301,-0.039998468,-0.051612962,-0.044085797,-0.022764463,-0.006186163,-0.0030275066,-0.0047358237,03-01-06-01-01-01-01.wav
1343,/Users/upendrasuryajonnalagadda/mindseye/Audio_Speech_Actors_01-24/Actor_01/03-01-05-01-01-02-01.wav,3,1,angry,5,1,1,2,1,male,03-01-05-01-01-02-01.wav,-526.2785,40.100624,-5.4062862,8.0860615,-3.384434,-3.6563706,-7.031596,-8.578679,-13.111328,-6.5697446,-4.4982853,-6.6619687,-3.4727762,-0.0014002183,-0.0018411524,-0.0014465388,-0.00085413316,-0.0001507703,0.000561989,0.001183364,0.0016288813,0.0018422183,0.0018024473,0.0015253705,0.0010589825,0.00047471662,03-01-05-01-01-02-01.wav
1344,/Users/upendrasuryajonnalagadda/mindseye/Audio_Speech_Actors_01-24/Actor_01/03-01-05-02-02-02-01.wav,3,1,angry,5,2,2,2,1,male,03-01-05-02-02-02-01.wav,-303.9083,22.274927,-20.23263,-3.0112534,-10.557668,-6.588677,-16.995611,-11.742131,-16.091635,-9.435908,-2.4795759,-8.391646,-6.020057,0.044962566,0.026309272,-0.0287833,-0.029412815,0.011491115,0.033836316,0.0011106929,-0.04737656,-0.04219857,0.003863871,0.026589135,0.010571033,-0.016136639,03-01-05-02-02-02-01.wav
1345,/Users/upendrasuryajonnalagadda/mindseye/Audio_Speech_Actors_01-24/Actor_01/03-01-06-02-02-01-01.wav,3,1,fearful,6,2,2,1,1,male,03-01-06-02-02-01-01.wav,-369.5954,39.190083,-15.472043,-0.9504297,-5.7813563,-1.2099698,-10.114829,-18.26914,-17.822475,-9.481161,-3.801051,-7.896282,-7.8260264,-0.883552,-0.6743326,-0.019087104,0.02044156,-0.033922244,-0.04980879,0.02502905,0.15636979,0.15706472,0.083588496,0.038731847,0.06831872,0.10067281,03-01-06-02-02-01-01.wav
1346,/Users/upendrasuryajonnalagadda/mindseye/Audio_Speech_Actors_01-24/Actor_01/03-01-04-01-02-01-01.wav,3,1,sad,4,1,2,1,1,male,03-01-04-01-02-01-01.wav,-735.524,60.409447,-3.4439847,14.033258,6.590172,-1.7684742,-1.7315738,-7.56915,-10.976077,-3.8221767,-0.9965823,-1.3543683,-1.2844809,2.0210317e-07,0.0,1.2631448e-08,0.0,0.0,0.0,1.2631448e-08,1.2631448e-08,-2.5262896e-08,-6.315724e-09,-1.2631448e-08,0.0,0.0,03-01-04-01-02-01-01.wav
1347,/Users/upendrasuryajonnalagadda/mindseye/Audio_Speech_Actors_01-24/Actor_01/03-01-07-01-02-02-01.wav,3,1,disgust,7,1,2,2,1,male,03-01-07-01-02-02-01.wav,-669.2902,54.79244,-0.9016668,10.5557,-0.1613753,3.6259089,-5.3917437,-10.095323,-7.446642,-1.4052045,0.10079602,-3.9632685,-0.5047307,0.0027980574,0.0039502797,0.0039315796,0.0039008153,0.0038581814,0.0038042988,0.00373992,0.0036657057,0.0035826787,0.0034918396,0.0033942303,0.0032910553,0.0031834582,03-01-07-01-02-02-01.wav
1348,/Users/upendrasuryajonnalagadda/mindseye/Audio_Speech_Actors_01-24/Actor_01/03-01-07-02-01-02-01.wav,3,1,disgust,7,2,1,2,1,male,03-01-07-02-01-02-01.wav,-491.2605,35.171394,-9.034343,1.8999572,-8.664879,-6.350328,-18.34103,-15.881721,-9.584091,-5.861492,-4.5087137,-5.8916154,-6.898972,-0.7302951,-0.33293787,0.035874557,-0.0036996799,0.14435934,0.043075416,0.07913572,0.054870173,-0.0014861479,0.10795308,-0.0035181206,-0.01577886,0.039986525,03-01-07-02-01-02-01.wav
1349,/Users/upendrasuryajonnalagadda/mindseye/Audio_Speech_Actors_01-24/Actor_01/03-01-04-02-01-01-01.wav,3,1,sad,4,2,1,1,1,male,03-01-04-02-01-01-01.wav,-669.9195,62.426224,0.9023565,16.833582,7.8117785,-1.847559,-0.9106542,-7.485837,-9.419271,-1.5074195,-2.4400957,-2.624329,-0.14111437,-0.0889446,-0.120077275,-0.10625655,-0.09117278,-0.07936613,-0.07057469,-0.0625914,-0.055396445,-0.051582895,-0.053015605,-0.05816133,-0.06331176,-0.06591918,03-01-04-02-01-01-01.wav
1350,/Users/upendrasuryajonnalagadda/mindseye/Audio_Speech_Actors_01-24/Actor_01/03-01-02-01-02-02-01.wav,3,1,calm,2,1,2,2,1,male,03-01-02-01-02-02-01.wav,-698.6377,68.69859,1.1003662,13.685944,8.33875,2.0671217,-0.61679053,-5.732326,-7.8613234,-4.4119196,1.0114735,-1.705866,1.5934348,0.004230143,0.0063194274,0.006709771,0.0059677376,0.0036755372,0.00073334377,-0.0014414723,-0.0022213745,-0.002252388,-0.0026951663,-0.0040690075,-0.005848503,-0.0070949807,03-01-02-01-02-02-01.wav
1351,/Users/upendrasuryajonnalagadda/mindseye/Audio_Speech_Actors_01-24/Actor_01/03-01-01-01-02-01-01.wav,3,1,neutral,1,1,2,1,1,male,03-01-01-01-02-01-01.wav,-691.5879,58.024662,0.15946376,13.62465,5.374111,1.1623366,-2.0833597,-5.382585,-10.332823,-3.6620817,0.5606018,-2.8382273,1.8347863,-0.017162783,-0.023991909,-0.023196742,-0.021980314,-0.020431327,-0.018588498,-0.01644984,-0.01402767,-0.011400169,-0.00871682,-0.006148785,-0.0038219613,-0.0017841826,03-01-01-01-02-01-01.wav
1352,/Users/upendrasuryajonnalagadda/mindseye/Audio_Speech_Actors_01-24/Actor_01/03-01-02-02-01-02-01.wav,3,1,calm,2,2,1,2,1,male,03-01-02-02-01-02-01.wav,-697.8223,67.33959,-0.44955093,11.884349,6.899115,0.5723891,-4.550376,-6.025094,-7.9348655,-4.872442,2.6747525,-1.4644696,-1.1086311,0.0,0.0,-1.6537705e-08,0.0,-1.1025136e-08,-5.512568e-09,6.8907102e-09,5.512568e-09,1.1025136e-08,-6.8907102e-09,-1.1025136e-08,-2.756284e-09,-8.268852e-09,03-01-02-02-01-02-01.wav
1353,/Users/upendrasuryajonnalagadda/mindseye/Audio_Speech_Actors_01-24/Actor_01/03-01-03-01-01-01-01.wav,3,1,happy,3,1,1,1,1,male,03-01-03-01-01-01-01.wav,-645.9547,63.116707,-4.3889422,12.588353,4.2411594,-2.9022603,-5.6718736,-6.623362,-11.532382,-2.3804128,-1.2910128,-6.8026524,1.1827936,0.003980306,0.005620168,0.005593084,0.0055483244,0.0054862737,0.0054075243,0.0053127366,0.0052028974,0.005078894,0.004941864,0.0047929254,0.004633268,0.004464129,03-01-03-01-01-01-01.wav
1354,/Users/upendrasuryajonnalagadda/mindseye/Audio_Speech_Actors_01-24/Actor_01/03-01-03-02-02-01-01.wav,3,1,happy,3,2,2,1,1,male,03-01-03-02-02-01-01.wav,-517.75696,48.02012,-10.221419,7.8318195,-0.1721484,-2.173067,-10.422513,-9.233612,-17.878963,-4.9133816,0.0017018935,-9.143922,0.118756376,-0.0036078957,-0.0036755675,-0.001451397,-0.0016187668,-0.0038943514,-0.004964127,-0.00328331,-0.0012583844,-0.001722908,-0.0038878273,-0.0045699794,-0.0027854582,-0.0010581017,03-01-03-02-02-01-01.wav
1355,/Users/upendrasuryajonnalagadda/mindseye/Audio_Speech_Actors_01-24/Actor_01/03-01-08-01-01-02-01.wav,3,1,surprised,8,1,1,2,1,male,03-01-08-01-01-02-01.wav,-683.8254,52.923653,-3.502081,10.541915,6.7804637,-2.0829625,-6.373839,-6.026371,-9.960137,-1.5530089,-1.1180862,-5.8361487,-0.47120866,-0.00035257541,-0.0004980209,-0.00049631647,-0.00049356365,-0.00048972864,-0.00048481827,-0.00047882568,-0.0004718253,-0.00046381037,-0.00045481135,-0.0004448451,-0.00043400045,-0.0004222748,03-01-08-01-01-02-01.wav
1356,/Users/upendrasuryajonnalagadda/mindseye/Audio_Speech_Actors_01-24/Actor_01/03-01-08-02-02-02-01.wav,3,1,surprised,8,2,2,2,1,male,03-01-08-02-02-02-01.wav,-573.3884,46.84191,-5.5694275,6.1290345,-0.574838,-0.7007691,-8.623765,-9.7021,-11.321594,-5.2469926,-1.4207599,-5.737756,-1.8040378,0.004106021,0.0057971766,0.0057677547,0.0057187993,0.005650845,0.0055640135,0.005458967,0.0053361123,0.0051963213,0.0050402093,0.004868771,0.0046829465,0.0044836965,03-01-08-02-02-02-01.wav
1357,/Users/upendrasuryajonnalagadda/mindseye/Audio_Speech_Actors_01-24/Actor_01/03-01-07-02-02-02-01.wav,3,1,disgust,7,2,2,2,1,male,03-01-07-02-02-02-01.wav,-501.00818,42.180492,-0.9575306,-0.4490061,-4.0120096,-1.8501686,-13.47077,-15.385603,-8.4061365,-5.512526,-6.51612,-6.038745,-7.158528,-0.27094573,-0.21531318,0.021470347,0.08953145,0.064075805,0.008918833,0.037824064,0.10977447,0.05011716,-0.019890947,-0.020622365,-0.03817244,0.008428453,03-01-07-02-02-02-01.wav
1358,/Users/upendrasuryajonnalagadda/mindseye/Audio_Speech_Actors_01-24/Actor_01/03-01-04-02-02-01-01.wav,3,1,sad,4,2,2,1,1,male,03-01-04-02-02-01-01.wav,-620.26776,54.993256,-5.7295055,13.725475,3.9384515,-2.7418911,-6.81774,-9.286634,-18.480108,-4.8934646,-2.272598,-7.261102,0.36146054,0.0,0.0,-1.1846886e-08,0.0,-2.3693772e-08,-8.885165e-09,0.0,2.3693772e-08,0.0,5.923443e-09,-5.923443e-09,0.0,0.0,03-01-04-02-02-01-01.wav
1359,/Users/upendrasuryajonnalagadda/mindseye/Audio_Speech_Actors_01-24/Actor_01/03-01-04-01-01-01-01.wav,3,1,sad,4,1,1,1,1,male,03-01-04-01-01-01-01.wav,-680.84985,60.804207,-1.9560483,14.204766,6.8270864,-2.8811655,-2.4629228,-8.663905,-11.039645,-4.454039,-4.258487,-1.6950513,-0.85821563,0.0,9.192041e-08,1.7235077e-08,0.0,2.2980103e-08,0.0,0.0,0.0,-1.1490052e-08,0.0,0.0,-2.010759e-08,0.0,03-01-04-01-01-01-01.wav
1360,/Users/upendrasuryajonnalagadda/mindseye/Audio_Speech_Actors_01-24/Actor_01/03-01-07-01-01-02-01.wav,3,1,disgust,7,1,1,2,1,male,03-01-07-01-01-02-01.wav,-626.5222,52.807495,0.2726891,4.734687,3.4398108,-0.42759243,-9.445804,-6.7852254,-13.305903,-4.895431,-0.56229186,-6.350317,-3.3224087,-1.8057739e-07,0.0,2.2572173e-08,-1.1286087e-08,3.385826e-08,0.0,9.169946e-09,2.2572173e-08,0.0,1.4107608e-09,5.6430434e-09,-5.6430434e-09,-5.6430434e-09,03-01-07-01-01-02-01.wav
1361,/Users/upendrasuryajonnalagadda/mindseye/Audio_Speech_Actors_01-24/Actor_01/03-01-05-02-01-02-01.wav,3,1,angry,5,2,1,2,1,male,03-01-05-02-01-02-01.wav,-368.34802,22.302992,-18.730825,3.2124896,-10.238884,-5.3979936,-12.250566,-7.984237,-16.876492,-9.074471,-4.798123,-8.329526,-4.8784604,-0.74006295,0.32556513,0.09229916,-0.1098915,0.09269517,-0.02594522,0.035672143,0.14022025,0.020520488,0.039229758,-0.013006556,-0.016819213,0.0034878368,03-01-05-02-01-02-01.wav
1362,/Users/upendrasuryajonnalagadda/mindseye/Audio_Speech_Actors_01-24/Actor_01/03-01-06-02-01-01-01.wav,3,1,fearful,6,2,1,1,1,male,03-01-06-02-01-01-01.wav,-439.20685,52.212185,-12.541273,5.147729,1.7914929,5.8628416,-5.597445,-12.138769,-14.728991,-1.9501579,2.1356723,-3.6719656,-0.59043264,-0.014144615,-0.010670397,0.023356928,0.030053042,0.003671253,-0.01586084,-0.034519255,-0.021713248,0.01495579,0.005511732,-0.013210557,-0.010953827,-0.020022597,03-01-06-02-01-01-01.wav
1363,/Users/upendrasuryajonnalagadda/mindseye/Audio_Speech_Actors_01-24/Actor_01/03-01-06-01-02-01-01.wav,3,1,fearful,6,1,2,1,1,male,03-01-06-01-02-01-01.wav,-622.86993,61.635395,7.414828,18.84099,10.033153,3.9887211,-1.035189,-5.580242,-8.488827,0.3211511,0.076060556,0.36447456,2.7944243,0.28104764,0.16780294,0.022196008,0.06362709,0.056639448,0.04087899,0.0118963765,-0.0069705015,-0.0072592665,0.010346099,0.01768683,0.013036126,0.0038092951,03-01-06-01-02-01-01.wav
1364,/Users/upendrasuryajonnalagadda/mindseye/Audio_Speech_Actors_01-24/Actor_01/03-01-05-01-02-02-01.wav,3,1,angry,5,1,2,2,1,male,03-01-05-01-02-02-01.wav,-530.8293,44.267376,-2.8641326,8.589871,0.015043081,-3.4850922,-4.3523197,-6.5773487,-15.150324,-4.9910283,-2.5813372,-5.7878017,0.2829594,-0.011218148,-0.008775036,0.0060784714,0.015321192,0.010806024,-0.0031125087,-0.013788377,-0.011898118,0.00031388324,0.011537185,0.011955108,0.0019305744,-0.008951554,03-01-05-01-02-02-01.wav
1365,/Users/upendrasuryajonnalagadda/mindseye/Audio_Speech_Actors_01-24/Actor_01/03-01-08-01-02-01-01.wav,3,1,surprised,8,1,2,1,1,male,03-01-08-01-02-01-01.wav,-661.4794,56.338783,-0.10038867,12.948809,3.4572427,-1.098002,-3.9645517,-7.314169,-11.041141,-2.5731146,-0.8059697,-3.7987452,-1.9456606,-0.010817185,-0.015271106,-0.015192032,-0.015061123,-0.014879414,-0.01464865,-0.014370787,-0.014048259,-0.013683955,-0.0132809775,-0.012842789,-0.0123731205,-0.011875888,03-01-08-01-02-01-01.wav
1366,/Users/upendrasuryajonnalagadda/mindseye/Audio_Speech_Actors_01-24/Actor_01/03-01-08-02-01-01-01.wav,3,1,surprised,8,2,1,1,1,male,03-01-08-02-01-01-01.wav,-605.2245,51.048885,-5.42721,8.577295,4.108054,-2.6509154,-8.000927,-6.305148,-11.018701,-4.717957,0.42527136,-7.8209205,0.11580417,0.0,5.120399e-08,-1.2800998e-08,0.0,-3.2002494e-09,1.2800998e-08,0.0,3.2002494e-09,-1.2800998e-08,0.0,-1.2800998e-08,0.0,-6.400499e-09,03-01-08-02-01-01-01.wav
1367,/Users/upendrasuryajonnalagadda/mindseye/Audio_Speech_Actors_01-24/Actor_01/03-01-04-02-01-02-01.wav,3,1,sad,4,2,1,2,1,male,03-01-04-02-01-02-01.wav,-627.47046,50.890545,-4.893386,10.5070715,3.7041092,-3.614306,-8.667971,-7.146425,-15.135481,-4.434603,-2.2045414,-6.959076,0.33116063,-1.9073487e-07,4.7683717e-08,0.0,-1.1920929e-08,0.0,3.576279e-08,1.8626451e-09,-1.1920929e-08,1.1920929e-08,0.0,5.9604646e-09,-2.9802323e-09,-5.9604646e-09,03-01-04-02-01-02-01.wav
1368,/Users/upendrasuryajonnalagadda/mindseye/Audio_Speech_Actors_01-24/Actor_01/03-01-07-02-01-01-01.wav,3,1,disgust,7,2,1,1,1,male,03-01-07-02-01-01-01.wav,-489.86877,43.945282,-6.9385076,-5.690658,-9.426027,-1.9371544,-11.578997,-17.378063,-13.903121,-6.911768,-3.5516462,-4.3722677,-7.017699,0.4486852,0.07767323,-0.12239157,-0.034810465,-0.08441437,-0.02836568,-0.030414172,-0.07598689,-0.035802525,-0.0041203448,-0.006827908,-0.022267485,0.0074444637,03-01-07-02-01-01-01.wav
1369,/Users/upendrasuryajonnalagadda/mindseye/Audio_Speech_Actors_01-24/Actor_01/03-01-07-01-02-01-01.wav,3,1,disgust,7,1,2,1,1,male,03-01-07-01-02-01-01.wav,-667.50525,71.2468,1.9786963,12.600777,1.8061317,3.438275,-4.8249874,-12.123671,-8.4513235,-2.0306587,-2.5171833,-3.0232697,-0.9917702,-0.082965374,0.016360898,0.049550887,-0.059194125,-0.0099870125,0.029107664,0.01215665,0.027828453,0.023108702,0.00845853,0.021368466,0.018224271,-0.0078095715,03-01-07-01-02-01-01.wav
1370,/Users/upendrasuryajonnalagadda/mindseye/Audio_Speech_Actors_01-24/Actor_01/03-01-04-01-02-02-01.wav,3,1,sad,4,1,2,2,1,male,03-01-04-01-02-02-01.wav,-711.7862,59.567207,0.7109443,15.603702,6.0233517,-0.1622916,1.2461175,-7.515768,-12.228474,-3.9741051,-2.3960714,-2.4673665,-0.06185333,-0.062389635,-0.08586821,-0.07914706,-0.06907884,-0.057046186,-0.044467755,-0.03250755,-0.021920543,-0.013062295,-0.0060238284,-0.0008060377,0.0025573233,0.003985183,03-01-04-01-02-02-01.wav
1371,/Users/upendrasuryajonnalagadda/mindseye/Audio_Speech_Actors_01-24/Actor_01/03-01-06-02-02-02-01.wav,3,1,fearful,6,2,2,2,1,male,03-01-06-02-02-02-01.wav,-427.11377,45.139065,-15.436683,-1.1301705,-0.7227585,1.9657453,-13.529378,-15.487787,-17.104061,-9.546004,2.3383806,-7.4597096,-7.364611,0.22197132,0.18036209,-0.029121015,-0.04493606,0.08296995,0.10103802,-0.04506249,-0.14561959,-0.07497013,0.03934061,0.039459467,-0.045507137,-0.08011733,03-01-06-02-02-02-01.wav
1372,/Users/upendrasuryajonnalagadda/mindseye/Audio_Speech_Actors_01-24/Actor_01/03-01-05-02-02-01-01.wav,3,1,angry,5,2,2,1,1,male,03-01-05-02-02-01-01.wav,-401.70172,29.973305,-15.743985,4.8785286,-6.717307,-3.9170728,-11.36485,-9.566884,-16.95793,-6.610147,-4.112581,-8.695933,-3.1835449,-0.017825676,0.5052116,0.06201469,-0.13214433,-0.019152444,0.035699386,-0.005508925,-0.24076934,-0.18213941,-0.025423966,0.014680801,0.0740739,-0.014931855,03-01-05-02-02-01-01.wav
1373,/Users/upendrasuryajonnalagadda/mindseye/Audio_Speech_Actors_01-24/Actor_01/03-01-05-01-01-01-01.wav,3,1,angry,5,1,1,1,1,male,03-01-05-01-01-01-01.wav,-546.11554,42.51581,-6.0192432,12.6451235,-1.4078629,-2.7939098,-4.3140874,-1.4580283,-12.457061,-4.777245,-0.85779715,-4.7668247,-0.7102531,0.0,4.5685e-08,1.142125e-08,-1.7131875e-08,1.142125e-08,1.142125e-08,5.710625e-09,5.710625e-09,0.0,1.4276562e-09,-5.710625e-09,-7.1382806e-09,2.8553124e-09,03-01-05-01-01-01-01.wav
1374,/Users/upendrasuryajonnalagadda/mindseye/Audio_Speech_Actors_01-24/Actor_01/03-01-06-01-01-02-01.wav,3,1,fearful,6,1,1,2,1,male,03-01-06-01-01-02-01.wav,-603.3856,55.155254,-6.0278044,9.1299,4.394856,-4.041097,-8.073682,-12.255181,-16.346151,-4.0777416,-3.449183,-6.1606865,-0.26365244,-0.184173,-0.1971195,-0.0819438,-0.02936213,-0.035405006,-0.011864219,0.05848203,0.09778646,0.06425191,0.015268071,0.008649997,0.01622336,-0.012962372,03-01-06-01-01-02-01.wav
1375,/Users/upendrasuryajonnalagadda/mindseye/Audio_Speech_Actors_01-24/Actor_01/03-01-01-01-01-02-01.wav,3,1,neutral,1,1,1,2,1,male,03-01-01-01-01-02-01.wav,-692.8558,55.363895,-1.5483198,16.038307,8.8188095,-0.14658621,-1.3733923,-5.293179,-11.623184,-1.3482827,0.8437145,-2.6412783,1.0172504,0.0038577185,0.005429056,0.005349126,0.005218837,0.0050427252,0.004826665,0.00457761,0.0043034554,0.0040123994,0.0037129058,0.003412697,0.0031190184,0.0028378565,03-01-01-01-01-02-01.wav
1376,/Users/upendrasuryajonnalagadda/mindseye/Audio_Speech_Actors_01-24/Actor_01/03-01-02-01-01-01-01.wav,3,1,calm,2,1,1,1,1,male,03-01-02-01-01-01-01.wav,-727.1044,62.355034,3.1211812,15.064671,8.132433,1.9270849,-3.2746565,-3.7617922,-9.750298,-4.853837,0.99631596,-3.1160696,0.546319,-0.0675733,-0.094343945,-0.09106575,-0.086564116,-0.08150218,-0.07597164,-0.06965619,-0.062364265,-0.054408453,-0.04648242,-0.03917782,-0.032621704,-0.026578242,03-01-02-01-01-01-01.wav
1377,/Users/upendrasuryajonnalagadda/mindseye/Audio_Speech_Actors_01-24/Actor_01/03-01-02-02-02-01-01.wav,3,1,calm,2,2,2,1,1,male,03-01-02-02-02-01-01.wav,-704.5413,68.82944,4.728954,11.950602,5.6388817,5.8340945,-4.8624897,-4.8627996,-8.308453,-4.8761907,2.3179216,1.2227514,0.5954949,-0.28150505,-0.2217237,-0.04225282,-0.01794288,-0.051812507,-0.014185281,0.039841652,0.061386686,0.0772806,0.07336769,0.015998742,0.0046906183,0.0030395854,03-01-02-02-02-01-01.wav
1378,/Users/upendrasuryajonnalagadda/mindseye/Audio_Speech_Actors_01-24/Actor_01/03-01-03-01-02-02-01.wav,3,1,happy,3,1,2,2,1,male,03-01-03-01-02-02-01.wav,-652.70056,57.02253,0.4184397,18.289316,2.630988,0.41835576,-2.529273,-6.284706,-13.434196,-3.6181443,0.6169871,-4.5894275,2.5763211,-0.09849415,0.0045434474,-0.12623522,-0.015364265,-0.09405255,-0.042892653,-0.05876256,-0.06224481,-0.034570955,-0.06464947,-0.025588358,-0.05266453,-0.025888884,03-01-03-01-02-02-01.wav
1379,/Users/upendrasuryajonnalagadda/mindseye/Audio_Speech_Actors_01-24/Actor_01/03-01-03-02-01-02-01.wav,3,1,happy,3,2,1,2,1,male,03-01-03-02-01-02-01.wav,-559.92334,54.875935,-11.518559,5.4953065,2.4158702,-1.8642912,-11.11178,-7.596748,-14.508147,-7.4336433,3.2631516,-7.8864737,-1.6498955,0.008734053,0.0068359375,-0.0025275163,-0.004788745,-0.0005881437,0.0008845481,-0.002980378,-0.005203466,-0.001532834,0.0028729287,0.0023541907,-0.00045514564,0.00020062999,03-01-03-02-01-02-01.wav
1380,/Users/upendrasuryajonnalagadda/mindseye/Audio_Speech_Actors_01-24/Actor_08/03-01-08-01-02-01-08.wav,3,1,surprised,8,1,2,1,8,female,03-01-08-01-02-01-08.wav,-587.2151,44.827526,2.074004,7.1293173,4.032632,0.6488929,0.96753764,-12.488896,-0.35207784,-0.9613565,-3.3735094,-4.9400454,-3.1461675,0.009914842,0.013943912,0.013710069,0.013323356,0.012788094,0.012110377,0.011297998,0.010360062,0.009307499,0.008152055,0.0069070826,0.0055867354,0.0042060195,03-01-08-01-02-01-08.wav
1381,/Users/upendrasuryajonnalagadda/mindseye/Audio_Speech_Actors_01-24/Actor_08/03-01-08-02-01-01-08.wav,3,1,surprised,8,2,1,1,8,female,03-01-08-02-01-01-08.wav,-553.0785,47.79044,-8.243609,7.8722076,-0.24946925,-0.6615601,-0.024638303,-15.0957985,-2.635334,1.3237264,-4.086614,-6.097185,-0.59512097,1.3977487,0.47393477,-0.11960608,0.03887419,-0.016372459,0.054820016,-0.07157271,-0.10026873,-0.099407285,-0.0042471597,0.03442408,-0.036136713,0.012665324,03-01-08-02-01-01-08.wav
1382,/Users/upendrasuryajonnalagadda/mindseye/Audio_Speech_Actors_01-24/Actor_08/03-01-07-02-01-01-08.wav,3,1,disgust,7,2,1,1,8,female,03-01-07-02-01-01-08.wav,-605.901,51.23104,4.7203546,12.248284,2.8497114,-0.35282612,-2.1470966,-14.420917,-2.5357296,1.6793126,-0.76194406,3.0424306,1.1434363,1.4533935,0.21781677,-0.1247134,0.02632722,-0.40043977,-0.09218157,-0.0058993534,-0.17776181,-0.046543512,0.012288884,0.14067575,0.048520338,0.023946004,03-01-07-02-01-01-08.wav
1383,/Users/upendrasuryajonnalagadda/mindseye/Audio_Speech_Actors_01-24/Actor_08/03-01-04-02-01-02-08.wav,3,1,sad,4,2,1,2,8,female,03-01-04-02-01-02-08.wav,-631.4387,57.50897,-4.290871,16.429256,8.86519,-2.9710858,-2.071847,-16.997395,-5.9702244,2.6494162,-4.569936,-3.331047,0.79250884,0.4944451,0.30933583,-0.16841164,0.06761304,0.030704897,-0.016309861,-0.087310255,-0.14613017,-0.04726706,0.04119912,-0.09763096,-0.10925275,0.019755913,03-01-04-02-01-02-08.wav
1384,/Users/upendrasuryajonnalagadda/mindseye/Audio_Speech_Actors_01-24/Actor_08/03-01-04-01-02-02-08.wav,3,1,sad,4,1,2,2,8,female,03-01-04-01-02-02-08.wav,-726.46796,71.1644,14.980065,19.136406,12.125372,7.047561,0.29581428,-8.836231,-2.5661688,1.8502314,3.125437,-7.390643,1.9144363,0.081043735,-0.01952669,-0.07235171,-0.00573975,0.042382747,0.012984765,-0.051202428,-0.095776156,-0.029287754,0.039446097,0.033531453,-0.025453335,-0.07393111,03-01-04-01-02-02-08.wav
1385,/Users/upendrasuryajonnalagadda/mindseye/Audio_Speech_Actors_01-24/Actor_08/03-01-07-01-02-01-08.wav,3,1,disgust,7,1,2,1,8,female,03-01-07-01-02-01-08.wav,-670.4571,61.211514,17.01648,13.151336,7.30024,2.749274,-1.6517869,-9.591499,-3.2634013,2.8366346,-4.0601,-0.44769907,-2.5667326,-0.09528629,-0.1034234,-0.05005906,-0.02108123,0.0015168779,0.03231551,0.04003034,0.01912963,0.007443944,0.011110362,0.0038874683,-0.007114573,-0.0016110925,03-01-07-01-02-01-08.wav
1386,/Users/upendrasuryajonnalagadda/mindseye/Audio_Speech_Actors_01-24/Actor_08/03-01-05-02-02-01-08.wav,3,1,angry,5,2,2,1,8,female,03-01-05-02-02-01-08.wav,-491.6879,30.020063,-4.5919576,2.3784633,-8.495287,-6.713245,5.8948903,-11.744558,-4.040739,-5.0566235,-2.9487896,-2.4691963,-2.8058116,-0.017144814,-0.024217214,-0.02413087,-0.02398777,-0.023788795,-0.023535801,-0.023230577,-0.022875639,-0.02247358,-0.022027517,-0.021540618,-0.021016635,-0.020459076,03-01-05-02-02-01-08.wav
1387,/Users/upendrasuryajonnalagadda/mindseye/Audio_Speech_Actors_01-24/Actor_08/03-01-06-02-02-02-08.wav,3,1,fearful,6,2,2,2,8,female,03-01-06-02-02-02-08.wav,-449.78687,22.528927,-16.186636,2.8675323,-4.9624233,-8.193513,3.6673245,-14.851761,-4.6546545,1.0787374,-4.2966037,-0.858183,-2.158826,0.18842657,0.21372977,0.120912306,0.07810999,0.077776805,0.07271316,0.061040558,0.0568723,0.053923577,0.04799016,0.044550344,0.042445794,0.03878157,03-01-06-02-02-02-08.wav
1388,/Users/upendrasuryajonnalagadda/mindseye/Audio_Speech_Actors_01-24/Actor_08/03-01-06-01-01-02-08.wav,3,1,fearful,6,1,1,2,8,female,03-01-06-01-01-02-08.wav,-548.3757,58.353615,-14.332643,11.300485,4.599408,-1.3779119,5.3409953,-12.428349,-2.3947158,1.9606208,-3.2140162,-5.8482656,1.1516383,-0.061108474,-0.033152815,0.034137163,0.021615947,-0.020242931,-0.03697465,-0.035942964,-0.035431508,-0.044830576,-0.04870849,-0.039851073,-0.037692785,-0.027817205,03-01-06-01-01-02-08.wav
1389,/Users/upendrasuryajonnalagadda/mindseye/Audio_Speech_Actors_01-24/Actor_08/03-01-05-01-01-01-08.wav,3,1,angry,5,1,1,1,8,female,03-01-05-01-01-01-08.wav,-564.77216,52.483612,-5.835359,11.021634,-0.66023433,-2.3122363,5.958792,-7.853401,-1.6240346,-2.5810394,-2.2430701,-3.8750062,-1.9347721,0.2673134,0.10169101,-0.23379596,-0.19561712,-0.069214605,-0.06569781,-0.10791912,-0.10428059,-0.060074963,-0.03214221,-0.07497879,-0.13574491,-0.09314952,03-01-05-01-01-01-08.wav
1390,/Users/upendrasuryajonnalagadda/mindseye/Audio_Speech_Actors_01-24/Actor_08/03-01-02-01-01-01-08.wav,3,1,calm,2,1,1,1,8,female,03-01-02-01-01-01-08.wav,-706.92096,71.82814,13.182999,21.664396,9.262008,3.4476936,5.8417716,-7.0406017,-0.3327456,-1.6865033,1.5555147,-5.310212,0.22430488,-0.022406554,-0.028185869,-0.022795996,-0.027727285,-0.04137687,-0.049893588,-0.04875287,-0.041033927,-0.033319004,-0.035448465,-0.045873158,-0.051760502,-0.04317681,03-01-02-01-01-01-08.wav
1391,/Users/upendrasuryajonnalagadda/mindseye/Audio_Speech_Actors_01-24/Actor_08/03-01-01-01-01-02-08.wav,3,1,neutral,1,1,1,2,8,female,03-01-01-01-01-02-08.wav,-681.0025,67.64851,7.725306,21.931631,6.958629,0.80194235,5.9756565,-7.58668,1.375819,-1.8393385,1.2272732,-2.2131736,0.0073229554,-0.037170995,-0.045974538,-0.029971031,-0.0129828,-0.0026616382,-0.0024831856,-0.010663318,-0.020920565,-0.02624143,-0.024016678,-0.017633028,-0.012820116,-0.012574239,03-01-01-01-01-02-08.wav
1392,/Users/upendrasuryajonnalagadda/mindseye/Audio_Speech_Actors_01-24/Actor_08/03-01-02-02-02-01-08.wav,3,1,calm,2,2,2,1,8,female,03-01-02-02-02-01-08.wav,-714.2014,64.01109,17.862207,20.185398,8.561496,8.227396,6.643293,-4.1777983,-2.0274842,-1.2583514,-0.14881158,-6.197765,-0.8226932,-0.006573755,-0.007721379,0.022572307,0.021771923,0.0013350721,-0.021486504,-0.014967817,-0.003636732,0.009706065,0.007384966,0.0064966693,-0.009705514,-0.020642346,03-01-02-02-02-01-08.wav
1393,/Users/upendrasuryajonnalagadda/mindseye/Audio_Speech_Actors_01-24/Actor_08/03-01-03-01-02-02-08.wav,3,1,happy,3,1,2,2,8,female,03-01-03-01-02-02-08.wav,-628.22565,51.61706,-7.357043,14.238406,8.794811,-3.9522135,-2.728626,-9.708152,-0.5653005,-2.9481304,-1.814663,-1.7840902,-1.6240797,-0.0008854194,-0.0013827637,-0.0017539159,-0.002309684,-0.0029630533,-0.0036070396,-0.0041278866,-0.004418264,-0.0043907166,-0.003987895,-0.003191455,-0.0020238697,-0.0005484715,03-01-03-01-02-02-08.wav
1394,/Users/upendrasuryajonnalagadda/mindseye/Audio_Speech_Actors_01-24/Actor_08/03-01-03-02-01-02-08.wav,3,1,happy,3,2,1,2,8,female,03-01-03-02-01-02-08.wav,-549.22577,46.97469,-20.78857,15.634535,2.782105,-6.6534343,2.9284108,-5.4709077,-0.13389163,-2.1791587,-4.6479335,-2.529001,-1.9027332,0.0024581999,0.0035025692,0.003580827,0.0037102331,0.0038888073,0.004114162,0.0043832,0.0046922397,0.0050370935,0.0054132473,0.0058155344,0.0062387343,0.006677334,03-01-03-02-01-02-08.wav
1395,/Users/upendrasuryajonnalagadda/mindseye/Audio_Speech_Actors_01-24/Actor_08/03-01-01-01-02-01-08.wav,3,1,neutral,1,1,2,1,8,female,03-01-01-01-02-01-08.wav,-683.53705,63.510326,11.813029,20.220774,6.914349,2.296723,3.1121447,-9.120956,-0.9868927,-2.9859974,0.16973469,-3.3464372,0.8352184,0.015382056,0.022961413,0.02309578,0.016187973,0.0021966486,-0.011040308,-0.016012553,-0.014248742,-0.013441685,-0.016123291,-0.015745463,-0.0059102126,0.010698568,03-01-01-01-02-01-08.wav
1396,/Users/upendrasuryajonnalagadda/mindseye/Audio_Speech_Actors_01-24/Actor_08/03-01-02-01-02-02-08.wav,3,1,calm,2,1,2,2,8,female,03-01-02-01-02-02-08.wav,-722.2658,68.874245,14.269193,23.237642,11.4494095,5.668572,5.635005,-7.588264,-0.51073676,-1.6178938,1.1399053,-5.5263214,1.7526248,-0.08697672,-0.1266348,-0.046232626,-0.011252264,-0.012414653,0.014633318,0.022636948,0.03753358,0.021530634,0.01235157,0.023111446,0.0014324252,-0.00896767,03-01-02-01-02-02-08.wav
1397,/Users/upendrasuryajonnalagadda/mindseye/Audio_Speech_Actors_01-24/Actor_08/03-01-02-02-01-02-08.wav,3,1,calm,2,2,1,2,8,female,03-01-02-02-01-02-08.wav,-714.776,67.14337,13.9283285,20.664627,7.3676963,5.5779757,7.963109,-4.8271394,0.0012984424,-1.588924,0.011001682,-7.440936,-0.787254,0.019425102,0.00063383207,0.032538645,0.003824317,-0.020311285,-0.011216964,-0.0025248083,0.0069501414,0.026391782,0.038571045,0.054914385,0.043849353,0.020730902,03-01-02-02-01-02-08.wav
1398,/Users/upendrasuryajonnalagadda/mindseye/Audio_Speech_Actors_01-24/Actor_08/03-01-03-01-01-01-08.wav,3,1,happy,3,1,1,1,8,female,03-01-03-01-01-01-08.wav,-647.2015,62.15176,-6.9382267,18.696146,7.2755013,0.7033091,1.5012641,-7.2489758,2.031841,-2.1586397,0.32893524,-3.0824447,-0.5450756,-0.0008047748,0.03296227,0.072735764,0.048785303,0.0061373427,0.004497402,0.015573628,0.0023125908,-0.012384181,-0.010769446,-0.012348521,-0.017543148,-0.0062071946,03-01-03-01-01-01-08.wav
1399,/Users/upendrasuryajonnalagadda/mindseye/Audio_Speech_Actors_01-24/Actor_08/03-01-03-02-02-01-08.wav,3,1,happy,3,2,2,1,8,female,03-01-03-02-02-01-08.wav,-520.5138,42.83813,-21.192091,10.795836,3.5025375,-10.808697,-3.021565,-12.516263,-3.5439303,-4.8501873,-9.035115,-3.6025758,-4.5786543,0.005045328,0.030836059,0.051969506,0.04336516,0.043869175,0.044737507,0.035224065,0.034394126,0.02993046,0.016628494,0.011614788,0.0128725525,0.018068796,03-01-03-02-02-01-08.wav
1400,/Users/upendrasuryajonnalagadda/mindseye/Audio_Speech_Actors_01-24/Actor_08/03-01-08-01-01-02-08.wav,3,1,surprised,8,1,1,2,8,female,03-01-08-01-01-02-08.wav,-612.85724,50.717537,-0.40947592,9.130422,1.3443317,0.96475804,2.2163398,-12.782492,0.14626549,-1.8606315,-2.7878485,-6.2075953,-0.6543393,0.0060225697,0.00849347,0.008419246,0.008285738,0.008080389,0.007789007,0.0073983655,0.0068995664,0.0062906453,0.005578285,0.004779676,0.0039216485,0.0030400811,03-01-08-01-01-02-08.wav
1401,/Users/upendrasuryajonnalagadda/mindseye/Audio_Speech_Actors_01-24/Actor_08/03-01-08-02-02-02-08.wav,3,1,surprised,8,2,2,2,8,female,03-01-08-02-02-02-08.wav,-565.2974,41.74179,1.232112,3.988075,-0.35428312,-0.20929393,1.5510644,-15.275854,-4.7219973,-3.631249,-3.0696664,-7.3220463,-3.9997475,0.0020918245,0.003057537,0.0033506518,0.003830687,0.0044848165,0.005296216,0.0062438026,0.0073039345,0.008450103,0.009654747,0.010889664,0.01212674,0.0133389,03-01-08-02-02-02-08.wav
1402,/Users/upendrasuryajonnalagadda/mindseye/Audio_Speech_Actors_01-24/Actor_08/03-01-04-02-02-01-08.wav,3,1,sad,4,2,2,1,8,female,03-01-04-02-02-01-08.wav,-664.99304,59.323875,-1.17425,15.879746,9.956027,-0.6131135,1.1434776,-11.942701,-3.5732484,5.290235,-7.269204,-1.5600092,-0.020122312,0.01811036,0.029425519,0.034643043,0.033311687,0.02881966,0.028649287,0.0308505,0.028259253,0.021437688,0.016829275,0.015027964,0.011049042,0.004668458,03-01-04-02-02-01-08.wav
1403,/Users/upendrasuryajonnalagadda/mindseye/Audio_Speech_Actors_01-24/Actor_08/03-01-07-02-02-02-08.wav,3,1,disgust,7,2,2,2,8,female,03-01-07-02-02-02-08.wav,-628.3875,47.70223,11.173062,12.239256,4.3383555,-4.2949166,-4.679065,-6.9313293,-1.5081729,-0.5647511,-4.1501427,4.7143216,-3.8040574,-0.009184695,-0.011654586,-0.008013608,-0.003043192,0.0019570496,0.005750759,0.007520796,0.0070884386,0.004929777,0.0019911807,-0.0006311382,-0.0020441294,-0.0018289303,03-01-07-02-02-02-08.wav
1404,/Users/upendrasuryajonnalagadda/mindseye/Audio_Speech_Actors_01-24/Actor_08/03-01-07-01-01-02-08.wav,3,1,disgust,7,1,1,2,8,female,03-01-07-01-01-02-08.wav,-686.74255,75.62344,8.773573,16.017714,3.886865,4.0736566,-0.6236138,-7.881228,-3.1705368,1.5828336,-1.9406798,-2.2362413,-1.0605372,-0.0659195,-0.056692448,-0.0308098,-0.028834661,-0.010945422,-0.006562431,-0.0011605737,-0.0068365852,0.002890161,0.045618463,0.044372883,0.00033313222,-0.03897085,03-01-07-01-01-02-08.wav
1405,/Users/upendrasuryajonnalagadda/mindseye/Audio_Speech_Actors_01-24/Actor_08/03-01-04-01-01-01-08.wav,3,1,sad,4,1,1,1,8,female,03-01-04-01-01-01-08.wav,-724.1231,61.615753,16.32777,18.997255,14.1883745,6.534617,3.955596,-4.259204,-0.1389006,-1.0910386,0.87509775,-7.1221695,2.665906,-0.1590204,-0.12805665,-0.0031526377,0.01491968,0.010411127,0.023552313,0.027970586,0.021109728,0.0045735496,0.0071938485,0.030334944,0.020654783,-0.00828793,03-01-04-01-01-01-08.wav
1406,/Users/upendrasuryajonnalagadda/mindseye/Audio_Speech_Actors_01-24/Actor_08/03-01-06-02-01-01-08.wav,3,1,fearful,6,2,1,1,8,female,03-01-06-02-01-01-08.wav,-436.11075,21.274632,-19.265514,7.2966857,-4.880798,-7.4644704,0.24345735,-10.680866,-3.7917843,-0.51699775,-3.0960085,-1.9080232,-2.0956619,0.052019253,0.0723908,0.069042385,0.06401388,0.057986807,0.051670473,0.045649506,0.040284645,0.035690647,0.031787183,0.02839847,0.025358869,0.022590337,03-01-06-02-01-01-08.wav
1407,/Users/upendrasuryajonnalagadda/mindseye/Audio_Speech_Actors_01-24/Actor_08/03-01-05-02-01-02-08.wav,3,1,angry,5,2,1,2,8,female,03-01-05-02-01-02-08.wav,-378.92734,28.565544,-19.603758,5.2932644,-11.753315,-9.839315,5.232433,-6.434094,-5.0678616,-3.4087467,-3.957411,-3.4845777,-5.2584505,0.0014752347,0.0021422685,0.0023028045,0.0025449414,0.0028346009,0.003130743,0.0033913448,0.0035792917,0.0036674219,0.0036425092,0.0035068886,0.0032782687,0.0029870952,03-01-05-02-01-02-08.wav
1408,/Users/upendrasuryajonnalagadda/mindseye/Audio_Speech_Actors_01-24/Actor_08/03-01-05-01-02-02-08.wav,3,1,angry,5,1,2,2,8,female,03-01-05-01-02-02-08.wav,-587.09485,45.588444,8.846893,11.511248,-0.85139376,-2.6782138,6.7477264,-6.3693213,-5.092102,-3.7030845,-3.21491,-3.534084,-2.28528,0.08738312,0.085969456,0.0147427395,-0.020859087,-0.009649809,0.0028613696,-0.013014298,-0.034860674,-0.02916886,-0.0010945952,0.017231582,0.015602958,0.018205766,03-01-05-01-02-02-08.wav
1409,/Users/upendrasuryajonnalagadda/mindseye/Audio_Speech_Actors_01-24/Actor_08/03-01-06-01-02-01-08.wav,3,1,fearful,6,1,2,1,8,female,03-01-06-01-02-01-08.wav,-529.3427,54.106487,-17.317263,0.11464433,3.1434221,-5.4924145,-4.3548408,-21.533918,-3.6902716,1.0265121,-7.7923126,-6.5045753,-3.134654,0.29764262,0.25861785,-0.3210745,-0.08876672,0.050938014,-0.10770351,-0.10201095,-0.27905908,-0.07110837,-0.015206624,-0.109758295,-0.16415735,-0.06784135,03-01-06-01-02-01-08.wav
1410,/Users/upendrasuryajonnalagadda/mindseye/Audio_Speech_Actors_01-24/Actor_08/03-01-03-02-01-01-08.wav,3,1,happy,3,2,1,1,8,female,03-01-03-02-01-01-08.wav,-538.9624,49.61706,-21.386724,8.598837,2.7186365,-9.611737,-0.2121458,-11.348082,-1.3408452,-2.927066,-6.714442,-4.4597893,-1.9994802,0.8590606,0.34244236,-0.38238093,-0.06288664,-0.060829345,-0.07118733,-0.055855792,-0.27233306,-0.064827435,0.081882454,-0.14376262,-0.054201517,0.07376363,03-01-03-02-01-01-08.wav
1411,/Users/upendrasuryajonnalagadda/mindseye/Audio_Speech_Actors_01-24/Actor_08/03-01-03-01-02-01-08.wav,3,1,happy,3,1,2,1,8,female,03-01-03-01-02-01-08.wav,-657.29095,58.617462,0.9372658,18.93901,9.581891,-1.2384709,1.5025828,-7.4525104,0.8871638,-1.8683711,-1.391957,-2.4920309,-2.0525734,0.03208659,0.042211607,0.032960992,0.021777472,0.012990962,0.005944061,0.0014425532,0.0003046926,0.00042811077,0.0017343394,0.003101387,0.0028299396,0.0036499787,03-01-03-01-02-01-08.wav
1412,/Users/upendrasuryajonnalagadda/mindseye/Audio_Speech_Actors_01-24/Actor_08/03-01-02-02-02-02-08.wav,3,1,calm,2,2,2,2,8,female,03-01-02-02-02-02-08.wav,-713.5719,65.5684,14.442064,21.61549,7.0078216,6.212831,3.9634783,-6.2608414,1.3804011,-1.920162,-0.45357272,-7.94287,-0.9518474,0.02130648,-0.026635962,-0.040249687,-0.02905748,0.012907982,0.01337191,0.0073620575,0.021442646,0.03521054,0.008571299,0.009302587,0.015900228,0.018667761,03-01-02-02-02-02-08.wav
1413,/Users/upendrasuryajonnalagadda/mindseye/Audio_Speech_Actors_01-24/Actor_08/03-01-01-01-01-01-08.wav,3,1,neutral,1,1,1,1,8,female,03-01-01-01-01-01-08.wav,-688.7475,63.248642,8.932153,21.843252,7.3047523,2.143417,5.8973804,-9.04728,2.7432456,-1.7892537,2.2842977,-3.9707355,0.73977464,-0.007106756,-0.0075596687,-0.0011534533,0.0058446466,0.008897945,0.0054552443,-0.002744959,-0.011509561,-0.018162861,-0.02293367,-0.027030472,-0.030770648,-0.0334683,03-01-01-01-01-01-08.wav
1414,/Users/upendrasuryajonnalagadda/mindseye/Audio_Speech_Actors_01-24/Actor_08/03-01-02-01-01-02-08.wav,3,1,calm,2,1,1,2,8,female,03-01-02-01-01-02-08.wav,-720.9213,67.62825,14.390372,22.395422,7.5972342,6.7253027,3.42902,-5.21716,-0.78781784,-0.62235594,0.48415017,-6.620172,0.8439744,0.10444942,0.1288327,0.10230634,0.07951527,0.06661952,0.021316359,-0.03144049,-0.0720917,-0.056618262,-0.014510765,0.01835739,0.035741393,0.011838368,03-01-02-01-01-02-08.wav
1415,/Users/upendrasuryajonnalagadda/mindseye/Audio_Speech_Actors_01-24/Actor_08/03-01-08-02-01-02-08.wav,3,1,surprised,8,2,1,2,8,female,03-01-08-02-01-02-08.wav,-552.36725,49.291687,-4.5664263,6.259777,-1.4917266,-1.6722689,1.8266449,-15.208136,-2.1378624,-0.3670005,-3.8519378,-5.717832,-1.8953485,1.2785037,0.40089065,-0.25387913,-0.08105935,-0.052976526,0.030953359,-0.1502241,-0.22256842,-0.17929097,0.013138485,0.020775784,-0.023404693,0.0041653872,03-01-08-02-01-02-08.wav
1416,/Users/upendrasuryajonnalagadda/mindseye/Audio_Speech_Actors_01-24/Actor_08/03-01-08-01-02-02-08.wav,3,1,surprised,8,1,2,2,8,female,03-01-08-01-02-02-08.wav,-625.64185,51.851006,8.459842,11.891867,3.4923723,-0.49105248,3.9098077,-10.505785,-1.954372,-1.794172,-2.0190663,-5.9957337,-2.7320368,-0.02201235,-0.031071432,-0.030890547,-0.030576494,-0.030111725,-0.029474245,-0.028640164,-0.027586794,-0.026296342,-0.024759904,-0.02298026,-0.020975284,-0.01877933,03-01-08-01-02-02-08.wav
1417,/Users/upendrasuryajonnalagadda/mindseye/Audio_Speech_Actors_01-24/Actor_08/03-01-05-01-01-02-08.wav,3,1,angry,5,1,1,2,8,female,03-01-05-01-01-02-08.wav,-539.91254,46.299046,-0.2552052,12.372512,-6.6713953,-3.348407,7.26141,-4.7181077,-3.3497431,-4.3196115,-0.9478499,-2.2409623,-0.9229981,1.8211374,0.14305827,-0.20974885,0.047339838,-0.22737308,0.0029906493,0.09400484,0.008728883,-0.09365298,0.040278252,0.09353308,0.04623287,0.06472889,03-01-05-01-01-02-08.wav
1418,/Users/upendrasuryajonnalagadda/mindseye/Audio_Speech_Actors_01-24/Actor_08/03-01-06-01-01-01-08.wav,3,1,fearful,6,1,1,1,8,female,03-01-06-01-01-01-08.wav,-532.724,45.157578,-22.207266,6.548306,1.3575135,-8.294934,-1.9152793,-17.845953,-3.910339,-4.1628075,-7.9907823,-7.333286,-3.0371659,0.08779712,0.073164344,-0.03217194,-0.05395199,0.002472556,-0.014544198,-0.084678285,-0.10274778,-0.064018525,-0.04354694,-0.06740552,-0.0776886,-0.04333554,03-01-06-01-01-01-08.wav
1419,/Users/upendrasuryajonnalagadda/mindseye/Audio_Speech_Actors_01-24/Actor_08/03-01-06-02-02-01-08.wav,3,1,fearful,6,2,2,1,8,female,03-01-06-02-02-01-08.wav,-465.8665,24.876696,-16.959997,-2.0052416,-7.156404,-7.661454,-0.8298382,-13.5636,-8.59836,-1.9535643,-4.937593,-1.8185548,-0.45146224,0.008505816,0.013735051,0.016595965,0.017399725,0.016959658,0.018566154,0.022418274,0.024981756,0.024332475,0.022964353,0.023605758,0.024768932,0.023158798,03-01-06-02-02-01-08.wav
1420,/Users/upendrasuryajonnalagadda/mindseye/Audio_Speech_Actors_01-24/Actor_08/03-01-05-02-02-02-08.wav,3,1,angry,5,2,2,2,8,female,03-01-05-02-02-02-08.wav,-474.42636,34.59176,-7.443823,6.1437035,-8.397312,-8.857314,6.848206,-11.996029,-5.288773,-5.953012,-4.036293,-3.0560193,-2.6933255,-0.0019150266,-0.0026670322,-0.0025495603,-0.0023719156,-0.0021579887,-0.0019355823,-0.0017317268,-0.0015679621,-0.0014569227,-0.0013997023,-0.0013853061,-0.0013924647,-0.001392413,03-01-05-02-02-02-08.wav
1421,/Users/upendrasuryajonnalagadda/mindseye/Audio_Speech_Actors_01-24/Actor_08/03-01-07-01-02-02-08.wav,3,1,disgust,7,1,2,2,8,female,03-01-07-01-02-02-08.wav,-688.6667,55.18444,16.206078,13.996451,9.766482,1.7994399,2.8688517,-6.56754,-3.0976882,2.4578817,-0.48433998,2.278536,-1.4785757,-0.012524892,-0.017239675,-0.015509783,-0.012009724,-0.006790341,-0.0007056501,0.0051842253,0.010415342,0.01526635,0.02010435,0.024672674,0.028112587,0.029691512,03-01-07-01-02-02-08.wav
1422,/Users/upendrasuryajonnalagadda/mindseye/Audio_Speech_Actors_01-24/Actor_08/03-01-04-01-02-01-08.wav,3,1,sad,4,1,2,1,8,female,03-01-04-01-02-01-08.wav,-728.816,60.276264,16.257631,18.891876,11.993579,6.8478956,4.2477207,-8.179351,-1.8014897,1.1305109,0.4124462,-2.2331886,-0.14897564,0.045976516,0.05986959,0.059613537,0.057200618,0.043410096,0.024064373,0.0049253623,-0.0070867413,-0.016616128,-0.028011594,-0.034906946,-0.034401733,-0.026334824,03-01-04-01-02-01-08.wav
1423,/Users/upendrasuryajonnalagadda/mindseye/Audio_Speech_Actors_01-24/Actor_08/03-01-04-02-01-01-08.wav,3,1,sad,4,2,1,1,8,female,03-01-04-02-01-01-08.wav,-634.7532,61.119343,-8.01882,16.063856,10.380354,-4.2609963,-4.9648194,-17.897352,-1.9438623,3.0691907,-7.43021,-4.757815,-0.31620553,0.40850812,0.19314887,-0.27959248,-0.072914794,0.013117223,-0.053613532,-0.13604334,-0.23970361,-0.05703487,0.027329989,-0.112493254,-0.087016016,-0.009769463,03-01-04-02-01-01-08.wav
1424,/Users/upendrasuryajonnalagadda/mindseye/Audio_Speech_Actors_01-24/Actor_08/03-01-07-02-01-02-08.wav,3,1,disgust,7,2,1,2,8,female,03-01-07-02-01-02-08.wav,-646.5699,73.4607,4.792177,15.5126295,4.20093,-5.265331,-6.212434,-6.456671,-1.3430326,-2.1746762,-2.4798188,1.0448539,-2.9184477,0.1036669,0.19510752,0.1660439,0.07616069,0.065954685,-0.005340085,-0.082203746,-0.07459888,-0.06157572,-0.054551575,-0.063310005,-0.04553776,0.00385818,03-01-07-02-01-02-08.wav
1425,/Users/upendrasuryajonnalagadda/mindseye/Audio_Speech_Actors_01-24/Actor_08/03-01-08-02-02-01-08.wav,3,1,surprised,8,2,2,1,8,female,03-01-08-02-02-01-08.wav,-574.44965,44.27155,-2.4598055,1.9899764,-3.507821,-2.1248877,4.1538033,-12.103497,-3.7432556,-2.895473,-0.51866543,-4.9242563,-2.7819557,0.01478558,0.020817222,0.020539632,0.020081945,0.019450933,0.018656358,0.01771018,0.01662652,0.015421297,0.014111868,0.012716793,0.011255171,0.009746656,03-01-08-02-02-01-08.wav
1426,/Users/upendrasuryajonnalagadda/mindseye/Audio_Speech_Actors_01-24/Actor_08/03-01-08-01-01-01-08.wav,3,1,surprised,8,1,1,1,8,female,03-01-08-01-01-01-08.wav,-614.439,49.789852,1.6896662,10.976289,5.4921765,3.1345334,1.565676,-12.791474,0.9273574,2.0464518,-1.0531112,-4.54634,1.5782509,0.22951107,0.19980468,0.020812988,0.00022767783,0.04899018,0.021238005,-0.087805554,-0.15999457,-0.104816414,-0.015936112,-0.016294245,-0.05332477,-0.04438021,03-01-08-01-01-01-08.wav
1427,/Users/upendrasuryajonnalagadda/mindseye/Audio_Speech_Actors_01-24/Actor_08/03-01-06-01-02-02-08.wav,3,1,fearful,6,1,2,2,8,female,03-01-06-01-02-02-08.wav,-573.11676,45.579872,-7.8476753,5.7146673,4.9645796,-4.498846,3.530361,-15.04197,-3.7200432,-0.029788706,-8.739076,-2.871035,-3.3553505,0.0028619347,0.003771752,0.0030019868,0.0018935413,0.0006623478,-0.00046565698,-0.0013035348,-0.0017355193,-0.0017274341,-0.001314679,-0.00057726685,0.00038821742,0.0014881158,03-01-06-01-02-02-08.wav
1428,/Users/upendrasuryajonnalagadda/mindseye/Audio_Speech_Actors_01-24/Actor_08/03-01-05-01-02-01-08.wav,3,1,angry,5,1,2,1,8,female,03-01-05-01-02-01-08.wav,-600.3098,46.620052,8.670779,11.184936,-0.25506517,-0.07119043,7.7700768,-6.2322464,-3.7074118,-3.2773302,-1.4970169,-1.7484095,-0.7225975,0.42285195,0.34238413,-0.088488095,-0.22539313,-0.111668795,-0.04678624,-0.10655863,-0.1624639,-0.13225308,-0.058271844,-0.004492666,-0.0016840299,-0.03517136,03-01-05-01-02-01-08.wav
1429,/Users/upendrasuryajonnalagadda/mindseye/Audio_Speech_Actors_01-24/Actor_08/03-01-05-02-01-01-08.wav,3,1,angry,5,2,1,1,8,female,03-01-05-02-01-01-08.wav,-471.00104,46.070404,-14.330334,3.5532634,-12.781026,-7.592484,7.563658,-9.318291,-6.320538,-2.7234614,-1.6259358,-1.652699,-2.6557071,-0.08128037,-0.075129665,-0.0046857344,0.031198679,0.02547843,-0.00063467026,-0.019489288,-0.01952318,-0.019735724,-0.026898451,-0.02968862,-0.023415288,-0.0082312655,03-01-05-02-01-01-08.wav
1430,/Users/upendrasuryajonnalagadda/mindseye/Audio_Speech_Actors_01-24/Actor_08/03-01-06-02-01-02-08.wav,3,1,fearful,6,2,1,2,8,female,03-01-06-02-01-02-08.wav,-453.49353,22.487139,-22.800457,6.96649,-5.845938,-10.839303,0.9920982,-14.236735,-2.1949444,1.8442582,-4.294574,-2.9436204,-2.2168527,-0.009885347,-0.013445747,-0.012957601,-0.011902634,-0.010948091,-0.010024844,-0.008961486,-0.0085933395,-0.008096164,-0.008389862,-0.008371754,-0.008740376,-0.009184538,03-01-06-02-01-02-08.wav
1431,/Users/upendrasuryajonnalagadda/mindseye/Audio_Speech_Actors_01-24/Actor_08/03-01-04-01-01-02-08.wav,3,1,sad,4,1,1,2,8,female,03-01-04-01-01-02-08.wav,-732.97144,70.690636,12.370751,23.33701,8.536957,4.214551,5.381937,-4.337357,1.6690915,-2.723185,0.81383455,-2.6697466,1.8576578,0.039302986,0.042803414,-0.017561404,-0.051391866,-0.02572207,0.01578162,0.035341103,0.05182399,0.025612954,0.019089414,0.0029419167,-0.012117557,0.0041223573,03-01-04-01-01-02-08.wav
1432,/Users/upendrasuryajonnalagadda/mindseye/Audio_Speech_Actors_01-24/Actor_08/03-01-07-01-01-01-08.wav,3,1,disgust,7,1,1,1,8,female,03-01-07-01-01-01-08.wav,-678.87915,63.43524,12.022701,16.18584,6.9171805,4.9027853,4.0748096,-5.598109,-0.9252303,2.6199732,1.2893741,-2.528783,0.4918537,0.38895023,0.23675261,-0.07357857,-0.048748918,0.060835868,0.11699767,-0.081981145,-0.11790574,0.06507166,0.104035825,0.0724504,-0.045196906,-0.05851843,03-01-07-01-01-01-08.wav
1433,/Users/upendrasuryajonnalagadda/mindseye/Audio_Speech_Actors_01-24/Actor_08/03-01-07-02-02-01-08.wav,3,1,disgust,7,2,2,1,8,female,03-01-07-02-02-01-08.wav,-656.734,54.82424,13.394762,14.272485,6.5328007,-1.7580161,-2.6833086,-8.367075,-2.693293,-3.3946953,-5.4851656,3.7687485,-3.7640805,0.017190684,0.022729151,0.020319873,0.015320582,0.009723598,0.002908363,-0.0040023993,-0.010641038,-0.016745644,-0.02136086,-0.025036136,-0.026331902,-0.026734026,03-01-07-02-02-01-08.wav
1434,/Users/upendrasuryajonnalagadda/mindseye/Audio_Speech_Actors_01-24/Actor_08/03-01-04-02-02-02-08.wav,3,1,sad,4,2,2,2,8,female,03-01-04-02-02-02-08.wav,-634.454,67.64768,-2.2503848,16.505367,9.835844,0.68545264,-3.0895743,-21.957302,-6.570021,7.766305,-7.6364913,-4.9931,0.3519136,1.0623376,0.26155168,-0.35302484,0.16126816,0.017899126,-0.008614468,-0.035640083,-0.12230165,-0.050839532,0.07167735,-0.00010364056,-0.031091567,0.078523755,03-01-04-02-02-02-08.wav
1435,/Users/upendrasuryajonnalagadda/mindseye/Audio_Speech_Actors_01-24/Actor_08/03-01-03-02-02-02-08.wav,3,1,happy,3,2,2,2,8,female,03-01-03-02-02-02-08.wav,-542.6259,49.68073,-22.962772,9.118456,1.5387205,-11.664795,-3.7595575,-13.144971,-4.376732,-2.8395298,-9.663784,-5.5426097,-5.6598406,-0.05592418,0.04483068,0.0466121,0.0006099028,-0.003407021,-0.022520358,0.011785928,-0.015936548,-0.011325489,-0.04111023,-0.008760317,-0.007985048,-0.02995832,03-01-03-02-02-02-08.wav
1436,/Users/upendrasuryajonnalagadda/mindseye/Audio_Speech_Actors_01-24/Actor_08/03-01-03-01-01-02-08.wav,3,1,happy,3,1,1,2,8,female,03-01-03-01-01-02-08.wav,-639.61835,55.00042,-7.707785,21.592333,6.0045304,-2.4040432,1.7003609,-5.8812757,0.6941272,-0.6263422,0.05440465,-3.2494833,-0.27127084,0.031813655,0.007860529,-0.03938954,-0.027600966,-0.0045666792,-0.023975052,-0.046286207,-0.039189614,-0.0398398,-0.057229515,-0.04740551,-0.012875167,-0.003133492,03-01-03-01-01-02-08.wav
1437,/Users/upendrasuryajonnalagadda/mindseye/Audio_Speech_Actors_01-24/Actor_08/03-01-02-02-01-01-08.wav,3,1,calm,2,2,1,1,8,female,03-01-02-02-01-01-08.wav,-711.2978,67.526596,12.455448,23.878843,8.070922,4.472209,7.3044677,-3.9895647,-1.406344,-1.4670542,1.6986392,-6.839279,0.8785357,0.08938443,0.051954184,0.045602106,0.050940882,0.045496654,0.04991914,0.05355091,0.060003657,0.04613413,0.03939164,0.027016355,0.021774609,0.028721293,03-01-02-02-01-01-08.wav
1438,/Users/upendrasuryajonnalagadda/mindseye/Audio_Speech_Actors_01-24/Actor_08/03-01-02-01-02-01-08.wav,3,1,calm,2,1,2,1,8,female,03-01-02-01-02-01-08.wav,-708.5634,66.587616,21.861511,21.603151,9.848387,7.626519,5.3627205,-7.0741673,0.47613534,0.0046841432,0.54790974,-4.396474,2.170654,0.031144205,-0.025236612,-0.06472524,-0.004162887,0.07102752,0.04544782,-0.0458993,-0.06495765,-0.03608261,-0.047879767,-0.048681553,-0.034753647,-0.033868715,03-01-02-01-02-01-08.wav
1439,/Users/upendrasuryajonnalagadda/mindseye/Audio_Speech_Actors_01-24/Actor_08/03-01-01-01-02-02-08.wav,3,1,neutral,1,1,2,2,8,female,03-01-01-01-02-02-08.wav,-674.523,64.75183,9.010929,20.544434,5.876039,3.8808322,3.67931,-7.319492,-1.1293484,-0.3363309,2.1020334,-2.088136,1.999523,-0.09584238,-0.12352066,-0.09414151,-0.06228394,-0.04015643,-0.030180521,-0.026791453,-0.023582282,-0.018200148,-0.011687753,-0.005430158,0.00018272652,0.0052748863,03-01-01-01-02-02-08.wav
